n_rl_m,chi_rl_rad,s_ref_rl_m,theta_ref_rl_rad,mu_ref_rl_rad,phi_ref_rl_rad,dtheta_ref_rl_radpm,dmu_ref_rl_radpm,dphi_ref_rl_radpm
-0.026252,0.000098,0,0.108637,-0.000445,-0.018637,0.00005,0.000006,0.000019
-0.026153,0.000101,0.999855,0.108687,-0.000439,-0.018618,0.00005,0.000006,0.000019
-0.02605,0.000104,1.99971,0.108737,-0.000434,-0.018598,0.000051,0.000006,0.00002
-0.025945,0.000107,2.999565,0.108789,-0.000428,-0.018578,0.000052,0.000006,0.00002
-0.025837,0.00011,3.99942,0.108841,-0.000422,-0.018557,0.000053,0.000006,0.000021
-0.025726,0.000112,4.999274,0.108895,-0.000416,-0.018536,0.000054,0.000006,0.000021
-0.025612,0.000115,5.999129,0.108948,-0.00041,-0.018514,0.000054,0.000006,0.000022
-0.025497,0.000117,6.998984,0.109003,-0.000405,-0.018492,0.000055,0.000006,0.000022
-0.025378,0.000119,7.998839,0.109059,-0.000399,-0.01847,0.000056,0.000006,0.000023
-0.025258,0.000121,8.998694,0.109115,-0.000393,-0.018447,0.000057,0.000006,0.000023
-0.025136,0.000123,9.998549,0.109172,-0.000388,-0.018423,0.000057,0.000006,0.000024
-0.025012,0.000125,10.998404,0.10923,-0.000382,-0.018399,0.000058,0.000006,0.000024
-0.024886,0.000127,11.998259,0.109289,-0.000377,-0.018375,0.000059,0.000005,0.000024
-0.024758,0.000129,12.998114,0.109348,-0.000371,-0.018351,0.00006,0.000005,0.000025
-0.024628,0.00013,13.997968,0.109408,-0.000366,-0.018326,0.00006,0.000005,0.000025
-0.024497,0.000132,14.997823,0.109469,-0.000361,-0.0183,0.000061,0.000005,0.000025
-0.024364,0.000134,15.997678,0.10953,-0.000356,-0.018275,0.000062,0.000005,0.000026
-0.02423,0.000135,16.997533,0.109592,-0.000351,-0.018249,0.000062,0.000005,0.000026
-0.024094,0.000137,17.997388,0.109655,-0.000346,-0.018223,0.000063,0.000005,0.000026
-0.023957,0.000138,18.997243,0.109718,-0.000341,-0.018196,0.000064,0.000005,0.000027
-0.023818,0.00014,19.997098,0.109782,-0.000337,-0.018169,0.000064,0.000004,0.000027
-0.023677,0.000142,20.996953,0.109847,-0.000333,-0.018142,0.000065,0.000004,0.000027
-0.023535,0.000143,21.996808,0.109912,-0.000329,-0.018115,0.000066,0.000004,0.000027
-0.023391,0.000145,22.996662,0.109978,-0.000325,-0.018088,0.000066,0.000004,0.000027
-0.023245,0.000147,23.996517,0.110044,-0.000321,-0.018061,0.000067,0.000004,0.000027
-0.023098,0.000148,24.996372,0.110111,-0.000317,-0.018033,0.000067,0.000003,0.000028
-0.022948,0.00015,25.996227,0.110179,-0.000314,-0.018006,0.000068,0.000003,0.000028
-0.022798,0.000152,26.996082,0.110247,-0.000311,-0.017978,0.000069,0.000003,0.000028
-0.022645,0.000154,27.995937,0.110316,-0.000308,-0.01795,0.000069,0.000003,0.000028
-0.022491,0.000155,28.995792,0.110386,-0.000305,-0.017923,0.00007,0.000003,0.000028
-0.022334,0.000157,29.995647,0.110456,-0.000302,-0.017895,0.00007,0.000003,0.000028
-0.022176,0.000159,30.995502,0.110526,-0.0003,-0.017867,0.000071,0.000002,0.000028
-0.022016,0.000161,31.995356,0.110598,-0.000298,-0.01784,0.000072,0.000002,0.000028
-0.021855,0.000163,32.995211,0.11067,-0.000296,-0.017812,0.000072,0.000002,0.000027
-0.021691,0.000165,33.995066,0.110742,-0.000294,-0.017785,0.000073,0.000002,0.000027
-0.021526,0.000166,34.994921,0.110815,-0.000292,-0.017758,0.000073,0.000002,0.000027
-0.021358,0.000168,35.994776,0.110889,-0.000291,-0.01773,0.000074,0.000001,0.000027
-0.021189,0.00017,36.994631,0.110963,-0.000289,-0.017704,0.000075,0.000001,0.000027
-0.021018,0.000172,37.994486,0.111038,-0.000288,-0.017677,0.000075,0.000001,0.000027
-0.020845,0.000174,38.994341,0.111113,-0.000287,-0.01765,0.000076,0.000001,0.000026
-0.02067,0.000176,39.994196,0.111189,-0.000286,-0.017624,0.000076,0.000001,0.000026
-0.020493,0.000178,40.99405,0.111266,-0.000286,-0.017598,0.000077,0.000001,0.000026
-0.020314,0.00018,41.993905,0.111343,-0.000285,-0.017572,0.000077,0,0.000026
-0.020134,0.000181,42.99376,0.111421,-0.000285,-0.017547,0.000078,0,0.000025
-0.019952,0.000183,43.993615,0.111499,-0.000285,-0.017521,0.000079,0,0.000025
-0.019768,0.000185,44.99347,0.111578,-0.000285,-0.017497,0.000079,0,0.000025
-0.019582,0.000187,45.993325,0.111658,-0.000285,-0.017472,0.00008,0,0.000024
-0.019394,0.000189,46.99318,0.111738,-0.000285,-0.017448,0.00008,0,0.000024
-0.019204,0.00019,47.993035,0.111818,-0.000285,-0.017424,0.000081,0,0.000024
-0.019013,0.000192,48.99289,0.1119,-0.000285,-0.017401,0.000081,0,0.000023
-0.01882,0.000194,49.992744,0.111981,-0.000286,-0.017377,0.000082,-0.000001,0.000023
-0.018625,0.000196,50.992599,0.112064,-0.000286,-0.017355,0.000083,-0.000001,0.000023
-0.018429,0.000197,51.992454,0.112146,-0.000287,-0.017332,0.000083,-0.000001,0.000022
-0.01823,0.000199,52.992309,0.11223,-0.000288,-0.01731,0.000084,-0.000001,0.000022
-0.01803,0.000201,53.992164,0.112314,-0.000289,-0.017289,0.000084,-0.000001,0.000021
-0.017829,0.000202,54.992019,0.112398,-0.000289,-0.017268,0.000085,-0.000001,0.000021
-0.017625,0.000204,55.991874,0.112483,-0.00029,-0.017247,0.000085,-0.000001,0.000021
-0.017421,0.000206,56.991729,0.112568,-0.000291,-0.017227,0.000086,-0.000001,0.00002
-0.017214,0.000207,57.991584,0.112654,-0.000292,-0.017207,0.000086,-0.000001,0.00002
-0.017006,0.000209,58.991438,0.112741,-0.000293,-0.017187,0.000087,-0.000001,0.000019
-0.016797,0.00021,59.991293,0.112828,-0.000294,-0.017168,0.000087,-0.000001,0.000019
-0.016585,0.000212,60.991148,0.112915,-0.000295,-0.017149,0.000088,-0.000001,0.000018
-0.016373,0.000213,61.991003,0.113003,-0.000296,-0.017131,0.000088,-0.000001,0.000018
-0.016159,0.000215,62.990858,0.113092,-0.000297,-0.017113,0.000089,-0.000001,0.000018
-0.015944,0.000216,63.990713,0.113181,-0.000299,-0.017096,0.000089,-0.000001,0.000017
-0.015728,0.000217,64.990568,0.11327,-0.0003,-0.017079,0.00009,-0.000001,0.000017
-0.01551,0.000218,65.990423,0.11336,-0.000301,-0.017062,0.00009,-0.000001,0.000016
-0.015291,0.000219,66.990278,0.113451,-0.000302,-0.017046,0.000091,-0.000001,0.000016
-0.015071,0.000221,67.990132,0.113542,-0.000303,-0.01703,0.000091,-0.000001,0.000016
-0.01485,0.000222,68.989987,0.113633,-0.000304,-0.017014,0.000092,-0.000001,0.000015
-0.014628,0.000222,69.989842,0.113725,-0.000305,-0.016999,0.000092,-0.000001,0.000015
-0.014405,0.000223,70.989697,0.113817,-0.000306,-0.016984,0.000093,-0.000001,0.000015
-0.014181,0.000224,71.989552,0.11391,-0.000308,-0.01697,0.000093,-0.000001,0.000014
-0.013957,0.000225,72.989407,0.114003,-0.000309,-0.016956,0.000093,-0.000001,0.000014
-0.013732,0.000226,73.989262,0.114097,-0.00031,-0.016942,0.000094,-0.000001,0.000013
-0.013506,0.000226,74.989117,0.114191,-0.000311,-0.016929,0.000094,-0.000001,0.000013
-0.013279,0.000227,75.988972,0.114285,-0.000312,-0.016916,0.000095,-0.000001,0.000013
-0.013052,0.000228,76.988826,0.11438,-0.000314,-0.016904,0.000095,-0.000001,0.000012
-0.012824,0.000228,77.988681,0.114475,-0.000315,-0.016891,0.000095,-0.000001,0.000012
-0.012596,0.000229,78.988536,0.11457,-0.000316,-0.016879,0.000096,-0.000001,0.000012
-0.012367,0.000229,79.988391,0.114666,-0.000318,-0.016868,0.000096,-0.000001,0.000011
-0.012138,0.000229,80.988246,0.114762,-0.000319,-0.016857,0.000096,-0.000002,0.000011
-0.011908,0.00023,81.988101,0.114859,-0.000321,-0.016846,0.000097,-0.000002,0.000011
-0.011679,0.00023,82.987956,0.114956,-0.000323,-0.016835,0.000097,-0.000002,0.00001
-0.011449,0.00023,83.987811,0.115053,-0.000324,-0.016825,0.000097,-0.000002,0.00001
-0.011219,0.00023,84.987666,0.11515,-0.000326,-0.016815,0.000098,-0.000002,0.00001
-0.010988,0.00023,85.98752,0.115248,-0.000328,-0.016805,0.000098,-0.000002,0.000009
-0.010758,0.00023,86.987375,0.115346,-0.000331,-0.016796,0.000098,-0.000002,0.000009
-0.010528,0.00023,87.98723,0.115444,-0.000333,-0.016787,0.000098,-0.000003,0.000009
-0.010297,0.00023,88.987085,0.115543,-0.000336,-0.016779,0.000099,-0.000003,0.000008
-0.010067,0.00023,89.98694,0.115641,-0.000339,-0.01677,0.000099,-0.000003,0.000008
-0.009838,0.00023,90.986795,0.11574,-0.000342,-0.016762,0.000099,-0.000003,0.000008
-0.009608,0.000229,91.98665,0.11584,-0.000346,-0.016755,0.000099,-0.000004,0.000007
-0.009379,0.000229,92.986505,0.115939,-0.00035,-0.016747,0.0001,-0.000004,0.000007
-0.00915,0.000228,93.98636,0.116039,-0.000354,-0.01674,0.0001,-0.000005,0.000007
-0.008922,0.000228,94.986214,0.116139,-0.000359,-0.016734,0.0001,-0.000005,0.000006
-0.008695,0.000227,95.986069,0.116239,-0.000364,-0.016727,0.0001,-0.000005,0.000006
-0.008468,0.000226,96.985924,0.116339,-0.000369,-0.016721,0.0001,-0.000005,0.000006
-0.008242,0.000226,97.985779,0.116439,-0.000375,-0.016716,0.0001,-0.000006,0.000006
-0.008017,0.000225,98.985634,0.11654,-0.000381,-0.01671,0.000101,-0.000006,0.000005
-0.007793,0.000224,99.985489,0.116641,-0.000386,-0.016705,0.000101,-0.000006,0.000005
-0.00757,0.000222,100.985344,0.116741,-0.000392,-0.016701,0.000101,-0.000006,0.000005
-0.007348,0.000221,101.985199,0.116842,-0.000398,-0.016696,0.000101,-0.000006,0.000004
-0.007128,0.00022,102.985054,0.116943,-0.000404,-0.016693,0.000101,-0.000006,0.000004
-0.006908,0.000219,103.984908,0.117044,-0.00041,-0.016689,0.000101,-0.000006,0.000003
-0.006691,0.000217,104.984763,0.117145,-0.000416,-0.016686,0.000101,-0.000006,0.000003
-0.006474,0.000215,105.984618,0.117246,-0.000423,-0.016683,0.000101,-0.000007,0.000002
-0.00626,0.000214,106.984473,0.117348,-0.00043,-0.016681,0.000101,-0.000007,0.000002
-0.006047,0.000212,107.984328,0.117449,-0.000438,-0.016679,0.000101,-0.000009,0.000001
-0.005836,0.00021,108.984183,0.11755,-0.000448,-0.016678,0.000101,-0.00001,0.000001
-0.005627,0.000208,109.984038,0.117651,-0.000459,-0.016678,0.000101,-0.000013,0
-0.00542,0.000206,110.983893,0.117752,-0.000473,-0.016679,0.000101,-0.000015,-0.000001
-0.005215,0.000204,111.983748,0.117853,-0.00049,-0.01668,0.000101,-0.000019,-0.000002
-0.005011,0.000202,112.983602,0.117954,-0.000511,-0.016683,0.000101,-0.000023,-0.000003
-0.00481,0.0002,113.983457,0.118055,-0.000536,-0.016687,0.000101,-0.000027,-0.000004
-0.004611,0.000198,114.983312,0.118155,-0.000565,-0.016692,0.000101,-0.000031,-0.000006
-0.004415,0.000196,115.983167,0.118256,-0.000599,-0.016698,0.0001,-0.000036,-0.000007
-0.00422,0.000194,116.983022,0.118356,-0.000636,-0.016706,0.0001,-0.000039,-0.000008
-0.004027,0.000191,117.982877,0.118456,-0.000676,-0.016715,0.0001,-0.000041,-0.00001
-0.003837,0.000189,118.982732,0.118556,-0.000718,-0.016725,0.0001,-0.000042,-0.000011
-0.003649,0.000187,119.982587,0.118655,-0.000759,-0.016737,0.0001,-0.000041,-0.000012
-0.003463,0.000185,120.982442,0.118755,-0.000798,-0.016749,0.000099,-0.000037,-0.000013
-0.00328,0.000182,121.982297,0.118854,-0.000832,-0.016763,0.000099,-0.000031,-0.000014
-0.0031,0.000179,122.982151,0.118953,-0.00086,-0.016777,0.000099,-0.000023,-0.000014
-0.002922,0.000176,123.982006,0.119051,-0.000879,-0.016791,0.000099,-0.000014,-0.000014
-0.002747,0.000173,124.981861,0.11915,-0.000889,-0.016805,0.000098,-0.000005,-0.000014
-0.002576,0.00017,125.981716,0.119248,-0.00089,-0.016819,0.000098,0.000003,-0.000013
-0.002408,0.000166,126.981571,0.119346,-0.000884,-0.016831,0.000098,0.000008,-0.000012
-0.002243,0.000163,127.981426,0.119443,-0.000875,-0.016843,0.000098,0.000011,-0.000011
-0.002082,0.000159,128.981281,0.119541,-0.000864,-0.016853,0.000097,0.00001,-0.00001
-0.001926,0.000155,129.981136,0.119638,-0.000857,-0.016862,0.000097,0.000006,-0.000008
-0.001772,0.000151,130.980991,0.119736,-0.000855,-0.01687,0.000097,-0.000002,-0.000007
-0.001623,0.000147,131.980845,0.119833,-0.000862,-0.016877,0.000097,-0.000012,-0.000006
-0.001478,0.000144,132.9807,0.11993,-0.00088,-0.016883,0.000097,-0.000024,-0.000006
-0.001336,0.00014,133.980555,0.120027,-0.00091,-0.016889,0.000097,-0.000036,-0.000006
-0.001198,0.000136,134.98041,0.120124,-0.000951,-0.016895,0.000097,-0.000046,-0.000006
-0.001063,0.000133,135.980265,0.12022,-0.001001,-0.016902,0.000097,-0.000055,-0.000007
-0.000932,0.000129,136.98012,0.120317,-0.001059,-0.016909,0.000097,-0.000061,-0.000008
-0.000804,0.000126,137.979975,0.120414,-0.001122,-0.016917,0.000097,-0.000065,-0.000009
-0.00068,0.000122,138.97983,0.120511,-0.001188,-0.016927,0.000097,-0.000067,-0.00001
-0.00056,0.000119,139.979685,0.120607,-0.001256,-0.016937,0.000097,-0.000067,-0.000011
-0.000443,0.000115,140.979539,0.120704,-0.001322,-0.016949,0.000096,-0.000066,-0.000012
-0.00033,0.000111,141.979394,0.1208,-0.001388,-0.016962,0.000096,-0.000065,-0.000014
-0.00022,0.000108,142.979249,0.120896,-0.001452,-0.016976,0.000096,-0.000063,-0.000015
-0.000114,0.000104,143.979104,0.120992,-0.001515,-0.016992,0.000096,-0.000062,-0.000016
-0.000012,0.0001,144.978959,0.121088,-0.001576,-0.017008,0.000096,-0.00006,-0.000017
0.000086,0.000096,145.978814,0.121184,-0.001635,-0.017025,0.000096,-0.00006,-0.000018
0.000181,0.000093,146.978669,0.121279,-0.001695,-0.017044,0.000095,-0.000059,-0.000019
0.000272,0.000089,147.978524,0.121375,-0.001754,-0.017063,0.000095,-0.000059,-0.000019
0.000359,0.000085,148.978379,0.121469,-0.001813,-0.017082,0.000095,-0.000059,-0.00002
0.000442,0.000082,149.978233,0.121564,-0.001873,-0.017102,0.000094,-0.00006,-0.00002
0.000522,0.000078,150.978088,0.121658,-0.001932,-0.017123,0.000094,-0.00006,-0.000021
0.000598,0.000074,151.977943,0.121752,-0.001992,-0.017144,0.000094,-0.00006,-0.000021
0.000671,0.000071,152.977798,0.121846,-0.002053,-0.017165,0.000093,-0.000061,-0.000021
0.00074,0.000067,153.977653,0.121939,-0.002114,-0.017186,0.000093,-0.000061,-0.000021
0.000805,0.000063,154.977508,0.122031,-0.002176,-0.017208,0.000092,-0.000062,-0.000022
0.000865,0.000059,155.977363,0.122123,-0.002238,-0.01723,0.000092,-0.000063,-0.000022
0.000922,0.000054,156.977218,0.122215,-0.002302,-0.017251,0.000092,-0.000065,-0.000022
0.000974,0.00005,157.977073,0.122307,-0.002368,-0.017273,0.000091,-0.000066,-0.000022
0.001021,0.000045,158.976927,0.122398,-0.002435,-0.017295,0.000091,-0.000068,-0.000022
0.001063,0.00004,159.976782,0.122489,-0.002504,-0.017317,0.000091,-0.00007,-0.000022
0.001102,0.000036,160.976637,0.122579,-0.002575,-0.017339,0.00009,-0.000072,-0.000022
0.001136,0.000032,161.976492,0.12267,-0.002648,-0.017362,0.00009,-0.000074,-0.000023
0.001165,0.000028,162.976347,0.12276,-0.002724,-0.017384,0.00009,-0.000077,-0.000023
0.001192,0.000024,163.976202,0.12285,-0.002802,-0.017407,0.00009,-0.000079,-0.000023
0.001214,0.000021,164.976057,0.12294,-0.002882,-0.017431,0.00009,-0.000081,-0.000023
0.001233,0.000017,165.975912,0.123031,-0.002965,-0.017454,0.00009,-0.000083,-0.000024
0.001249,0.000014,166.975767,0.123121,-0.003049,-0.017478,0.000091,-0.000085,-0.000024
0.001261,0.000011,167.975621,0.123212,-0.003134,-0.017502,0.000091,-0.000085,-0.000024
0.001271,0.000008,168.975476,0.123304,-0.003219,-0.017526,0.000092,-0.000085,-0.000024
0.001277,0.000005,169.975331,0.123396,-0.003303,-0.01755,0.000092,-0.000083,-0.000024
0.001281,0.000003,170.975186,0.123489,-0.003385,-0.017573,0.000093,-0.00008,-0.000024
0.001282,0,171.975041,0.123582,-0.003462,-0.017597,0.000094,-0.000074,-0.000023
0.001281,-0.000003,172.974896,0.123677,-0.003533,-0.01762,0.000095,-0.000067,-0.000023
0.001277,-0.000005,173.974751,0.123773,-0.003596,-0.017642,0.000097,-0.000059,-0.000022
0.001271,-0.000008,174.974606,0.123871,-0.003651,-0.017663,0.000099,-0.000051,-0.000021
0.001261,-0.000011,175.974461,0.12397,-0.003699,-0.017683,0.0001,-0.000044,-0.000019
0.00125,-0.000013,176.974315,0.124072,-0.00374,-0.017701,0.000103,-0.000038,-0.000017
0.001235,-0.000016,177.97417,0.124176,-0.003776,-0.017718,0.000105,-0.000035,-0.000016
0.001217,-0.000019,178.974025,0.124282,-0.003811,-0.017733,0.000108,-0.000034,-0.000014
0.001197,-0.000022,179.97388,0.124391,-0.003845,-0.017746,0.000111,-0.000036,-0.000012
0.001173,-0.000024,180.973735,0.124504,-0.003883,-0.017757,0.000114,-0.00004,-0.00001
0.001148,-0.000027,181.97359,0.124621,-0.003926,-0.017766,0.000118,-0.000046,-0.000009
0.00112,-0.000029,182.973445,0.124741,-0.003974,-0.017774,0.000123,-0.000052,-0.000007
0.00109,-0.000031,183.9733,0.124866,-0.00403,-0.017781,0.000128,-0.000059,-0.000006
0.001057,-0.000033,184.973155,0.124996,-0.004091,-0.017787,0.000133,-0.000064,-0.000005
0.001023,-0.000035,185.973009,0.125132,-0.004157,-0.017792,0.000139,-0.000068,-0.000005
0.000986,-0.000037,186.972864,0.125274,-0.004226,-0.017797,0.000145,-0.00007,-0.000004
0.000948,-0.000039,187.972719,0.125422,-0.004295,-0.017801,0.000152,-0.00007,-0.000004
0.000907,-0.000041,188.972574,0.125578,-0.004364,-0.017805,0.00016,-0.000068,-0.000004
0.000865,-0.000043,189.972429,0.125742,-0.004431,-0.017808,0.000168,-0.000065,-0.000003
0.000821,-0.000045,190.972284,0.125915,-0.004494,-0.017812,0.000177,-0.000062,-0.000003
0.000774,-0.000047,191.972139,0.126097,-0.004554,-0.017815,0.000187,-0.000057,-0.000003
0.000726,-0.000049,192.971994,0.12629,-0.004609,-0.017818,0.000198,-0.000053,-0.000003
0.000676,-0.000051,193.971849,0.126495,-0.00466,-0.01782,0.00021,-0.000049,-0.000002
0.000625,-0.000052,194.971703,0.126712,-0.004706,-0.017822,0.000224,-0.000044,-0.000002
0.000572,-0.000054,195.971558,0.126942,-0.004749,-0.017824,0.000238,-0.000041,-0.000001
0.000518,-0.000055,196.971413,0.127188,-0.004788,-0.017824,0.000253,-0.000037,-0.000001
0.000463,-0.000055,197.971268,0.12745,-0.004823,-0.017825,0.000271,-0.000034,0
0.000408,-0.000055,198.971123,0.12773,-0.004856,-0.017824,0.000289,-0.000032,0.000001
0.000352,-0.000055,199.970978,0.128029,-0.004886,-0.017823,0.00031,-0.000029,0.000002
0.000298,-0.000054,200.970833,0.12835,-0.004915,-0.017821,0.000332,-0.000027,0.000002
0.000244,-0.000053,201.970688,0.128694,-0.004941,-0.017818,0.000356,-0.000026,0.000003
0.000192,-0.000051,202.970543,0.129063,-0.004966,-0.017814,0.000383,-0.000024,0.000004
0.000143,-0.000048,203.970397,0.12946,-0.004989,-0.01781,0.000412,-0.000022,0.000005
0.000096,-0.000045,204.970252,0.129888,-0.005011,-0.017804,0.000444,-0.000021,0.000006
0.000052,-0.000042,205.970107,0.130349,-0.005031,-0.017797,0.000478,-0.000019,0.000007
0.000012,-0.000039,206.969962,0.130846,-0.005049,-0.01779,0.000516,-0.000018,0.000008
-0.000025,-0.000035,207.969817,0.131383,-0.005066,-0.017781,0.000558,-0.000016,0.000009
-0.000058,-0.000031,208.969672,0.131963,-0.005081,-0.017772,0.000603,-0.000014,0.00001
-0.000087,-0.000028,209.969527,0.132591,-0.005094,-0.017762,0.000652,-0.000012,0.000011
-0.000113,-0.000024,210.969382,0.13327,-0.005106,-0.017751,0.000706,-0.00001,0.000012
-0.000136,-0.000022,211.969237,0.134005,-0.005115,-0.017739,0.000765,-0.000008,0.000012
-0.000157,-0.00002,212.969091,0.134802,-0.005123,-0.017726,0.000829,-0.000006,0.000013
-0.000176,-0.000019,213.968946,0.135665,-0.005128,-0.017712,0.000898,-0.000004,0.000014
-0.000195,-0.000018,214.968801,0.1366,-0.005131,-0.017698,0.000973,-0.000002,0.000015
-0.000213,-0.000019,215.968656,0.137613,-0.005132,-0.017683,0.001054,0,0.000015
-0.000233,-0.000021,216.968511,0.138711,-0.005131,-0.017668,0.001142,0.000002,0.000016
-0.000256,-0.000024,217.968366,0.139901,-0.005128,-0.017652,0.001237,0.000004,0.000017
-0.000281,-0.000027,218.968221,0.141188,-0.005123,-0.017635,0.001339,0.000007,0.000017
-0.00031,-0.000031,219.968076,0.142582,-0.005115,-0.017617,0.001449,0.000009,0.000018
-0.000343,-0.000034,220.967931,0.144089,-0.005105,-0.017599,0.001566,0.000011,0.000018
-0.000379,-0.000038,221.967785,0.145718,-0.005092,-0.017581,0.001692,0.000014,0.000019
-0.000419,-0.000041,222.96764,0.147478,-0.005077,-0.017562,0.001827,0.000016,0.000019
-0.000461,-0.000043,223.967495,0.149376,-0.005059,-0.017543,0.00197,0.000019,0.000019
-0.000506,-0.000046,224.96735,0.151422,-0.005039,-0.017523,0.002123,0.000022,0.00002
-0.000552,-0.000047,225.967205,0.153626,-0.005016,-0.017503,0.002285,0.000025,0.00002
-0.0006,-0.000048,226.96706,0.155996,-0.00499,-0.017483,0.002456,0.000027,0.00002
-0.000649,-0.000049,227.966915,0.158542,-0.004961,-0.017463,0.002638,0.000031,0.000021
-0.000698,-0.00005,228.96677,0.161275,-0.004929,-0.017442,0.002829,0.000034,0.000021
-0.000748,-0.00005,229.966625,0.164204,-0.004893,-0.017421,0.003031,0.000037,0.000021
-0.000799,-0.000051,230.966479,0.167341,-0.004854,-0.0174,0.003243,0.000041,0.000021
-0.00085,-0.000052,231.966334,0.170694,-0.004811,-0.017379,0.003465,0.000045,0.000021
-0.000902,-0.000053,232.966189,0.174276,-0.004765,-0.017358,0.003699,0.000048,0.000021
-0.000956,-0.000055,233.966044,0.178096,-0.004715,-0.017336,0.003942,0.000052,0.000022
-0.001012,-0.000057,234.965899,0.182165,-0.00466,-0.017314,0.004197,0.000056,0.000022
-0.001071,-0.000061,235.965754,0.186494,-0.004603,-0.017292,0.004463,0.00006,0.000022
-0.001134,-0.000066,236.965609,0.191094,-0.004541,-0.01727,0.004739,0.000063,0.000022
-0.001203,-0.000072,237.965464,0.195977,-0.004476,-0.017247,0.005026,0.000067,0.000023
-0.00128,-0.00008,238.965319,0.201151,-0.004407,-0.017224,0.005324,0.00007,0.000023
-0.001365,-0.000091,239.965173,0.206628,-0.004336,-0.0172,0.005632,0.000073,0.000024
-0.001461,-0.000103,240.965028,0.212419,-0.004262,-0.017176,0.005951,0.000075,0.000025
-0.001572,-0.000118,241.964883,0.218533,-0.004185,-0.01715,0.006279,0.000078,0.000026
-0.001698,-0.000135,242.964738,0.224979,-0.004107,-0.017123,0.006617,0.00008,0.000028
-0.001842,-0.000154,243.964593,0.231769,-0.004026,-0.017095,0.006964,0.000081,0.000029
-0.002005,-0.000174,244.964448,0.238909,-0.003944,-0.017064,0.007319,0.000083,0.000031
-0.00219,-0.000195,245.964303,0.246408,-0.00386,-0.017032,0.007682,0.000085,0.000033
-0.002395,-0.000217,246.964158,0.254275,-0.003774,-0.016998,0.008053,0.000087,0.000035
-0.002624,-0.00024,247.964013,0.262515,-0.003686,-0.016962,0.008429,0.00009,0.000037
-0.002875,-0.000263,248.963867,0.271134,-0.003594,-0.016924,0.008811,0.000093,0.000039
-0.00315,-0.000286,249.963722,0.280137,-0.0035,-0.016884,0.009198,0.000097,0.000041
-0.003447,-0.000309,250.963577,0.289528,-0.003401,-0.016842,0.009587,0.000101,0.000043
-0.003767,-0.000331,251.963432,0.29931,-0.003297,-0.016799,0.009979,0.000107,0.000044
-0.004108,-0.000351,252.963287,0.309484,-0.003187,-0.016754,0.010371,0.000113,0.000045
-0.004467,-0.000368,253.963142,0.320049,-0.003071,-0.016709,0.010763,0.000119,0.000046
-0.004843,-0.000383,254.962997,0.331005,-0.002949,-0.016663,0.011153,0.000125,0.000046
-0.005232,-0.000394,255.962852,0.34235,-0.002821,-0.016618,0.011539,0.000131,0.000045
-0.00563,-0.000401,256.962707,0.354078,-0.002687,-0.016573,0.01192,0.000137,0.000044
-0.006032,-0.000403,257.962561,0.366184,-0.002549,-0.01653,0.012296,0.000141,0.000042
-0.006433,-0.000398,258.962416,0.378661,-0.002407,-0.016489,0.012663,0.000143,0.00004
-0.006827,-0.000388,259.962271,0.391501,-0.002264,-0.01645,0.013021,0.000143,0.000036
-0.007206,-0.00037,260.962126,0.404694,-0.002122,-0.016416,0.013369,0.00014,0.000032
-0.007565,-0.000345,261.961981,0.418229,-0.001986,-0.016387,0.013704,0.000134,0.000026
-0.007894,-0.000313,262.961836,0.432092,-0.001856,-0.016364,0.014027,0.000125,0.00002
-0.008187,-0.000272,263.961691,0.446271,-0.001738,-0.016348,0.014335,0.000112,0.000012
-0.008435,-0.000223,264.961546,0.46075,-0.001634,-0.016341,0.014627,0.000096,0.000003
-0.008631,-0.000167,265.961401,0.475513,-0.001547,-0.016344,0.014904,0.000077,-0.000008
-0.008768,-0.000105,266.961255,0.490545,-0.001481,-0.016357,0.015164,0.000055,-0.000019
-0.008838,-0.000036,267.96111,0.505827,-0.001437,-0.016383,0.015405,0.000031,-0.000032
-0.008838,0.000038,268.960965,0.521342,-0.001419,-0.016421,0.015629,0.000005,-0.000045
-0.008762,0.000114,269.96082,0.537072,-0.001428,-0.016472,0.015835,-0.000023,-0.000058
-0.008609,0.000192,270.960675,0.552998,-0.001466,-0.016536,0.016022,-0.000052,-0.000071
-0.008377,0.00027,271.96053,0.569101,-0.001532,-0.016613,0.016191,-0.00008,-0.000083
-0.008071,0.000343,272.960385,0.585365,-0.001626,-0.016701,0.016341,-0.000108,-0.000094
-0.007693,0.000411,273.96024,0.60177,-0.001746,-0.0168,0.016475,-0.000134,-0.000104
-0.007251,0.000471,274.960095,0.618301,-0.001891,-0.016908,0.016591,-0.000156,-0.000112
-0.006755,0.000519,275.959949,0.63494,-0.002058,-0.017023,0.016692,-0.000176,-0.000118
-0.006217,0.000554,276.959804,0.651672,-0.002241,-0.017143,0.016777,-0.000192,-0.000122
-0.005652,0.000574,277.959659,0.668482,-0.002439,-0.017267,0.016849,-0.000204,-0.000125
-0.005075,0.000578,278.959514,0.685358,-0.002647,-0.017393,0.016908,-0.000213,-0.000126
-0.004502,0.000566,279.959369,0.702287,-0.002863,-0.017518,0.016955,-0.000219,-0.000126
-0.003949,0.00054,280.959224,0.719258,-0.003084,-0.017643,0.016992,-0.000223,-0.000124
-0.003426,0.000503,281.959079,0.736262,-0.00331,-0.017766,0.01702,-0.000227,-0.000122
-0.002945,0.000459,282.958934,0.75329,-0.003539,-0.017886,0.017041,-0.000231,-0.000119
-0.002509,0.000413,283.958789,0.770335,-0.003772,-0.018003,0.017055,-0.000235,-0.000115
-0.002119,0.000368,284.958643,0.787392,-0.004009,-0.018117,0.017063,-0.00024,-0.000111
-0.00177,0.00033,285.958498,0.804455,-0.004252,-0.018226,0.017068,-0.000246,-0.000107
-0.001456,0.000301,286.958353,0.821521,-0.004501,-0.01833,0.017069,-0.000252,-0.000102
-0.001165,0.000282,287.958208,0.838588,-0.004757,-0.01843,0.017069,-0.000258,-0.000098
-0.000887,0.000276,288.958063,0.855653,-0.005017,-0.018525,0.017067,-0.000263,-0.000093
-0.000611,0.000279,289.957918,0.872717,-0.005282,-0.018615,0.017065,-0.000266,-0.000088
-0.000326,0.000292,290.957773,0.889778,-0.005548,-0.018701,0.017063,-0.000267,-0.000083
-0.000025,0.00031,291.957628,0.906838,-0.005814,-0.018781,0.017062,-0.000265,-0.000078
0.000295,0.000331,292.957483,0.923897,-0.006077,-0.018856,0.017061,-0.00026,-0.000072
0.000636,0.000351,293.957337,0.940956,-0.006333,-0.018925,0.017062,-0.000253,-0.000067
0.000996,0.000368,294.957192,0.958018,-0.006582,-0.018989,0.017065,-0.000245,-0.00006
0.00137,0.000379,295.957047,0.975082,-0.006822,-0.019046,0.017069,-0.000236,-0.000054
0.001751,0.000382,296.956902,0.992153,-0.007054,-0.019096,0.017076,-0.000228,-0.000047
0.002131,0.000376,297.956757,1.00923,-0.007278,-0.019139,0.017083,-0.000221,-0.000039
0.0025,0.000362,298.956612,1.026315,-0.007498,-0.019174,0.017093,-0.000217,-0.000031
0.002851,0.000339,299.956467,1.04341,-0.007714,-0.019201,0.017103,-0.000216,-0.000023
0.003175,0.000309,300.956322,1.060516,-0.007931,-0.01922,0.017114,-0.000218,-0.000014
0.003466,0.000273,301.956177,1.077634,-0.008152,-0.019229,0.017125,-0.000223,-0.000005
0.003719,0.000233,302.956031,1.094762,-0.008379,-0.019229,0.017136,-0.000231,0.000005
0.003931,0.00019,303.955886,1.111901,-0.008614,-0.01922,0.017146,-0.00024,0.000014
0.0041,0.000148,304.955741,1.129049,-0.00886,-0.019201,0.017155,-0.000252,0.000023
0.004228,0.000109,305.955596,1.146204,-0.009118,-0.019173,0.01716,-0.000264,0.000032
0.004319,0.000073,306.955451,1.163363,-0.009388,-0.019137,0.017163,-0.000276,0.00004
0.004377,0.000044,307.955306,1.180522,-0.00967,-0.019094,0.01716,-0.000288,0.000046
0.00441,0.000024,308.955161,1.197676,-0.009963,-0.019046,0.017152,-0.000297,0.000051
0.004427,0.000012,309.955016,1.214819,-0.010263,-0.018993,0.017138,-0.000303,0.000054
0.004436,0.000008,310.954871,1.231943,-0.010566,-0.018939,0.017115,-0.000304,0.000054
0.004446,0.000012,311.954725,1.24904,-0.010867,-0.018885,0.017084,-0.000297,0.000053
0.004463,0.000023,312.95458,1.266101,-0.011157,-0.018835,0.017043,-0.000284,0.000049
0.004493,0.000039,313.954435,1.283116,-0.01143,-0.018789,0.016991,-0.000262,0.000043
0.004541,0.000058,314.95429,1.300073,-0.011677,-0.01875,0.016927,-0.000233,0.000035
0.00461,0.000081,315.954145,1.316958,-0.011893,-0.01872,0.01685,-0.000198,0.000025
0.004703,0.000105,316.954,1.33376,-0.012071,-0.018702,0.016758,-0.000159,0.000012
0.004822,0.000132,317.953855,1.350462,-0.012209,-0.018698,0.016651,-0.000117,-0.000004
0.004967,0.00016,318.95371,1.367049,-0.012306,-0.01871,0.016528,-0.000077,-0.000021
0.005141,0.000189,319.953565,1.383505,-0.012363,-0.018741,0.016388,-0.000037,-0.00004
0.005344,0.000218,320.953419,1.399812,-0.012382,-0.018791,0.016231,-0.000001,-0.00006
0.005576,0.000246,321.953274,1.415954,-0.012367,-0.018862,0.016056,0.000032,-0.000081
0.005836,0.000273,322.953129,1.431911,-0.01232,-0.018953,0.015863,0.000062,-0.000101
0.006121,0.000297,323.952984,1.447667,-0.012245,-0.019065,0.015652,0.000088,-0.000121
0.006428,0.000317,324.952839,1.463202,-0.012144,-0.019195,0.015423,0.000112,-0.000139
0.006753,0.000332,325.952694,1.478499,-0.012021,-0.019342,0.015175,0.000134,-0.000155
0.00709,0.000341,326.952549,1.493539,-0.011878,-0.019504,0.01491,0.000153,-0.000169
0.007433,0.000344,327.952404,1.508306,-0.011717,-0.019679,0.014628,0.000169,-0.000181
0.007776,0.000341,328.952259,1.522783,-0.011541,-0.019864,0.01433,0.000183,-0.00019
0.008112,0.00033,329.952113,1.536954,-0.011353,-0.020057,0.014015,0.000194,-0.000196
0.008434,0.000313,330.951968,1.550802,-0.011155,-0.020255,0.013686,0.000201,-0.0002
0.008736,0.00029,331.951823,1.564315,-0.010952,-0.020455,0.013343,0.000206,-0.000201
0.009012,0.000261,332.951678,1.577479,-0.010745,-0.020656,0.012988,0.000207,-0.000201
0.009256,0.000226,333.951533,1.590282,-0.010539,-0.020855,0.012622,0.000205,-0.000198
0.009463,0.000187,334.951388,1.602714,-0.010336,-0.021051,0.012245,0.000201,-0.000194
0.009629,0.000145,335.951243,1.614764,-0.010137,-0.021242,0.01186,0.000196,-0.000188
0.009751,0.000099,336.951098,1.626426,-0.009945,-0.021427,0.011467,0.000188,-0.000181
0.009827,0.000052,337.950953,1.637693,-0.009761,-0.021605,0.011069,0.00018,-0.000174
0.009855,0.000004,338.950807,1.648559,-0.009585,-0.021774,0.010667,0.000172,-0.000165
0.009834,-0.000045,339.950662,1.659022,-0.009417,-0.021934,0.010261,0.000164,-0.000156
0.009765,-0.000094,340.950517,1.669077,-0.009257,-0.022086,0.009854,0.000157,-0.000147
0.009647,-0.000141,341.950372,1.678726,-0.009103,-0.022228,0.009446,0.00015,-0.000138
0.009483,-0.000187,342.950227,1.687968,-0.008956,-0.022361,0.00904,0.000144,-0.000129
0.009274,-0.00023,343.950082,1.696804,-0.008814,-0.022485,0.008636,0.000139,-0.000121
0.009023,-0.000271,344.949937,1.705239,-0.008678,-0.022602,0.008235,0.000134,-0.000113
0.008733,-0.000308,345.949792,1.713275,-0.008546,-0.022712,0.00784,0.000129,-0.000106
0.008408,-0.000342,346.949647,1.720919,-0.008419,-0.022815,0.00745,0.000125,-0.0001
0.008051,-0.000371,347.949502,1.728175,-0.008297,-0.022913,0.007066,0.00012,-0.000095
0.007667,-0.000397,348.949356,1.735052,-0.00818,-0.023005,0.00669,0.000114,-0.00009
0.007259,-0.000418,349.949211,1.741558,-0.008069,-0.023092,0.006323,0.000108,-0.000085
0.006833,-0.000435,350.949066,1.7477,-0.007963,-0.023175,0.005964,0.000102,-0.000081
0.006391,-0.000448,351.948921,1.75349,-0.007864,-0.023255,0.005616,0.000096,-0.000078
0.005939,-0.000457,352.948776,1.758935,-0.007772,-0.023331,0.005278,0.000089,-0.000075
0.005479,-0.000462,353.948631,1.764049,-0.007687,-0.023404,0.00495,0.000082,-0.000072
0.005015,-0.000465,354.948486,1.76884,-0.007609,-0.023475,0.004634,0.000075,-0.000069
0.00455,-0.000465,355.948341,1.773322,-0.007538,-0.023542,0.00433,0.000068,-0.000067
0.004085,-0.000465,356.948196,1.777505,-0.007474,-0.023608,0.004037,0.00006,-0.000064
0.003621,-0.000463,357.94805,1.781401,-0.007417,-0.023671,0.003757,0.000053,-0.000062
0.003161,-0.000458,358.947905,1.785024,-0.007367,-0.023732,0.003489,0.000047,-0.00006
0.002705,-0.000453,359.94776,1.788385,-0.007323,-0.023791,0.003234,0.00004,-0.000058
0.002256,-0.000446,360.947615,1.791497,-0.007286,-0.023847,0.002991,0.000034,-0.000056
0.001814,-0.000439,361.94747,1.794372,-0.007256,-0.023902,0.00276,0.000028,-0.000054
0.001378,-0.000432,362.947325,1.797022,-0.007231,-0.023955,0.002541,0.000022,-0.000052
0.000949,-0.000426,363.94718,1.799459,-0.007212,-0.024006,0.002335,0.000016,-0.00005
0.000526,-0.000421,364.947035,1.801696,-0.007199,-0.024054,0.00214,0.00001,-0.000048
0.000107,-0.000416,365.94689,1.803744,-0.007192,-0.024101,0.001957,0.000005,-0.000046
-0.000306,-0.000411,366.946744,1.805615,-0.007189,-0.024146,0.001785,0,-0.000044
-0.000715,-0.000407,367.946599,1.807318,-0.007192,-0.024189,0.001623,-0.000005,-0.000042
-0.00112,-0.000402,368.946454,1.808865,-0.007199,-0.024231,0.001472,-0.00001,-0.00004
-0.001518,-0.000396,369.946309,1.810266,-0.007212,-0.02427,0.001331,-0.000015,-0.000038
-0.00191,-0.000388,370.946164,1.811531,-0.007229,-0.024307,0.001198,-0.00002,-0.000037
-0.002295,-0.00038,371.946019,1.812667,-0.007251,-0.024343,0.001075,-0.000024,-0.000035
-0.002669,-0.000369,372.945874,1.813684,-0.007278,-0.024377,0.00096,-0.000029,-0.000033
-0.003031,-0.000355,373.945729,1.81459,-0.007309,-0.024409,0.000852,-0.000034,-0.000031
-0.003378,-0.000339,374.945584,1.815391,-0.007345,-0.024439,0.000751,-0.000039,-0.000029
-0.003708,-0.00032,375.945438,1.816094,-0.007387,-0.024467,0.000656,-0.000044,-0.000027
-0.004016,-0.000296,376.945293,1.816706,-0.007433,-0.024494,0.000567,-0.000048,-0.000026
-0.0043,-0.000271,377.945148,1.817231,-0.007483,-0.024518,0.000484,-0.000053,-0.000024
-0.004557,-0.000244,378.945003,1.817675,-0.007539,-0.024541,0.000405,-0.000058,-0.000022
-0.004788,-0.000217,379.944858,1.818043,-0.0076,-0.024563,0.000331,-0.000064,-0.00002
-0.004992,-0.000192,380.944713,1.818339,-0.007666,-0.024582,0.00026,-0.000069,-0.000019
-0.005173,-0.000169,381.944568,1.818566,-0.007738,-0.0246,0.000194,-0.000074,-0.000017
-0.005331,-0.000148,382.944423,1.818727,-0.007814,-0.024616,0.00013,-0.000079,-0.000015
-0.005469,-0.000129,383.944278,1.818827,-0.007897,-0.02463,0.00007,-0.000085,-0.000013
-0.00559,-0.000114,384.944132,1.818868,-0.007985,-0.024643,0.000012,-0.000091,-0.000012
-0.005697,-0.0001,385.943987,1.818852,-0.008078,-0.024654,-0.000043,-0.000096,-0.00001
-0.005791,-0.000089,386.943842,1.818783,-0.008177,-0.024663,-0.000095,-0.000102,-0.000008
-0.005876,-0.00008,387.943697,1.818663,-0.008282,-0.024671,-0.000145,-0.000108,-0.000007
-0.005953,-0.000073,388.943552,1.818494,-0.008393,-0.024677,-0.000193,-0.000114,-0.000005
-0.006023,-0.000068,389.943407,1.818278,-0.00851,-0.024681,-0.000238,-0.00012,-0.000004
-0.006088,-0.000063,390.943262,1.818018,-0.008633,-0.024684,-0.000281,-0.000126,-0.000002
-0.006149,-0.000059,391.943117,1.817716,-0.008761,-0.024685,-0.000322,-0.000132,-0.000001
-0.006207,-0.000056,392.942972,1.817375,-0.008896,-0.024685,-0.000361,-0.000138,0.000001
-0.006262,-0.000053,393.942826,1.816996,-0.009037,-0.024683,-0.000397,-0.000144,0.000003
-0.006314,-0.000051,394.942681,1.816582,-0.009184,-0.02468,-0.000431,-0.00015,0.000004
-0.006364,-0.000048,395.942536,1.816135,-0.009338,-0.024675,-0.000463,-0.000156,0.000006
-0.00641,-0.000045,396.942391,1.815657,-0.009497,-0.024669,-0.000492,-0.000162,0.000007
-0.006454,-0.000042,397.942246,1.815152,-0.009662,-0.024661,-0.00052,-0.000168,0.000009
-0.006494,-0.000039,398.942101,1.81462,-0.009833,-0.024652,-0.000544,-0.000174,0.00001
-0.006531,-0.000035,399.941956,1.814064,-0.01001,-0.024641,-0.000567,-0.00018,0.000011
-0.006564,-0.00003,400.941811,1.813487,-0.010193,-0.024629,-0.000587,-0.000186,0.000013
-0.006592,-0.000026,401.941666,1.812891,-0.010382,-0.024615,-0.000605,-0.000192,0.000014
-0.006615,-0.000021,402.94152,1.812277,-0.010577,-0.0246,-0.000621,-0.000198,0.000016
-0.006632,-0.000015,403.941375,1.811649,-0.010778,-0.024584,-0.000635,-0.000204,0.000017
-0.006645,-0.000009,404.94123,1.811009,-0.010985,-0.024567,-0.000646,-0.00021,0.000018
-0.006651,-0.000003,405.941085,1.810358,-0.011198,-0.024548,-0.000655,-0.000216,0.000019
-0.006651,0.000003,406.94094,1.8097,-0.011416,-0.024528,-0.000662,-0.000221,0.000021
-0.006644,0.00001,407.940795,1.809036,-0.01164,-0.024507,-0.000667,-0.000227,0.000022
-0.00663,0.000017,408.94065,1.808368,-0.01187,-0.024485,-0.000669,-0.000233,0.000023
-0.006609,0.000024,409.940505,1.807698,-0.012105,-0.024461,-0.00067,-0.000238,0.000024
-0.006581,0.000032,410.94036,1.807029,-0.012346,-0.024437,-0.000668,-0.000243,0.000025
-0.006546,0.000039,411.940214,1.806364,-0.012592,-0.024412,-0.000664,-0.000248,0.000026
-0.006503,0.000047,412.940069,1.805703,-0.012842,-0.024385,-0.000658,-0.000253,0.000027
-0.006452,0.000054,413.939924,1.80505,-0.013098,-0.024358,-0.000649,-0.000257,0.000028
-0.006395,0.000061,414.939779,1.804405,-0.013357,-0.02433,-0.000639,-0.000261,0.000029
-0.00633,0.000068,415.939634,1.803773,-0.01362,-0.024301,-0.000626,-0.000265,0.000029
-0.006258,0.000075,416.939489,1.803154,-0.013887,-0.024271,-0.000612,-0.000269,0.00003
-0.00618,0.000081,417.939344,1.802551,-0.014158,-0.024241,-0.000595,-0.000273,0.000031
-0.006095,0.000087,418.939199,1.801966,-0.014432,-0.024209,-0.000576,-0.000276,0.000032
-0.006006,0.000092,419.939054,1.801401,-0.01471,-0.024178,-0.000555,-0.00028,0.000032
-0.005912,0.000096,420.938908,1.800858,-0.014992,-0.024145,-0.000531,-0.000283,0.000033
-0.005814,0.000099,421.938763,1.800339,-0.015276,-0.024112,-0.000506,-0.000286,0.000033
-0.005714,0.000101,422.938618,1.799847,-0.015564,-0.024079,-0.000478,-0.000289,0.000034
-0.005612,0.000102,423.938473,1.799384,-0.015855,-0.024045,-0.000449,-0.000292,0.000034
-0.00551,0.000102,424.938328,1.798951,-0.016148,-0.02401,-0.000417,-0.000295,0.000034
-0.005409,0.0001,425.938183,1.79855,-0.016444,-0.023976,-0.000384,-0.000298,0.000035
-0.00531,0.000098,426.938038,1.798184,-0.016743,-0.023941,-0.000349,-0.0003,0.000035
-0.005213,0.000095,427.937893,1.797854,-0.017044,-0.023906,-0.000312,-0.000302,0.000035
-0.00512,0.000091,428.937748,1.797561,-0.017347,-0.023871,-0.000273,-0.000304,0.000035
-0.005031,0.000087,429.937602,1.797308,-0.017652,-0.023835,-0.000233,-0.000306,0.000035
-0.004946,0.000083,430.937457,1.797095,-0.017959,-0.0238,-0.000192,-0.000307,0.000035
-0.004864,0.000081,431.937312,1.796924,-0.018267,-0.023764,-0.00015,-0.000309,0.000035
-0.004784,0.00008,432.937167,1.796796,-0.018576,-0.023729,-0.000106,-0.00031,0.000035
-0.004704,0.000082,433.937022,1.796713,-0.018886,-0.023694,-0.000061,-0.00031,0.000035
-0.00462,0.000087,434.936877,1.796674,-0.019196,-0.023659,-0.000016,-0.000311,0.000035
-0.004529,0.000097,435.936732,1.796681,-0.019507,-0.023624,0.00003,-0.000311,0.000035
-0.004424,0.000112,436.936587,1.796735,-0.019819,-0.023589,0.000077,-0.000311,0.000035
-0.004302,0.000133,437.936442,1.796836,-0.02013,-0.023554,0.000125,-0.000312,0.000035
-0.004158,0.000158,438.936296,1.796984,-0.020442,-0.02352,0.000173,-0.000312,0.000034
-0.003986,0.000187,439.936151,1.797181,-0.020753,-0.023486,0.000222,-0.000312,0.000034
-0.003783,0.000218,440.936006,1.797428,-0.021065,-0.023452,0.000271,-0.000312,0.000034
-0.003548,0.000251,441.935861,1.797724,-0.021377,-0.023418,0.000322,-0.000312,0.000033
-0.00328,0.000284,442.935716,1.798072,-0.021689,-0.023385,0.000374,-0.000312,0.000033
-0.00298,0.000316,443.935571,1.798473,-0.022001,-0.023353,0.000428,-0.000312,0.000032
-0.00265,0.000344,444.935426,1.798929,-0.022313,-0.02332,0.000483,-0.000312,0.000032
-0.002293,0.000368,445.935281,1.79944,-0.022624,-0.023289,0.000541,-0.000312,0.000031
-0.001915,0.000386,446.935136,1.800012,-0.022935,-0.023258,0.000601,-0.000311,0.00003
-0.001523,0.000398,447.93499,1.800645,-0.023246,-0.023228,0.000665,-0.00031,0.00003
-0.001121,0.000403,448.934845,1.801343,-0.023555,-0.023199,0.000732,-0.000309,0.000029
-0.000719,0.0004,449.9347,1.802111,-0.023864,-0.023171,0.000804,-0.000307,0.000028
-0.000323,0.00039,450.934555,1.802953,-0.02417,-0.023143,0.00088,-0.000306,0.000027
0.000059,0.000374,451.93441,1.803873,-0.024475,-0.023117,0.00096,-0.000304,0.000025
0.000423,0.000352,452.934265,1.804876,-0.024777,-0.023093,0.001046,-0.000302,0.000024
0.000762,0.000326,453.93412,1.805968,-0.025078,-0.023069,0.001138,-0.000299,0.000023
0.001075,0.000299,454.933975,1.807154,-0.025375,-0.023047,0.001235,-0.000296,0.000021
0.001359,0.000271,455.93383,1.808441,-0.02567,-0.023027,0.001339,-0.000293,0.000019
0.001617,0.000246,456.933684,1.809835,-0.025961,-0.023008,0.001448,-0.00029,0.000018
0.001852,0.000224,457.933539,1.811341,-0.026248,-0.022992,0.001564,-0.000286,0.000016
0.002066,0.000207,458.933394,1.812965,-0.026532,-0.022977,0.001686,-0.000282,0.000014
0.002267,0.000195,459.933249,1.814714,-0.026812,-0.022964,0.001813,-0.000278,0.000012
0.002459,0.00019,460.933104,1.816594,-0.027087,-0.022954,0.001946,-0.000273,0.000009
0.002649,0.000191,461.932959,1.818609,-0.027358,-0.022946,0.002085,-0.000269,0.000007
0.002843,0.000197,462.932814,1.820766,-0.027624,-0.02294,0.002229,-0.000264,0.000005
0.003044,0.000207,463.932669,1.823068,-0.027886,-0.022936,0.002377,-0.000259,0.000002
0.003257,0.00022,464.932524,1.825522,-0.028142,-0.022936,0.002531,-0.000253,-0.000001
0.003484,0.000233,465.932378,1.828131,-0.028392,-0.022938,0.002688,-0.000248,-0.000003
0.003723,0.000245,466.932233,1.830899,-0.028637,-0.022942,0.002849,-0.000242,-0.000006
0.003972,0.000254,467.932088,1.83383,-0.028876,-0.02295,0.003014,-0.000236,-0.000009
0.00423,0.000261,468.931943,1.836928,-0.02911,-0.02296,0.003182,-0.00023,-0.000011
0.004493,0.000264,469.931798,1.840194,-0.029337,-0.022973,0.003353,-0.000224,-0.000014
0.004757,0.000265,470.931653,1.843633,-0.029557,-0.022988,0.003526,-0.000217,-0.000017
0.005021,0.000262,471.931508,1.847246,-0.029771,-0.023007,0.003701,-0.000211,-0.00002
0.005281,0.000257,472.931363,1.851034,-0.029978,-0.023027,0.003878,-0.000204,-0.000022
0.005534,0.000249,473.931218,1.855001,-0.030178,-0.023051,0.004056,-0.000196,-0.000025
0.005778,0.000238,474.931072,1.859146,-0.030371,-0.023077,0.004235,-0.000189,-0.000027
0.006009,0.000225,475.930927,1.863471,-0.030556,-0.023105,0.004416,-0.000181,-0.000029
0.006226,0.000209,476.930782,1.867976,-0.030733,-0.023134,0.004596,-0.000173,-0.000031
0.006427,0.000191,477.930637,1.872661,-0.030902,-0.023166,0.004776,-0.000165,-0.000032
0.006608,0.000172,478.930492,1.877527,-0.031063,-0.023199,0.004956,-0.000158,-0.000034
0.00677,0.000151,479.930347,1.882573,-0.031217,-0.023233,0.005136,-0.00015,-0.000034
0.006909,0.000128,480.930202,1.887796,-0.031363,-0.023268,0.005314,-0.000143,-0.000035
0.007026,0.000105,481.930057,1.893197,-0.031503,-0.023302,0.00549,-0.000137,-0.000035
0.007118,0.00008,482.929912,1.898774,-0.031637,-0.023337,0.005664,-0.000131,-0.000034
0.007186,0.000055,483.929766,1.904523,-0.031766,-0.02337,0.005836,-0.000126,-0.000032
0.007228,0.000029,484.929621,1.910442,-0.03189,-0.023401,0.006004,-0.000123,-0.00003
0.007244,0.000004,485.929476,1.916528,-0.032013,-0.02343,0.006169,-0.000121,-0.000027
0.007235,-0.000022,486.929331,1.922777,-0.032133,-0.023455,0.00633,-0.000121,-0.000023
0.007201,-0.000046,487.929186,1.929184,-0.032254,-0.023476,0.006487,-0.000121,-0.000018
0.007143,-0.000069,488.929041,1.935746,-0.032377,-0.023491,0.006638,-0.000123,-0.000012
0.007063,-0.00009,489.928896,1.942457,-0.032501,-0.0235,0.006784,-0.000126,-0.000006
0.006963,-0.000109,490.928751,1.94931,-0.032629,-0.023502,0.006925,-0.00013,0.000002
0.006846,-0.000125,491.928606,1.956301,-0.03276,-0.023496,0.007059,-0.000133,0.000011
0.006714,-0.000138,492.92846,1.963422,-0.032895,-0.02348,0.007186,-0.000137,0.00002
0.006571,-0.000148,493.928315,1.970667,-0.033033,-0.023456,0.007306,-0.000139,0.00003
0.00642,-0.000153,494.92817,1.978029,-0.033173,-0.023421,0.00742,-0.000141,0.00004
0.006266,-0.000155,495.928025,1.985501,-0.033315,-0.023376,0.007526,-0.000142,0.00005
0.006111,-0.000153,496.92788,1.993075,-0.033457,-0.023321,0.007624,-0.000142,0.00006
0.00596,-0.000149,497.927735,2.000743,-0.033599,-0.023257,0.007715,-0.000142,0.000069
0.005815,-0.000141,498.92759,2.008499,-0.033741,-0.023183,0.007798,-0.000142,0.000078
0.005679,-0.000131,499.927445,2.016334,-0.033882,-0.023101,0.007875,-0.000141,0.000086
0.005554,-0.00012,500.9273,2.024242,-0.034024,-0.023011,0.007943,-0.000142,0.000094
0.00544,-0.000109,501.927154,2.032215,-0.034166,-0.022914,0.008005,-0.000143,0.0001
0.005336,-0.000099,502.927009,2.040247,-0.03431,-0.022811,0.00806,-0.000146,0.000106
0.005241,-0.000091,503.926864,2.048331,-0.034459,-0.022703,0.008109,-0.000151,0.000111
0.005153,-0.000087,504.926719,2.05646,-0.034613,-0.022589,0.008152,-0.000157,0.000116
0.005066,-0.000087,505.926574,2.06463,-0.034774,-0.022472,0.00819,-0.000166,0.00012
0.004977,-0.000092,506.926429,2.072835,-0.034947,-0.02235,0.008222,-0.000178,0.000123
0.00488,-0.000102,507.926284,2.08107,-0.035131,-0.022225,0.00825,-0.000191,0.000127
0.004771,-0.000116,508.926139,2.089331,-0.03533,-0.022096,0.008274,-0.000207,0.000131
0.004647,-0.000132,509.925994,2.097614,-0.035546,-0.021963,0.008294,-0.000224,0.000135
0.004506,-0.00015,510.925848,2.105916,-0.035778,-0.021826,0.008311,-0.000241,0.00014
0.004348,-0.000166,511.925703,2.114233,-0.036027,-0.021684,0.008325,-0.000258,0.000145
0.004175,-0.00018,512.925558,2.122562,-0.036294,-0.021536,0.008337,-0.000275,0.000151
0.00399,-0.00019,513.925413,2.130902,-0.036576,-0.021381,0.008346,-0.00029,0.000158
0.003797,-0.000196,514.925268,2.139251,-0.036872,-0.021219,0.008353,-0.000303,0.000166
0.0036,-0.000197,515.925123,2.147606,-0.03718,-0.021048,0.008359,-0.000313,0.000176
0.003404,-0.000195,516.924978,2.155965,-0.037498,-0.020867,0.008363,-0.000321,0.000186
0.003212,-0.000189,517.924833,2.164328,-0.037821,-0.020675,0.008365,-0.000325,0.000197
0.003027,-0.000181,518.924688,2.172693,-0.038147,-0.020472,0.008367,-0.000327,0.000209
0.00285,-0.000173,519.924542,2.181059,-0.038472,-0.020258,0.008367,-0.000324,0.000221
0.002681,-0.000165,520.924397,2.189424,-0.038794,-0.020031,0.008366,-0.000319,0.000233
0.002519,-0.000159,521.924252,2.197788,-0.039108,-0.019791,0.008364,-0.000311,0.000245
0.002362,-0.000155,522.924107,2.20615,-0.039414,-0.01954,0.008361,-0.000301,0.000257
0.002207,-0.000155,523.923962,2.214508,-0.039709,-0.019277,0.008357,-0.000289,0.000269
0.002051,-0.000157,524.923817,2.222861,-0.039992,-0.019003,0.008352,-0.000276,0.00028
0.001892,-0.000163,525.923672,2.231209,-0.040262,-0.018718,0.008346,-0.000264,0.00029
0.001725,-0.00017,526.923527,2.23955,-0.040519,-0.018423,0.008339,-0.000251,0.0003
0.001551,-0.000178,527.923382,2.247884,-0.040763,-0.018119,0.008331,-0.000238,0.000308
0.001369,-0.000187,528.923236,2.256209,-0.040996,-0.017807,0.008322,-0.000227,0.000316
0.001179,-0.000194,529.923091,2.264525,-0.041217,-0.017487,0.008312,-0.000216,0.000323
0.000982,-0.0002,530.922946,2.272831,-0.041427,-0.017161,0.008302,-0.000205,0.000329
0.00078,-0.000202,531.922801,2.281127,-0.041627,-0.01683,0.008292,-0.000195,0.000333
0.000578,-0.000202,532.922656,2.289412,-0.041817,-0.016495,0.008281,-0.000185,0.000337
0.000377,-0.000198,533.922511,2.297687,-0.041997,-0.016156,0.00827,-0.000175,0.00034
0.000182,-0.000192,534.922366,2.30595,-0.042166,-0.015815,0.008259,-0.000164,0.000343
-0.000005,-0.000182,535.922221,2.314202,-0.042323,-0.015471,0.008247,-0.000151,0.000345
-0.000182,-0.000171,536.922076,2.322443,-0.042467,-0.015126,0.008236,-0.000137,0.000346
-0.000348,-0.00016,537.92193,2.330672,-0.042596,-0.014779,0.008225,-0.000121,0.000348
-0.000502,-0.000149,538.921785,2.338889,-0.042708,-0.01443,0.008213,-0.000103,0.00035
-0.000647,-0.000141,539.92164,2.347095,-0.042801,-0.014079,0.008201,-0.000083,0.000352
-0.000785,-0.000135,540.921495,2.35529,-0.042873,-0.013725,0.00819,-0.000062,0.000356
-0.000919,-0.000133,541.92135,2.363473,-0.042925,-0.013367,0.008178,-0.000041,0.000361
-0.001052,-0.000134,542.921205,2.371644,-0.042957,-0.013003,0.008167,-0.000021,0.000366
-0.001188,-0.000138,543.92106,2.379804,-0.042968,-0.012634,0.008155,-0.000002,0.000373
-0.001329,-0.000145,544.920915,2.387952,-0.042961,-0.012258,0.008143,0.000015,0.00038
-0.001478,-0.000152,545.92077,2.396088,-0.042938,-0.011875,0.008131,0.000031,0.000386
-0.001634,-0.000159,546.920624,2.404212,-0.042901,-0.011486,0.00812,0.000044,0.000393
-0.001795,-0.000164,547.920479,2.412325,-0.042852,-0.01109,0.008108,0.000055,0.000398
-0.00196,-0.000165,548.920334,2.420425,-0.042793,-0.010689,0.008096,0.000064,0.000403
-0.002124,-0.000163,549.920189,2.428514,-0.042724,-0.010284,0.008084,0.000073,0.000408
-0.002283,-0.000155,550.920044,2.436591,-0.042648,-0.009874,0.008072,0.000081,0.000411
-0.002432,-0.000143,551.919899,2.444656,-0.042563,-0.009462,0.00806,0.000089,0.000414
-0.002567,-0.000126,552.919754,2.452708,-0.04247,-0.009047,0.008047,0.000097,0.000416
-0.002683,-0.000105,553.919609,2.460748,-0.042368,-0.008631,0.008035,0.000107,0.000417
-0.002776,-0.00008,554.919464,2.468775,-0.042256,-0.008214,0.008022,0.000118,0.000417
-0.002844,-0.000054,555.919318,2.47679,-0.04213,-0.007798,0.00801,0.000132,0.000416
-0.002884,-0.000028,556.919173,2.484793,-0.04199,-0.007383,0.007998,0.000148,0.000415
-0.0029,-0.000004,557.919028,2.492784,-0.041832,-0.006969,0.007987,0.000167,0.000412
-0.002893,0.000016,558.918883,2.500764,-0.041654,-0.006559,0.007976,0.000189,0.000409
-0.002871,0.000028,559.918738,2.508734,-0.041454,-0.006153,0.007965,0.000212,0.000404
-0.00284,0.000032,560.918593,2.516693,-0.041229,-0.005752,0.007956,0.000237,0.000398
-0.00281,0.000026,561.918448,2.524644,-0.04098,-0.005357,0.007948,0.000262,0.000392
-0.002791,0.00001,562.918303,2.532588,-0.040707,-0.004969,0.007941,0.000285,0.000384
-0.002794,-0.000017,563.918158,2.540525,-0.040411,-0.004589,0.007935,0.000306,0.000376
-0.002829,-0.000054,564.918012,2.548456,-0.040096,-0.004217,0.00793,0.000325,0.000367
-0.002904,-0.000099,565.917867,2.556383,-0.039764,-0.003855,0.007927,0.00034,0.000358
-0.003029,-0.000151,566.917722,2.564307,-0.039418,-0.003502,0.007924,0.000351,0.000348
-0.003209,-0.00021,567.917577,2.572229,-0.039063,-0.003158,0.007922,0.00036,0.000339
-0.00345,-0.000272,568.917432,2.580149,-0.038701,-0.002824,0.00792,0.000364,0.00033
-0.003753,-0.000336,569.917287,2.588066,-0.038336,-0.002499,0.007918,0.000365,0.000321
-0.00412,-0.000398,570.917142,2.595982,-0.037972,-0.002183,0.007916,0.000363,0.000312
-0.004548,-0.000456,571.916997,2.603894,-0.037611,-0.001875,0.007912,0.000359,0.000304
-0.005031,-0.000507,572.916852,2.611802,-0.037256,-0.001575,0.007906,0.000351,0.000296
-0.005559,-0.000548,573.916707,2.619703,-0.036909,-0.001282,0.007898,0.000342,0.000289
-0.006123,-0.000576,574.916561,2.627594,-0.036573,-0.000996,0.007886,0.000331,0.000283
-0.006706,-0.000589,575.916416,2.635471,-0.036248,-0.000715,0.00787,0.00032,0.000278
-0.007296,-0.000588,576.916271,2.64333,-0.035934,-0.00044,0.007849,0.000308,0.000273
-0.007877,-0.000573,577.916126,2.651164,-0.035632,-0.000169,0.007821,0.000296,0.000269
-0.008438,-0.000548,578.915981,2.658967,-0.035342,0.000099,0.007787,0.000285,0.000265
-0.00897,-0.000514,579.915836,2.666732,-0.035062,0.000363,0.007745,0.000274,0.000262
-0.009464,-0.000475,580.915691,2.67445,-0.034794,0.000624,0.007694,0.000264,0.00026
-0.009918,-0.000433,581.915546,2.682113,-0.034535,0.000882,0.007634,0.000254,0.000258
-0.010329,-0.00039,582.915401,2.689712,-0.034285,0.001139,0.007565,0.000245,0.000256
-0.010698,-0.000349,583.915255,2.697236,-0.034044,0.001394,0.007485,0.000237,0.000254
-0.011027,-0.00031,584.91511,2.704674,-0.033811,0.001647,0.007395,0.000229,0.000253
-0.011319,-0.000275,585.914965,2.712017,-0.033585,0.001899,0.007294,0.000222,0.000252
-0.011579,-0.000244,586.91482,2.719254,-0.033366,0.00215,0.007181,0.000215,0.000251
-0.01181,-0.000218,587.914675,2.726373,-0.033155,0.002401,0.007058,0.000208,0.00025
-0.012017,-0.000197,588.91453,2.733363,-0.03295,0.00265,0.006924,0.000202,0.00025
-0.012205,-0.00018,589.914385,2.740214,-0.032751,0.0029,0.00678,0.000195,0.000249
-0.012379,-0.000168,590.91424,2.746915,-0.032559,0.003149,0.006625,0.000189,0.00025
-0.012542,-0.000159,591.914095,2.753456,-0.032373,0.003399,0.006459,0.000183,0.00025
-0.012698,-0.000153,592.913949,2.759827,-0.032192,0.003649,0.006284,0.000178,0.000251
-0.01285,-0.00015,593.913804,2.766018,-0.032017,0.003901,0.0061,0.000173,0.000252
-0.012999,-0.000149,594.913659,2.772021,-0.031846,0.004153,0.005907,0.000168,0.000253
-0.013147,-0.000148,595.913514,2.777826,-0.03168,0.004407,0.005705,0.000164,0.000255
-0.013295,-0.000148,596.913369,2.783426,-0.031518,0.004662,0.005496,0.00016,0.000257
-0.013443,-0.000148,597.913224,2.788813,-0.031359,0.00492,0.00528,0.000157,0.000259
-0.01359,-0.000146,598.913079,2.793981,-0.031203,0.00518,0.005057,0.000155,0.000261
-0.013735,-0.000143,599.912934,2.798923,-0.031049,0.005443,0.004828,0.000153,0.000264
-0.013876,-0.000138,600.912789,2.803633,-0.030897,0.005708,0.004594,0.000152,0.000267
-0.014011,-0.000131,601.912643,2.808106,-0.030746,0.005977,0.004355,0.000151,0.00027
-0.014136,-0.000119,602.912498,2.812338,-0.030595,0.006249,0.004111,0.00015,0.000273
-0.014249,-0.000105,603.912353,2.816326,-0.030445,0.006524,0.003864,0.000151,0.000277
-0.014345,-0.000087,604.912208,2.820065,-0.030294,0.006802,0.003615,0.000151,0.00028
-0.014421,-0.000066,605.912063,2.823553,-0.030142,0.007084,0.003362,0.000152,0.000284
-0.014477,-0.000045,606.911918,2.826787,-0.029989,0.00737,0.003108,0.000154,0.000287
-0.014513,-0.000027,607.911773,2.829768,-0.029835,0.007659,0.002853,0.000155,0.000291
-0.014533,-0.000013,608.911628,2.832492,-0.029679,0.007951,0.002597,0.000156,0.000294
-0.014541,-0.000004,609.911483,2.83496,-0.029522,0.008247,0.002341,0.000158,0.000297
-0.014543,-0.000001,610.911337,2.837173,-0.029363,0.008546,0.002085,0.000159,0.000301
-0.014544,-0.000002,611.911192,2.83913,-0.029203,0.008848,0.00183,0.00016,0.000303
-0.014548,-0.000007,612.911047,2.840833,-0.029042,0.009153,0.001576,0.000162,0.000306
-0.014559,-0.000016,613.910902,2.842284,-0.028881,0.00946,0.001324,0.000162,0.000308
-0.01458,-0.000027,614.910757,2.843483,-0.028718,0.009769,0.001074,0.000163,0.00031
-0.014613,-0.00004,615.910612,2.844433,-0.028554,0.01008,0.000826,0.000164,0.000312
-0.01466,-0.000053,616.910467,2.845137,-0.028389,0.010393,0.000581,0.000165,0.000313
-0.01472,-0.000067,617.910322,2.845596,-0.028223,0.010707,0.000338,0.000167,0.000314
-0.014794,-0.000081,618.910177,2.845813,-0.028055,0.011021,0.000097,0.000169,0.000315
-0.014881,-0.000093,619.910031,2.845792,-0.027884,0.011336,-0.000141,0.000173,0.000315
-0.01498,-0.000103,620.909886,2.845533,-0.027709,0.011651,-0.000377,0.000177,0.000315
-0.015087,-0.000112,621.909741,2.845039,-0.02753,0.011966,-0.00061,0.000182,0.000315
-0.015202,-0.000117,622.909596,2.844313,-0.027345,0.01228,-0.000842,0.000188,0.000314
-0.015321,-0.00012,623.909451,2.843356,-0.027154,0.012594,-0.001072,0.000195,0.000314
-0.01544,-0.000119,624.909306,2.84217,-0.026955,0.012907,-0.001301,0.000202,0.000313
-0.015557,-0.000114,625.909161,2.840756,-0.026749,0.013219,-0.001528,0.00021,0.000312
-0.015668,-0.000106,626.909016,2.839115,-0.026536,0.01353,-0.001754,0.000218,0.00031
-0.015769,-0.000095,627.908871,2.837248,-0.026314,0.01384,-0.00198,0.000226,0.000309
-0.015856,-0.00008,628.908725,2.835156,-0.026084,0.014149,-0.002206,0.000234,0.000308
-0.015927,-0.000061,629.90858,2.832838,-0.025846,0.014456,-0.002431,0.000242,0.000306
-0.015977,-0.00004,630.908435,2.830295,-0.025599,0.014762,-0.002656,0.00025,0.000305
-0.016005,-0.000016,631.90829,2.827526,-0.025345,0.015066,-0.002882,0.000258,0.000304
-0.016008,0.00001,632.908145,2.824532,-0.025083,0.015369,-0.003107,0.000265,0.000302
-0.015984,0.000037,633.908,2.821313,-0.024815,0.015671,-0.003333,0.000272,0.000301
-0.015934,0.000063,634.907855,2.817868,-0.02454,0.015971,-0.003558,0.000278,0.0003
-0.015858,0.000089,635.90771,2.814198,-0.02426,0.01627,-0.003783,0.000283,0.000299
-0.015757,0.000112,636.907565,2.810303,-0.023975,0.016568,-0.004008,0.000286,0.000298
-0.015635,0.000132,637.907419,2.806184,-0.023687,0.016865,-0.004231,0.000289,0.000296
-0.015496,0.000146,638.907274,2.801843,-0.023397,0.017161,-0.004453,0.000291,0.000295
-0.015344,0.000155,639.907129,2.79728,-0.023106,0.017456,-0.004673,0.000292,0.000294
-0.015187,0.000158,640.906984,2.7925,-0.022814,0.01775,-0.00489,0.000291,0.000293
-0.015031,0.000154,641.906839,2.787504,-0.022524,0.018043,-0.005104,0.00029,0.000292
-0.014882,0.000144,642.906694,2.782296,-0.022235,0.018334,-0.005314,0.000287,0.000291
-0.014745,0.00013,643.906549,2.77688,-0.021949,0.018624,-0.005519,0.000284,0.000289
-0.014622,0.000116,644.906404,2.771262,-0.021668,0.018912,-0.005719,0.000279,0.000287
-0.014511,0.000106,645.906259,2.765448,-0.021393,0.019198,-0.005913,0.000272,0.000285
-0.014408,0.0001,646.906113,2.759442,-0.021124,0.019481,-0.0061,0.000265,0.000282
-0.014309,0.000098,647.905968,2.753253,-0.020864,0.019761,-0.00628,0.000256,0.000278
-0.014211,0.000099,648.905823,2.746888,-0.020613,0.020037,-0.006452,0.000245,0.000274
-0.014112,0.000101,649.905678,2.740355,-0.020374,0.020309,-0.006616,0.000234,0.00027
-0.01401,0.000103,650.905533,2.733663,-0.020145,0.020577,-0.006771,0.000223,0.000266
-0.013905,0.000105,651.905388,2.726821,-0.019928,0.02084,-0.006916,0.000212,0.000261
-0.0138,0.000105,652.905243,2.719838,-0.019722,0.021098,-0.007052,0.000201,0.000255
-0.013696,0.000103,653.905098,2.712723,-0.019525,0.021351,-0.007178,0.000192,0.00025
-0.013596,0.000097,654.904953,2.705488,-0.019336,0.021598,-0.007294,0.000185,0.000245
-0.013504,0.000088,655.904807,2.698142,-0.019154,0.02184,-0.0074,0.00018,0.000239
-0.013422,0.000075,656.904662,2.690695,-0.018975,0.022076,-0.007496,0.000178,0.000233
-0.013356,0.000058,657.904517,2.683157,-0.018797,0.022306,-0.007582,0.000177,0.000227
-0.013307,0.000039,658.904372,2.675539,-0.018619,0.02253,-0.007657,0.000179,0.000221
-0.013279,0.000018,659.904227,2.667849,-0.018439,0.022747,-0.007724,0.000182,0.000215
-0.013272,-0.000004,660.904082,2.660098,-0.018255,0.022959,-0.007781,0.000186,0.000208
-0.013286,-0.000023,661.903937,2.652293,-0.018068,0.023163,-0.00783,0.00019,0.000202
-0.013318,-0.00004,662.903792,2.644444,-0.017875,0.023362,-0.007871,0.000195,0.000195
-0.013364,-0.00005,663.903647,2.636558,-0.017678,0.023554,-0.007904,0.000199,0.000189
-0.013416,-0.000053,664.903501,2.628641,-0.017477,0.02374,-0.007931,0.000203,0.000182
-0.013467,-0.000048,665.903356,2.6207,-0.017272,0.023919,-0.007952,0.000207,0.000176
-0.013509,-0.000034,666.903211,2.612741,-0.017064,0.024092,-0.007968,0.00021,0.00017
-0.013532,-0.000012,667.903066,2.604769,-0.016853,0.024259,-0.00798,0.000213,0.000164
-0.01353,0.000016,668.902921,2.596786,-0.016639,0.02442,-0.007988,0.000215,0.000158
-0.013499,0.000046,669.902776,2.588797,-0.016424,0.024576,-0.007993,0.000216,0.000153
-0.013437,0.000078,670.902631,2.580803,-0.016207,0.024726,-0.007996,0.000218,0.000147
-0.013343,0.000109,671.902486,2.572808,-0.015989,0.02487,-0.007997,0.000219,0.000142
-0.01322,0.000137,672.902341,2.564812,-0.01577,0.02501,-0.007997,0.00022,0.000137
-0.01307,0.000162,673.902195,2.556816,-0.01555,0.025145,-0.007997,0.000221,0.000132
-0.012896,0.000184,674.90205,2.548821,-0.015328,0.025275,-0.007996,0.000222,0.000128
-0.012703,0.000202,675.901905,2.540827,-0.015106,0.0254,-0.007994,0.000223,0.000123
-0.012494,0.000216,676.90176,2.532834,-0.014883,0.025522,-0.007993,0.000224,0.000119
-0.012272,0.000228,677.901615,2.524843,-0.014657,0.025639,-0.007992,0.000226,0.000116
-0.012039,0.000237,678.90147,2.516852,-0.01443,0.025753,-0.007992,0.000228,0.000112
-0.011799,0.000243,679.901325,2.508861,-0.014202,0.025864,-0.007992,0.000229,0.000109
-0.011554,0.000247,680.90118,2.500871,-0.013973,0.025971,-0.007991,0.00023,0.000106
-0.011305,0.000249,681.901035,2.49288,-0.013742,0.026076,-0.007991,0.00023,0.000104
-0.011056,0.000249,682.900889,2.48489,-0.013512,0.026179,-0.007991,0.00023,0.000101
-0.010809,0.000244,683.900744,2.4769,-0.013283,0.026279,-0.007991,0.000228,0.000099
-0.010569,0.000236,684.900599,2.46891,-0.013057,0.026377,-0.007991,0.000225,0.000097
-0.01034,0.000222,685.900454,2.46092,-0.012835,0.026474,-0.007991,0.00022,0.000096
-0.010128,0.000201,686.900309,2.45293,-0.012618,0.026569,-0.00799,0.000214,0.000094
-0.00994,0.000174,687.900164,2.444942,-0.012407,0.026662,-0.007989,0.000208,0.000093
-0.009783,0.000139,688.900019,2.436954,-0.012202,0.026755,-0.007988,0.000202,0.000092
-0.009664,0.000099,689.899874,2.428968,-0.012003,0.026846,-0.007987,0.000196,0.000091
-0.00958,0.000072,690.899729,2.420983,-0.011809,0.026936,-0.007985,0.000192,0.000089
-0.009507,0.000084,691.899583,2.413001,-0.011619,0.027024,-0.007982,0.000188,0.000088
-0.009405,0.000121,692.899438,2.405021,-0.011432,0.027112,-0.00798,0.000186,0.000087
-0.009268,0.000152,693.899293,2.397044,-0.011247,0.027198,-0.007977,0.000184,0.000085
-0.009102,0.000178,694.899148,2.389069,-0.011063,0.027282,-0.007974,0.000183,0.000083
-0.008913,0.000199,695.899003,2.381097,-0.01088,0.027364,-0.007972,0.000183,0.000081
-0.008705,0.000215,696.898858,2.373128,-0.010697,0.027444,-0.007969,0.000182,0.000078
-0.008484,0.000226,697.898713,2.365162,-0.010515,0.027521,-0.007966,0.000182,0.000075
-0.008254,0.000233,698.898568,2.357199,-0.010332,0.027594,-0.007963,0.000183,0.000072
-0.00802,0.000235,699.898423,2.349239,-0.010148,0.027664,-0.007959,0.000185,0.000068
-0.007785,0.000234,700.898277,2.341282,-0.009962,0.027731,-0.007956,0.000187,0.000064
-0.007554,0.000228,701.898132,2.33333,-0.009774,0.027793,-0.007951,0.000189,0.00006
-0.00733,0.000218,702.897987,2.325382,-0.009584,0.027851,-0.007947,0.000191,0.000056
-0.007119,0.000203,703.897842,2.317439,-0.009392,0.027905,-0.007942,0.000192,0.000052
-0.006926,0.000182,704.897697,2.309501,-0.009199,0.027955,-0.007937,0.000193,0.000049
-0.006757,0.000154,705.897552,2.301568,-0.009007,0.028002,-0.007931,0.000192,0.000045
-0.00662,0.000119,706.897407,2.293641,-0.008815,0.028046,-0.007925,0.000192,0.000042
-0.006521,0.000077,707.897262,2.28572,-0.008623,0.028087,-0.007919,0.000192,0.00004
-0.006467,0.000031,708.897117,2.277806,-0.008431,0.028125,-0.007912,0.000192,0.000038
-0.006454,0,709.896971,2.269897,-0.008238,0.028162,-0.007906,0.000195,0.000036
-0.006453,0.000011,710.896826,2.261996,-0.008041,0.028198,-0.0079,0.000199,0.000035
-0.006422,0.000049,711.896681,2.2541,-0.00784,0.028232,-0.007894,0.000205,0.000034
-0.006355,0.000085,712.896536,2.246209,-0.007632,0.028266,-0.007889,0.000211,0.000034
-0.006252,0.000121,713.896391,2.238323,-0.007417,0.0283,-0.007885,0.000219,0.000034
-0.006114,0.000157,714.896246,2.230441,-0.007195,0.028334,-0.007881,0.000225,0.000034
-0.005939,0.000193,715.896101,2.222562,-0.006967,0.028367,-0.007879,0.00023,0.000034
-0.005729,0.000228,716.895956,2.214686,-0.006735,0.028401,-0.007877,0.000233,0.000034
-0.005484,0.000262,717.895811,2.206811,-0.006503,0.028435,-0.007876,0.000232,0.000033
-0.005206,0.000292,718.895665,2.198937,-0.006272,0.028468,-0.007875,0.000228,0.000033
-0.004901,0.000317,719.89552,2.191063,-0.006048,0.0285,-0.007875,0.00022,0.000032
-0.004575,0.000334,720.895375,2.183189,-0.005835,0.028531,-0.007875,0.000208,0.00003
-0.004236,0.000342,721.89523,2.175314,-0.005635,0.02856,-0.007876,0.000192,0.000029
-0.003894,0.000339,722.895085,2.167439,-0.005451,0.028588,-0.007877,0.000175,0.000027
-0.003562,0.000324,723.89494,2.159563,-0.005285,0.028613,-0.007877,0.000157,0.000024
-0.00325,0.000298,724.894795,2.151687,-0.005136,0.028636,-0.007878,0.000141,0.000021
-0.002969,0.000263,725.89465,2.14381,-0.005001,0.028656,-0.007878,0.000129,0.000018
-0.002727,0.000221,726.894505,2.135933,-0.004875,0.028672,-0.007877,0.000123,0.000015
-0.002529,0.000176,727.894359,2.128058,-0.004752,0.028685,-0.007876,0.000122,0.000011
-0.002374,0.000133,728.894214,2.120184,-0.004627,0.028695,-0.007874,0.000129,0.000008
-0.002261,0.000094,729.894069,2.112312,-0.004491,0.028702,-0.007872,0.000142,0.000005
-0.002183,0.000064,730.893924,2.104442,-0.00434,0.028706,-0.007869,0.00016,0.000003
-0.002131,0.000043,731.893779,2.096576,-0.00417,0.028708,-0.007866,0.000181,0.000001
-0.002093,0.000034,732.893634,2.088714,-0.003977,0.028708,-0.007862,0.000203,0
-0.002058,0.000036,733.893489,2.080855,-0.003764,0.028707,-0.007858,0.000224,-0.000001
-0.002017,0.000048,734.893344,2.073001,-0.003531,0.028707,-0.007853,0.000242,0
-0.001961,0.000066,735.893199,2.06515,-0.003282,0.028707,-0.007849,0.000256,0.000001
-0.001883,0.000089,736.893053,2.057305,-0.003022,0.028708,-0.007845,0.000265,0.000002
-0.001781,0.000114,737.892908,2.049463,-0.002754,0.028711,-0.007841,0.000271,0.000004
-0.001655,0.000139,738.892763,2.041625,-0.002483,0.028717,-0.007837,0.000272,0.000006
-0.001504,0.000162,739.892618,2.033791,-0.002211,0.028724,-0.007834,0.000271,0.000009
-0.001331,0.000182,740.892473,2.025959,-0.001942,0.028734,-0.007831,0.000267,0.000011
-0.001141,0.000198,741.892328,2.01813,-0.001677,0.028745,-0.007829,0.000262,0.000013
-0.000937,0.00021,742.892183,2.010303,-0.001419,0.028759,-0.007828,0.000255,0.000014
-0.000723,0.000217,743.892038,2.002477,-0.001169,0.028774,-0.007827,0.000246,0.000016
-0.000504,0.00022,744.891893,1.994651,-0.000927,0.02879,-0.007826,0.000237,0.000017
-0.000284,0.000219,745.891747,1.986826,-0.000695,0.028807,-0.007826,0.000228,0.000018
-0.000067,0.000215,746.891602,1.979001,-0.000471,0.028825,-0.007826,0.00022,0.000018
0.000145,0.000209,747.891457,1.971177,-0.000255,0.028843,-0.007826,0.000212,0.000019
0.00035,0.000201,748.891312,1.963352,-0.000047,0.028862,-0.007826,0.000205,0.000019
0.000546,0.000191,749.891167,1.955527,0.000156,0.028881,-0.007826,0.000199,0.000018
0.000732,0.000182,750.891022,1.947703,0.000353,0.028898,-0.007825,0.000194,0.000017
0.000909,0.000172,751.890877,1.93988,0.000544,0.028915,-0.007824,0.000189,0.000016
0.001076,0.000162,752.890732,1.932057,0.000731,0.02893,-0.007822,0.000184,0.000015
0.001233,0.000152,753.890587,1.924237,0.000913,0.028944,-0.00782,0.00018,0.000013
0.00138,0.000143,754.890441,1.91642,0.001091,0.028956,-0.007817,0.000177,0.000012
0.001519,0.000134,755.890296,1.908606,0.001267,0.028967,-0.007813,0.000174,0.00001
0.001649,0.000126,756.890151,1.900797,0.00144,0.028976,-0.007808,0.000173,0.000009
0.001771,0.000119,757.890006,1.892994,0.001614,0.028985,-0.007802,0.000173,0.000008
0.001887,0.000113,758.889861,1.885197,0.001788,0.028992,-0.007795,0.000175,0.000006
0.001998,0.000109,759.889716,1.877408,0.001964,0.028998,-0.007787,0.000178,0.000005
0.002106,0.000106,760.889571,1.869626,0.002143,0.029002,-0.007778,0.000181,0.000004
0.002211,0.000105,761.889426,1.861854,0.002327,0.029006,-0.007768,0.000186,0.000003
0.002317,0.000106,762.889281,1.854092,0.002516,0.029009,-0.007758,0.000192,0.000002
0.002423,0.000108,763.889135,1.846342,0.00271,0.02901,-0.007746,0.000197,0.000001
0.002533,0.000111,764.88899,1.838603,0.00291,0.02901,-0.007734,0.000203,0
0.002646,0.000115,765.888845,1.830877,0.003116,0.029009,-0.00772,0.000208,-0.000002
0.002763,0.00012,766.8887,1.823165,0.003326,0.029007,-0.007706,0.000212,-0.000003
0.002886,0.000125,767.888555,1.815467,0.003539,0.029003,-0.007691,0.000215,-0.000004
0.003014,0.00013,768.88841,1.807785,0.003755,0.028998,-0.007675,0.000217,-0.000006
0.003146,0.000135,769.888265,1.800119,0.003972,0.028991,-0.007658,0.000217,-0.000008
0.003284,0.000139,770.88812,1.792471,0.004188,0.028983,-0.00764,0.000215,-0.000009
0.003425,0.000142,771.887975,1.784841,0.004402,0.028973,-0.007621,0.000213,-0.000011
0.003568,0.000144,772.887829,1.777232,0.004612,0.028961,-0.007601,0.000209,-0.000012
0.003713,0.000145,773.887684,1.769643,0.004819,0.028948,-0.007579,0.000204,-0.000014
0.003857,0.000144,774.887539,1.762077,0.00502,0.028933,-0.007556,0.000198,-0.000015
0.004001,0.000143,775.887394,1.754535,0.005215,0.028917,-0.007531,0.000193,-0.000017
0.004143,0.00014,776.887249,1.747018,0.005406,0.0289,-0.007505,0.000188,-0.000018
0.004281,0.000137,777.887104,1.739528,0.005592,0.028881,-0.007477,0.000184,-0.00002
0.004417,0.000134,778.886959,1.732067,0.005774,0.02886,-0.007448,0.00018,-0.000021
0.004549,0.00013,779.886814,1.724636,0.005953,0.028839,-0.007416,0.000178,-0.000022
0.004678,0.000127,780.886669,1.717237,0.006131,0.028815,-0.007383,0.000177,-0.000024
0.004803,0.000123,781.886523,1.709873,0.006308,0.028791,-0.007348,0.000177,-0.000025
0.004924,0.00012,782.886378,1.702544,0.006486,0.028764,-0.007311,0.000179,-0.000027
0.005042,0.000117,783.886233,1.695254,0.006665,0.028736,-0.007272,0.00018,-0.000029
0.005158,0.000115,784.886088,1.688004,0.006847,0.028707,-0.007231,0.000183,-0.000031
0.005272,0.000113,785.885943,1.680795,0.007031,0.028675,-0.007188,0.000185,-0.000032
0.005384,0.000111,786.885798,1.673631,0.007217,0.028642,-0.007143,0.000188,-0.000034
0.005494,0.00011,787.885653,1.666512,0.007406,0.028607,-0.007096,0.00019,-0.000036
0.005604,0.000109,788.885508,1.659442,0.007598,0.02857,-0.007046,0.000193,-0.000038
0.005712,0.000108,789.885363,1.652423,0.007792,0.028531,-0.006995,0.000195,-0.00004
0.00582,0.000107,790.885217,1.645456,0.007987,0.028489,-0.006941,0.000196,-0.000042
0.005927,0.000106,791.885072,1.638543,0.008184,0.028446,-0.006886,0.000197,-0.000045
0.006032,0.000105,792.884927,1.631687,0.008381,0.0284,-0.006828,0.000198,-0.000047
0.006135,0.000103,793.884782,1.62489,0.008579,0.028352,-0.006769,0.000197,-0.00005
0.006237,0.000101,794.884637,1.618153,0.008776,0.028301,-0.006707,0.000196,-0.000052
0.006337,0.000098,795.884492,1.611478,0.008971,0.028247,-0.006644,0.000195,-0.000055
0.006433,0.000095,796.884347,1.604869,0.009164,0.028191,-0.006578,0.000192,-0.000058
0.006526,0.000091,797.884202,1.598325,0.009355,0.028131,-0.006511,0.000189,-0.000061
0.006614,0.000086,798.884057,1.59185,0.009542,0.028068,-0.006442,0.000185,-0.000065
0.006697,0.00008,799.883911,1.585444,0.009726,0.028001,-0.006371,0.000181,-0.000069
0.006774,0.000074,800.883766,1.57911,0.009905,0.02793,-0.006299,0.000177,-0.000073
0.006844,0.000067,801.883621,1.572849,0.010079,0.027856,-0.006225,0.000172,-0.000077
0.006907,0.000059,802.883476,1.566662,0.010248,0.027777,-0.00615,0.000167,-0.000081
0.006961,0.00005,803.883331,1.560552,0.010413,0.027693,-0.006073,0.000162,-0.000086
0.007007,0.000041,804.883186,1.554519,0.010573,0.027605,-0.005995,0.000158,-0.00009
0.007042,0.000031,805.883041,1.548565,0.01073,0.027513,-0.005915,0.000155,-0.000095
0.007068,0.00002,806.882896,1.54269,0.010883,0.027416,-0.005835,0.000152,-0.000099
0.007083,0.000009,807.882751,1.536897,0.011035,0.027314,-0.005753,0.000151,-0.000104
0.007086,-0.000002,808.882606,1.531186,0.011186,0.027208,-0.005671,0.000152,-0.000108
0.007078,-0.000014,809.88246,1.525558,0.011339,0.027099,-0.005587,0.000154,-0.000112
0.007058,-0.000026,810.882315,1.520013,0.011496,0.026986,-0.005503,0.000159,-0.000115
0.007026,-0.000038,811.88217,1.514553,0.011659,0.02687,-0.005418,0.000166,-0.000117
0.006982,-0.00005,812.882025,1.509178,0.01183,0.026752,-0.005333,0.000176,-0.000119
0.006926,-0.000062,813.88188,1.503889,0.012011,0.026632,-0.005247,0.000186,-0.00012
0.006857,-0.000075,814.881735,1.498686,0.012202,0.026512,-0.005161,0.000197,-0.00012
0.006776,-0.000087,815.88159,1.493569,0.012405,0.026392,-0.005074,0.000209,-0.00012
0.006682,-0.0001,816.881445,1.488539,0.01262,0.026272,-0.004988,0.00022,-0.00012
0.006576,-0.000113,817.8813,1.483595,0.012845,0.026153,-0.004901,0.00023,-0.000119
0.006457,-0.000126,818.881154,1.478738,0.013078,0.026035,-0.004814,0.000238,-0.000118
0.006325,-0.000139,819.881009,1.473967,0.013319,0.025916,-0.004728,0.000243,-0.000118
0.006179,-0.000153,820.880864,1.469283,0.013563,0.025798,-0.004642,0.000246,-0.000119
0.006019,-0.000167,821.880719,1.464685,0.01381,0.025679,-0.004556,0.000246,-0.00012
0.005845,-0.000182,822.880574,1.460173,0.014055,0.025557,-0.00447,0.000244,-0.000123
0.005656,-0.000197,823.880429,1.455746,0.014296,0.025432,-0.004385,0.000239,-0.000127
0.005451,-0.000213,824.880284,1.451403,0.014533,0.025301,-0.004301,0.000234,-0.000133
0.00523,-0.000228,825.880139,1.447145,0.014764,0.025164,-0.004217,0.000228,-0.000141
0.004994,-0.000244,826.879994,1.44297,0.01499,0.025018,-0.004134,0.000224,-0.000151
0.004742,-0.000259,827.879848,1.438877,0.015214,0.024862,-0.004052,0.000223,-0.000161
0.004476,-0.000274,828.879703,1.434866,0.015438,0.024695,-0.003971,0.000226,-0.000174
0.004195,-0.000288,829.879558,1.430935,0.015667,0.024515,-0.003891,0.000233,-0.000186
0.003901,-0.0003,830.879413,1.427083,0.015907,0.024322,-0.003813,0.000245,-0.0002
0.003595,-0.000311,831.879268,1.42331,0.01616,0.024116,-0.003735,0.000261,-0.000213
0.00328,-0.00032,832.879123,1.419613,0.01643,0.023897,-0.003659,0.00028,-0.000226
0.002957,-0.000326,833.878978,1.415992,0.01672,0.023665,-0.003585,0.0003,-0.000238
0.002628,-0.00033,834.878833,1.412444,0.017031,0.023422,-0.003512,0.000321,-0.000249
0.002298,-0.000331,835.878688,1.408969,0.017361,0.023167,-0.00344,0.00034,-0.00026
0.001967,-0.00033,836.878542,1.405564,0.01771,0.022903,-0.00337,0.000357,-0.000269
0.001639,-0.000326,837.878397,1.402229,0.018073,0.022629,-0.003301,0.00037,-0.000278
0.001316,-0.000319,838.878252,1.398962,0.018447,0.022347,-0.003235,0.000379,-0.000286
0.001002,-0.00031,839.878107,1.39576,0.018829,0.022057,-0.003169,0.000384,-0.000293
0.000698,-0.000298,840.877962,1.392624,0.019214,0.021761,-0.003105,0.000385,-0.0003
0.000406,-0.000284,841.877817,1.38955,0.019598,0.021458,-0.003042,0.000383,-0.000306
0.000129,-0.00027,842.877672,1.38654,0.019977,0.02115,-0.00298,0.000376,-0.000311
-0.000132,-0.000254,843.877527,1.38359,0.020349,0.020837,-0.002919,0.000368,-0.000315
-0.000379,-0.000239,844.877382,1.380701,0.020712,0.02052,-0.002859,0.000357,-0.000319
-0.00061,-0.000225,845.877236,1.377872,0.021063,0.020199,-0.002799,0.000346,-0.000323
-0.00083,-0.000215,846.877091,1.375103,0.021403,0.019875,-0.00274,0.000334,-0.000326
-0.001041,-0.000209,847.876946,1.372394,0.021731,0.019547,-0.00268,0.000323,-0.000329
-0.001249,-0.000209,848.876801,1.369745,0.022049,0.019217,-0.002619,0.000313,-0.000332
-0.001461,-0.000215,849.876656,1.367156,0.022358,0.018884,-0.002559,0.000305,-0.000334
-0.00168,-0.000224,850.876511,1.364629,0.02266,0.018548,-0.002497,0.000299,-0.000337
-0.00191,-0.000235,851.876366,1.362164,0.022958,0.01821,-0.002433,0.000295,-0.00034
-0.00215,-0.000245,852.876221,1.359764,0.023251,0.017869,-0.002369,0.000293,-0.000343
-0.0024,-0.000254,853.876076,1.357428,0.023543,0.017524,-0.002303,0.000291,-0.000346
-0.002658,-0.000261,854.87593,1.35516,0.023834,0.017176,-0.002235,0.000291,-0.00035
-0.002921,-0.000265,855.875785,1.35296,0.024125,0.016824,-0.002165,0.000291,-0.000354
-0.003186,-0.000265,856.87564,1.350831,0.024416,0.016468,-0.002094,0.00029,-0.000358
-0.00345,-0.000262,857.875495,1.348774,0.024705,0.016108,-0.00202,0.000289,-0.000362
-0.003709,-0.000256,858.87535,1.346792,0.024993,0.015743,-0.001945,0.000287,-0.000367
-0.003961,-0.000247,859.875205,1.344885,0.025278,0.015374,-0.001868,0.000283,-0.000372
-0.004203,-0.000236,860.87506,1.343057,0.025559,0.015,-0.001789,0.000279,-0.000377
-0.004432,-0.000221,861.874915,1.341308,0.025835,0.014621,-0.001709,0.000273,-0.000382
-0.004645,-0.000205,862.87477,1.33964,0.026105,0.014237,-0.001627,0.000266,-0.000386
-0.004841,-0.000187,863.874624,1.338055,0.026367,0.013848,-0.001544,0.000259,-0.000391
-0.005018,-0.000168,864.874479,1.336553,0.026622,0.013455,-0.001459,0.000251,-0.000396
-0.005176,-0.000147,865.874334,1.335137,0.026869,0.013056,-0.001374,0.000243,-0.000401
-0.005312,-0.000126,866.874189,1.333806,0.027107,0.012654,-0.001288,0.000234,-0.000405
-0.005428,-0.000105,867.874044,1.332562,0.027337,0.012247,-0.0012,0.000226,-0.000409
-0.005521,-0.000083,868.873899,1.331406,0.027559,0.011836,-0.001113,0.000218,-0.000413
-0.005593,-0.000061,869.873754,1.330337,0.027774,0.011421,-0.001024,0.00021,-0.000416
-0.005644,-0.000039,870.873609,1.329357,0.02798,0.011004,-0.000936,0.000203,-0.000419
-0.005672,-0.000018,871.873464,1.328466,0.02818,0.010583,-0.000847,0.000197,-0.000422
-0.00568,0.000003,872.873318,1.327663,0.028374,0.01016,-0.000758,0.00019,-0.000425
-0.005666,0.000024,873.873173,1.326949,0.028561,0.009734,-0.00067,0.000184,-0.000427
-0.005632,0.000044,874.873028,1.326324,0.028743,0.009306,-0.000581,0.000179,-0.000428
-0.005579,0.000063,875.872883,1.325787,0.028919,0.008877,-0.000493,0.000173,-0.00043
-0.005506,0.000082,876.872738,1.325338,0.02909,0.008447,-0.000405,0.000168,-0.000431
-0.005414,0.000101,877.872593,1.324977,0.029256,0.008016,-0.000318,0.000163,-0.000432
-0.005304,0.000118,878.872448,1.324703,0.029416,0.007583,-0.000231,0.000158,-0.000433
-0.005177,0.000135,879.872303,1.324515,0.029571,0.007151,-0.000145,0.000152,-0.000433
-0.005034,0.000152,880.872158,1.324413,0.02972,0.006718,-0.000059,0.000147,-0.000433
-0.004874,0.000167,881.872012,1.324397,0.029864,0.006285,0.000026,0.000141,-0.000433
-0.004699,0.000182,882.871867,1.324464,0.030002,0.005852,0.00011,0.000135,-0.000433
-0.00451,0.000196,883.871722,1.324615,0.030134,0.005419,0.000192,0.000129,-0.000433
-0.004308,0.000209,884.871577,1.324849,0.03026,0.004987,0.000274,0.000123,-0.000432
-0.004092,0.000221,885.871432,1.325163,0.030379,0.004555,0.000355,0.000116,-0.000432
-0.003865,0.000233,886.871287,1.325558,0.030492,0.004124,0.000435,0.00011,-0.000431
-0.003627,0.000244,887.871142,1.326032,0.030599,0.003693,0.000513,0.000103,-0.000431
-0.003378,0.000253,888.870997,1.326584,0.030699,0.003263,0.00059,0.000097,-0.00043
-0.00312,0.000262,889.870852,1.327211,0.030792,0.002833,0.000666,0.00009,-0.000429
-0.002854,0.000271,890.870706,1.327914,0.030879,0.002405,0.00074,0.000084,-0.000429
-0.002579,0.000278,891.870561,1.328691,0.03096,0.001977,0.000813,0.000078,-0.000428
-0.002298,0.000285,892.870416,1.329539,0.031034,0.001549,0.000884,0.000072,-0.000427
-0.00201,0.000291,893.870271,1.330458,0.031103,0.001123,0.000954,0.000066,-0.000426
-0.001717,0.000296,894.870126,1.331445,0.031166,0.000697,0.001021,0.000061,-0.000425
-0.001418,0.000301,895.869981,1.332499,0.031224,0.000273,0.001087,0.000055,-0.000424
-0.001116,0.000305,896.869836,1.333619,0.031277,-0.000151,0.001152,0.00005,-0.000423
-0.000809,0.000308,897.869691,1.334802,0.031325,-0.000573,0.001214,0.000046,-0.000422
-0.0005,0.000311,898.869546,1.336046,0.031369,-0.000994,0.001275,0.000041,-0.00042
-0.000188,0.000313,899.8694,1.337351,0.031408,-0.001413,0.001334,0.000037,-0.000419
0.000126,0.000314,900.869255,1.338713,0.031444,-0.001831,0.001391,0.000033,-0.000417
0.000441,0.000315,901.86911,1.340131,0.031475,-0.002247,0.001446,0.00003,-0.000415
0.000756,0.000315,902.868965,1.341603,0.031503,-0.002661,0.001499,0.000026,-0.000414
0.00107,0.000314,903.86882,1.343128,0.031528,-0.003074,0.001551,0.000023,-0.000412
0.001384,0.000312,904.868675,1.344703,0.031549,-0.003484,0.0016,0.00002,-0.000409
0.001695,0.00031,905.86853,1.346327,0.031568,-0.003892,0.001648,0.000017,-0.000407
0.002004,0.000307,906.868385,1.347998,0.031583,-0.004298,0.001694,0.000014,-0.000405
0.002309,0.000303,907.86824,1.349713,0.031595,-0.004702,0.001738,0.000011,-0.000402
0.00261,0.000299,908.868094,1.351472,0.031605,-0.005103,0.00178,0.000008,-0.0004
0.002907,0.000294,909.867949,1.353273,0.031612,-0.005501,0.001821,0.000006,-0.000397
0.003198,0.000289,910.867804,1.355113,0.031617,-0.005897,0.00186,0.000004,-0.000394
0.003484,0.000284,911.867659,1.356992,0.03162,-0.00629,0.001898,0.000002,-0.000391
0.003765,0.000278,912.867514,1.358907,0.03162,-0.006679,0.001934,0,-0.000388
0.00404,0.000272,913.867369,1.360858,0.031619,-0.007065,0.001968,-0.000002,-0.000385
0.004308,0.000265,914.867224,1.362842,0.031616,-0.007448,0.002001,-0.000004,-0.000381
0.004571,0.000259,915.867079,1.364858,0.031611,-0.007827,0.002032,-0.000005,-0.000377
0.004826,0.000253,916.866934,1.366905,0.031605,-0.008203,0.002062,-0.000007,-0.000374
0.005076,0.000246,917.866788,1.368981,0.031598,-0.008574,0.002091,-0.000008,-0.00037
0.005319,0.00024,918.866643,1.371085,0.031589,-0.008942,0.002118,-0.00001,-0.000365
0.005555,0.000233,919.866498,1.373216,0.031578,-0.009305,0.002144,-0.000011,-0.000361
0.005785,0.000227,920.866353,1.375372,0.031566,-0.009664,0.002169,-0.000013,-0.000357
0.006009,0.00022,921.866208,1.377552,0.031553,-0.010018,0.002192,-0.000014,-0.000352
0.006226,0.000214,922.866063,1.379755,0.031538,-0.010368,0.002214,-0.000015,-0.000347
0.006437,0.000208,923.865918,1.381979,0.031522,-0.010713,0.002235,-0.000016,-0.000343
0.006642,0.000202,924.865773,1.384225,0.031506,-0.011053,0.002255,-0.000016,-0.000338
0.006841,0.000196,925.865628,1.386489,0.03149,-0.011389,0.002274,-0.000016,-0.000334
0.007033,0.00019,926.865482,1.388772,0.031475,-0.011721,0.002292,-0.000015,-0.000329
0.00722,0.000184,927.865337,1.391072,0.031461,-0.012048,0.002309,-0.000012,-0.000325
0.007402,0.000178,928.865192,1.393388,0.03145,-0.012371,0.002324,-0.000009,-0.000321
0.007577,0.000173,929.865047,1.395719,0.031443,-0.01269,0.002339,-0.000005,-0.000317
0.007747,0.000167,930.864902,1.398064,0.031441,-0.013006,0.002353,0,-0.000314
0.007911,0.000161,931.864757,1.400423,0.031444,-0.013318,0.002365,0.000006,-0.00031
0.008069,0.000156,932.864612,1.402794,0.031453,-0.013626,0.002377,0.000012,-0.000307
0.008222,0.00015,933.864467,1.405176,0.031468,-0.013932,0.002388,0.000018,-0.000304
0.008369,0.000144,934.864322,1.407569,0.031488,-0.014234,0.002398,0.000022,-0.000301
0.008509,0.000138,935.864176,1.409971,0.031511,-0.014533,0.002407,0.000024,-0.000298
0.008645,0.000132,936.864031,1.412383,0.031534,-0.01483,0.002416,0.000023,-0.000295
0.008774,0.000126,937.863886,1.414802,0.031556,-0.015123,0.002423,0.000019,-0.000292
0.008897,0.00012,938.863741,1.417228,0.031571,-0.015414,0.00243,0.000011,-0.000288
0.009014,0.000114,939.863596,1.419661,0.031576,-0.0157,0.002436,-0.000001,-0.000285
0.009126,0.000109,940.863451,1.4221,0.031567,-0.015982,0.002442,-0.000017,-0.00028
0.009231,0.000103,941.863306,1.424544,0.031541,-0.01626,0.002446,-0.000035,-0.000275
0.009332,0.000098,942.863161,1.426992,0.031497,-0.016532,0.00245,-0.000054,-0.000269
0.009427,0.000093,943.863016,1.429443,0.031434,-0.016798,0.002453,-0.000073,-0.000263
0.009517,0.000088,944.86287,1.431897,0.031352,-0.017058,0.002456,-0.000091,-0.000256
0.009602,0.000083,945.862725,1.434354,0.031253,-0.01731,0.002458,-0.000107,-0.000249
0.009683,0.000078,946.86258,1.436812,0.03114,-0.017554,0.002459,-0.000119,-0.000241
0.009759,0.000074,947.862435,1.43927,0.031016,-0.017791,0.002459,-0.000128,-0.000232
0.00983,0.000069,948.86229,1.441729,0.030886,-0.018019,0.002459,-0.000133,-0.000224
0.009898,0.000065,949.862145,1.444188,0.030753,-0.018239,0.002458,-0.000133,-0.000216
0.009961,0.000061,950.862,1.446645,0.030622,-0.018451,0.002457,-0.000129,-0.000208
0.010019,0.000057,951.861855,1.449101,0.030496,-0.018655,0.002455,-0.000122,-0.0002
0.010074,0.000052,952.86171,1.451554,0.030379,-0.018851,0.002452,-0.000112,-0.000193
0.010124,0.000048,953.861564,1.454005,0.030274,-0.019041,0.002449,-0.0001,-0.000186
0.010169,0.000043,954.861419,1.456452,0.03018,-0.019223,0.002446,-0.000087,-0.00018
0.01021,0.000038,955.861274,1.458895,0.030099,-0.0194,0.002442,-0.000076,-0.000174
0.010246,0.000034,956.861129,1.461334,0.030028,-0.019572,0.002437,-0.000067,-0.000169
0.010278,0.000029,957.860984,1.463768,0.029964,-0.019739,0.002432,-0.000061,-0.000165
0.010304,0.000024,958.860839,1.466197,0.029904,-0.019902,0.002426,-0.000059,-0.000161
0.010326,0.00002,959.860694,1.468619,0.029844,-0.020061,0.00242,-0.000061,-0.000158
0.010344,0.000016,960.860549,1.471036,0.029781,-0.020217,0.002414,-0.000065,-0.000154
0.010358,0.000012,961.860404,1.473446,0.029713,-0.02037,0.002407,-0.000071,-0.000151
0.010367,0.000008,962.860258,1.475848,0.029638,-0.020519,0.002399,-0.000079,-0.000148
0.010373,0.000004,963.860113,1.478244,0.029556,-0.020666,0.002392,-0.000087,-0.000145
0.010376,0.000001,964.859968,1.480631,0.029465,-0.020809,0.002384,-0.000095,-0.000142
0.010376,-0.000002,965.859823,1.48301,0.029367,-0.020949,0.002375,-0.000102,-0.000139
0.010373,-0.000004,966.859678,1.48538,0.029261,-0.021086,0.002366,-0.000109,-0.000135
0.010367,-0.000007,967.859533,1.487742,0.02915,-0.02122,0.002357,-0.000114,-0.000132
0.01036,-0.000009,968.859388,1.490094,0.029034,-0.021349,0.002348,-0.000119,-0.000128
0.01035,-0.000011,969.859243,1.492436,0.028913,-0.021475,0.002338,-0.000122,-0.000124
0.010338,-0.000013,970.859098,1.494769,0.02879,-0.021597,0.002328,-0.000124,-0.00012
0.010324,-0.000015,971.858952,1.497091,0.028665,-0.021714,0.002317,-0.000126,-0.000115
0.010308,-0.000017,972.858807,1.499402,0.028538,-0.021827,0.002307,-0.000127,-0.00011
0.010291,-0.000018,973.858662,1.501703,0.028411,-0.021935,0.002296,-0.000128,-0.000106
0.010272,-0.00002,974.858517,1.503993,0.028282,-0.022038,0.002284,-0.000129,-0.000101
0.010251,-0.000022,975.858372,1.506271,0.028153,-0.022136,0.002273,-0.00013,-0.000095
0.010228,-0.000023,976.858227,1.508538,0.028022,-0.022229,0.002261,-0.000132,-0.00009
0.010205,-0.000025,977.858082,1.510792,0.027888,-0.022316,0.002249,-0.000135,-0.000085
0.010179,-0.000026,978.857937,1.513035,0.027751,-0.022399,0.002237,-0.000139,-0.000081
0.010153,-0.000027,979.857792,1.515264,0.02761,-0.022478,0.002224,-0.000144,-0.000076
0.010125,-0.000028,980.857646,1.517482,0.027463,-0.022552,0.002211,-0.000149,-0.000072
0.010096,-0.000029,981.857501,1.519686,0.027311,-0.022622,0.002198,-0.000155,-0.000068
0.010067,-0.00003,982.857356,1.521877,0.027153,-0.022688,0.002185,-0.000161,-0.000065
0.010037,-0.00003,983.857211,1.524055,0.02699,-0.022751,0.002171,-0.000165,-0.000062
0.010006,-0.000031,984.857066,1.526219,0.026823,-0.022811,0.002158,-0.000169,-0.000059
0.009975,-0.000031,985.856921,1.52837,0.026652,-0.022869,0.002144,-0.000172,-0.000056
0.009943,-0.000031,986.856776,1.530507,0.02648,-0.022923,0.00213,-0.000173,-0.000053
0.009912,-0.000032,987.856631,1.532629,0.026306,-0.022975,0.002116,-0.000173,-0.000051
0.00988,-0.000032,988.856486,1.534737,0.026133,-0.023025,0.002101,-0.000173,-0.000048
0.009849,-0.000032,989.85634,1.536831,0.025961,-0.023071,0.002087,-0.000172,-0.000044
0.009817,-0.000032,990.856195,1.538911,0.025789,-0.023113,0.002072,-0.000171,-0.000041
0.009785,-0.000032,991.85605,1.540975,0.025618,-0.023153,0.002057,-0.000172,-0.000038
0.009753,-0.000032,992.855905,1.543025,0.025446,-0.023188,0.002043,-0.000173,-0.000034
0.009721,-0.000032,993.85576,1.54506,0.025272,-0.023221,0.002028,-0.000176,-0.000031
0.00969,-0.000032,994.855615,1.547079,0.025094,-0.02325,0.002012,-0.00018,-0.000028
0.009658,-0.000032,995.85547,1.549084,0.024912,-0.023277,0.001997,-0.000185,-0.000025
0.009626,-0.000031,996.855325,1.551073,0.024724,-0.023301,0.001982,-0.00019,-0.000023
0.009595,-0.000031,997.85518,1.553046,0.024532,-0.023323,0.001966,-0.000195,-0.000021
0.009565,-0.00003,998.855034,1.555004,0.024334,-0.023343,0.001951,-0.000201,-0.00002
0.009534,-0.00003,999.854889,1.556947,0.024131,-0.023362,0.001935,-0.000205,-0.000019
0.009505,-0.000029,1000.854744,1.558874,0.023923,-0.02338,0.001919,-0.000209,-0.000018
0.009476,-0.000029,1001.854599,1.560785,0.023713,-0.023398,0.001903,-0.000212,-0.000017
0.009448,-0.000028,1002.854454,1.56268,0.023499,-0.023414,0.001887,-0.000215,-0.000016
0.00942,-0.000027,1003.854309,1.564559,0.023284,-0.02343,0.001871,-0.000216,-0.000015
0.009393,-0.000026,1004.854164,1.566422,0.023067,-0.023445,0.001855,-0.000217,-0.000015
0.009367,-0.000026,1005.854019,1.568268,0.02285,-0.023459,0.001839,-0.000217,-0.000014
0.009342,-0.000025,1006.853874,1.570099,0.022632,-0.023473,0.001823,-0.000218,-0.000013
0.009317,-0.000024,1007.853728,1.571913,0.022415,-0.023485,0.001806,-0.000218,-0.000012
0.009294,-0.000024,1008.853583,1.573711,0.022197,-0.023497,0.00179,-0.000218,-0.000011
0.00927,-0.000023,1009.853438,1.575493,0.02198,-0.023507,0.001774,-0.000218,-0.00001
0.009248,-0.000022,1010.853293,1.577258,0.021762,-0.023516,0.001757,-0.000218,-0.000008
0.009226,-0.000022,1011.853148,1.579007,0.021543,-0.023524,0.001741,-0.000219,-0.000007
0.009204,-0.000021,1012.853003,1.58074,0.021325,-0.02353,0.001724,-0.000219,-0.000005
0.009184,-0.00002,1013.852858,1.582455,0.021106,-0.023534,0.001708,-0.000219,-0.000004
0.009164,-0.00002,1014.852713,1.584155,0.020887,-0.023537,0.001691,-0.000219,-0.000002
0.009144,-0.000019,1015.852568,1.585837,0.020669,-0.023538,0.001675,-0.000218,0
0.009126,-0.000018,1016.852422,1.587503,0.020452,-0.023538,0.001658,-0.000216,0.000001
0.009108,-0.000018,1017.852277,1.589153,0.020237,-0.023535,0.001641,-0.000214,0.000003
0.00909,-0.000017,1018.852132,1.590785,0.020024,-0.023531,0.001625,-0.000211,0.000005
0.009073,-0.000017,1019.851987,1.592401,0.019814,-0.023526,0.001608,-0.000208,0.000006
0.009056,-0.000017,1020.851842,1.594001,0.019608,-0.023519,0.001591,-0.000204,0.000008
0.00904,-0.000016,1021.851697,1.595584,0.019407,-0.02351,0.001575,-0.000199,0.000009
0.009024,-0.000016,1022.851552,1.59715,0.01921,-0.0235,0.001558,-0.000195,0.000011
0.009008,-0.000016,1023.851407,1.598699,0.019017,-0.023489,0.001541,-0.00019,0.000012
0.008992,-0.000016,1024.851262,1.600232,0.018829,-0.023476,0.001525,-0.000186,0.000013
0.008976,-0.000016,1025.851116,1.601748,0.018646,-0.023462,0.001508,-0.000182,0.000015
0.00896,-0.000016,1026.850971,1.603248,0.018466,-0.023447,0.001491,-0.000178,0.000016
0.008944,-0.000016,1027.850826,1.604731,0.018289,-0.02343,0.001475,-0.000176,0.000017
0.008927,-0.000017,1028.850681,1.606197,0.018114,-0.023412,0.001458,-0.000174,0.000019
0.00891,-0.000017,1029.850536,1.607647,0.01794,-0.023393,0.001442,-0.000173,0.00002
0.008893,-0.000017,1030.850391,1.609081,0.017767,-0.023373,0.001425,-0.000173,0.000021
0.008875,-0.000018,1031.850246,1.610498,0.017594,-0.023351,0.001409,-0.000173,0.000022
0.008857,-0.000018,1032.850101,1.611898,0.017421,-0.023328,0.001393,-0.000174,0.000023
0.008839,-0.000019,1033.849956,1.613282,0.017246,-0.023304,0.001376,-0.000175,0.000024
0.00882,-0.000019,1034.849811,1.61465,0.01707,-0.023279,0.00136,-0.000177,0.000025
0.0088,-0.00002,1035.849665,1.616002,0.016892,-0.023253,0.001344,-0.000179,0.000027
0.00878,-0.00002,1036.84952,1.617337,0.016713,-0.023226,0.001327,-0.000181,0.000028
0.00876,-0.000021,1037.849375,1.618656,0.016531,-0.023199,0.001311,-0.000182,0.000028
0.008738,-0.000021,1038.84923,1.61996,0.016348,-0.02317,0.001295,-0.000184,0.000029
0.008717,-0.000022,1039.849085,1.621247,0.016163,-0.02314,0.001279,-0.000186,0.00003
0.008694,-0.000023,1040.84894,1.622518,0.015976,-0.023109,0.001263,-0.000188,0.000031
0.008671,-0.000024,1041.848795,1.623773,0.015787,-0.023078,0.001247,-0.000189,0.000032
0.008647,-0.000024,1042.84865,1.625012,0.015597,-0.023046,0.001231,-0.000191,0.000032
0.008622,-0.000025,1043.848505,1.626235,0.015405,-0.023013,0.001216,-0.000192,0.000033
0.008597,-0.000026,1044.848359,1.627443,0.015212,-0.02298,0.0012,-0.000194,0.000033
0.00857,-0.000027,1045.848214,1.628635,0.015018,-0.022946,0.001184,-0.000195,0.000034
0.008542,-0.000028,1046.848069,1.629811,0.014822,-0.022912,0.001169,-0.000196,0.000034
0.008514,-0.000029,1047.847924,1.630972,0.014625,-0.022878,0.001153,-0.000198,0.000035
0.008484,-0.00003,1048.847779,1.632117,0.014427,-0.022843,0.001138,-0.000199,0.000035
0.008453,-0.000032,1049.847634,1.633247,0.014227,-0.022808,0.001122,-0.0002,0.000035
0.008421,-0.000033,1050.847489,1.634362,0.014027,-0.022773,0.001107,-0.000201,0.000035
0.008387,-0.000034,1051.847344,1.635461,0.013825,-0.022737,0.001092,-0.000202,0.000036
0.008352,-0.000036,1052.847199,1.636545,0.013622,-0.022702,0.001077,-0.000204,0.000036
0.008316,-0.000037,1053.847053,1.637614,0.013418,-0.022666,0.001062,-0.000205,0.000036
0.008278,-0.000038,1054.846908,1.638668,0.013212,-0.02263,0.001046,-0.000206,0.000036
0.008239,-0.00004,1055.846763,1.639706,0.013006,-0.022595,0.001032,-0.000207,0.000035
0.008198,-0.000041,1056.846618,1.64073,0.012799,-0.02256,0.001017,-0.000208,0.000035
0.008156,-0.000043,1057.846473,1.64174,0.01259,-0.022524,0.001002,-0.000209,0.000035
0.008112,-0.000045,1058.846328,1.642734,0.012381,-0.022489,0.000987,-0.00021,0.000035
0.008067,-0.000046,1059.846183,1.643714,0.01217,-0.022455,0.000973,-0.000211,0.000035
0.00802,-0.000048,1060.846038,1.644679,0.011959,-0.02242,0.000958,-0.000212,0.000034
0.007971,-0.000049,1061.845893,1.64563,0.011747,-0.022386,0.000944,-0.000213,0.000034
0.007921,-0.000051,1062.845747,1.646566,0.011534,-0.022353,0.000929,-0.000213,0.000033
0.00787,-0.000053,1063.845602,1.647488,0.011321,-0.022319,0.000915,-0.000214,0.000033
0.007816,-0.000054,1064.845457,1.648396,0.011106,-0.022287,0.000901,-0.000214,0.000033
0.007761,-0.000056,1065.845312,1.64929,0.010892,-0.022254,0.000887,-0.000215,0.000032
0.007705,-0.000057,1066.845167,1.65017,0.010676,-0.022223,0.000873,-0.000215,0.000031
0.007647,-0.000059,1067.845022,1.651036,0.010461,-0.022192,0.000859,-0.000216,0.000031
0.007587,-0.000061,1068.844877,1.651888,0.010245,-0.022161,0.000845,-0.000216,0.00003
0.007525,-0.000062,1069.844732,1.652726,0.010029,-0.022131,0.000832,-0.000216,0.00003
0.007462,-0.000064,1070.844587,1.653551,0.009812,-0.022102,0.000818,-0.000216,0.000029
0.007397,-0.000066,1071.844441,1.654363,0.009596,-0.022074,0.000805,-0.000216,0.000028
0.00733,-0.000068,1072.844296,1.655161,0.00938,-0.022046,0.000791,-0.000216,0.000027
0.007262,-0.000069,1073.844151,1.655945,0.009164,-0.022019,0.000778,-0.000216,0.000027
0.007192,-0.000071,1074.844006,1.656717,0.008948,-0.021993,0.000765,-0.000216,0.000026
0.00712,-0.000073,1075.843861,1.657476,0.008732,-0.021967,0.000752,-0.000215,0.000025
0.007046,-0.000074,1076.843716,1.658221,0.008517,-0.021943,0.000739,-0.000215,0.000024
0.006971,-0.000076,1077.843571,1.658954,0.008302,-0.021919,0.000727,-0.000214,0.000023
0.006894,-0.000078,1078.843426,1.659674,0.008088,-0.021896,0.000714,-0.000214,0.000022
0.006815,-0.00008,1079.843281,1.660382,0.007875,-0.021874,0.000701,-0.000213,0.000022
0.006735,-0.000081,1080.843135,1.661077,0.007663,-0.021853,0.000689,-0.000212,0.000021
0.006653,-0.000083,1081.84299,1.66176,0.007452,-0.021833,0.000677,-0.000211,0.00002
0.006569,-0.000085,1082.842845,1.66243,0.007242,-0.021814,0.000664,-0.00021,0.000019
0.006483,-0.000087,1083.8427,1.663088,0.007033,-0.021795,0.000652,-0.000208,0.000018
0.006395,-0.000088,1084.842555,1.663734,0.006825,-0.021778,0.00064,-0.000207,0.000017
0.006306,-0.00009,1085.84241,1.664369,0.006619,-0.021761,0.000628,-0.000205,0.000016
0.006215,-0.000092,1086.842265,1.664991,0.006415,-0.021745,0.000617,-0.000204,0.000015
0.006122,-0.000094,1087.84212,1.665602,0.006212,-0.021731,0.000605,-0.000202,0.000014
0.006028,-0.000095,1088.841975,1.666201,0.006011,-0.021717,0.000594,-0.0002,0.000013
0.005932,-0.000097,1089.841829,1.666789,0.005812,-0.021704,0.000582,-0.000198,0.000013
0.005834,-0.000098,1090.841684,1.667366,0.005616,-0.021691,0.000571,-0.000195,0.000012
0.005735,-0.0001,1091.841539,1.667931,0.005422,-0.02168,0.00056,-0.000193,0.000011
0.005634,-0.000102,1092.841394,1.668485,0.00523,-0.02167,0.000549,-0.00019,0.00001
0.005532,-0.000103,1093.841249,1.669029,0.005041,-0.02166,0.000538,-0.000187,0.000009
0.005428,-0.000105,1094.841104,1.669561,0.004855,-0.021651,0.000527,-0.000184,0.000009
0.005323,-0.000106,1095.840959,1.670083,0.004673,-0.021643,0.000516,-0.000181,0.000008
0.005216,-0.000107,1096.840814,1.670594,0.004493,-0.021635,0.000506,-0.000178,0.000007
0.005108,-0.000109,1097.840669,1.671095,0.004317,-0.021628,0.000496,-0.000174,0.000007
0.004998,-0.00011,1098.840523,1.671585,0.004145,-0.021621,0.000485,-0.000171,0.000006
0.004888,-0.000112,1099.840378,1.672065,0.003976,-0.021615,0.000475,-0.000167,0.000006
0.004775,-0.000113,1100.840233,1.672535,0.00381,-0.02161,0.000465,-0.000164,0.000005
0.004662,-0.000114,1101.840088,1.672995,0.003648,-0.021604,0.000455,-0.00016,0.000005
0.004547,-0.000115,1102.839943,1.673446,0.00349,-0.021599,0.000446,-0.000157,0.000005
0.004432,-0.000116,1103.839798,1.673886,0.003334,-0.021595,0.000436,-0.000154,0.000004
0.004315,-0.000117,1104.839653,1.674317,0.003182,-0.02159,0.000426,-0.000151,0.000004
0.004197,-0.000118,1105.839508,1.674739,0.003033,-0.021586,0.000417,-0.000148,0.000004
0.004078,-0.000119,1106.839363,1.675152,0.002886,-0.021583,0.000408,-0.000145,0.000004
0.003959,-0.00012,1107.839217,1.675555,0.002742,-0.021579,0.000399,-0.000143,0.000003
0.003838,-0.000121,1108.839072,1.675949,0.002601,-0.021576,0.00039,-0.00014,0.000003
0.003717,-0.000121,1109.838927,1.676334,0.002463,-0.021573,0.000381,-0.000137,0.000003
0.003596,-0.000122,1110.838782,1.676711,0.002328,-0.02157,0.000372,-0.000133,0.000003
0.003474,-0.000122,1111.838637,1.677078,0.002196,-0.021568,0.000364,-0.00013,0.000002
0.003352,-0.000122,1112.838492,1.677438,0.002069,-0.021566,0.000355,-0.000126,0.000002
0.003229,-0.000123,1113.838347,1.677789,0.001945,-0.021564,0.000347,-0.000122,0.000002
0.003107,-0.000123,1114.838202,1.678131,0.001826,-0.021562,0.000339,-0.000118,0.000002
0.002984,-0.000123,1115.838057,1.678466,0.00171,-0.02156,0.00033,-0.000113,0.000002
0.002862,-0.000122,1116.837911,1.678792,0.001599,-0.021559,0.000323,-0.000109,0.000001
0.002739,-0.000122,1117.837766,1.679111,0.001492,-0.021557,0.000315,-0.000105,0.000001
0.002618,-0.000121,1118.837621,1.679422,0.001389,-0.021556,0.000307,-0.000101,0.000001
0.002497,-0.000121,1119.837476,1.679725,0.00129,-0.021554,0.0003,-0.000097,0.000002
0.002376,-0.00012,1120.837331,1.680021,0.001195,-0.021553,0.000292,-0.000093,0.000002
0.002256,-0.000119,1121.837186,1.680309,0.001103,-0.021551,0.000285,-0.00009,0.000002
0.002138,-0.000118,1122.837041,1.680591,0.001015,-0.021549,0.000278,-0.000086,0.000002
0.00202,-0.000117,1123.836896,1.680865,0.000931,-0.021547,0.000271,-0.000082,0.000002
0.001903,-0.000116,1124.836751,1.681133,0.000851,-0.021545,0.000264,-0.000079,0.000003
0.001787,-0.000115,1125.836605,1.681394,0.000774,-0.021542,0.000258,-0.000076,0.000003
0.001673,-0.000114,1126.83646,1.681648,0.0007,-0.021539,0.000251,-0.000072,0.000003
0.001559,-0.000113,1127.836315,1.681897,0.000629,-0.021536,0.000245,-0.000069,0.000004
0.001447,-0.000112,1128.83617,1.682139,0.000562,-0.021532,0.000239,-0.000066,0.000004
0.001336,-0.00011,1129.836025,1.682375,0.000497,-0.021527,0.000234,-0.000063,0.000005
0.001227,-0.000109,1130.83588,1.682606,0.000436,-0.021523,0.000228,-0.00006,0.000005
0.001119,-0.000107,1131.835735,1.682831,0.000377,-0.021517,0.000223,-0.000057,0.000005
0.001013,-0.000105,1132.83559,1.683052,0.000322,-0.021512,0.000218,-0.000054,0.000006
0.00091,-0.000103,1133.835445,1.683267,0.000268,-0.021505,0.000213,-0.000052,0.000007
0.000808,-0.0001,1134.835299,1.683477,0.000218,-0.021499,0.000208,-0.000049,0.000007
0.00071,-0.000097,1135.835154,1.683683,0.00017,-0.021491,0.000204,-0.000047,0.000008
0.000615,-0.000094,1136.835009,1.683884,0.000123,-0.021483,0.000199,-0.000045,0.000008
0.000522,-0.00009,1137.834864,1.684082,0.000079,-0.021475,0.000195,-0.000043,0.000009
0.000434,-0.000087,1138.834719,1.684275,0.000037,-0.021466,0.000192,-0.000042,0.000009
0.000349,-0.000083,1139.834574,1.684465,-0.000004,-0.021456,0.000188,-0.00004,0.00001
0.000268,-0.000079,1140.834429,1.684651,-0.000044,-0.021446,0.000184,-0.000039,0.000011
0.000191,-0.000074,1141.834284,1.684834,-0.000082,-0.021435,0.000181,-0.000038,0.000011
0.00012,-0.000069,1142.834139,1.685014,-0.000119,-0.021423,0.000178,-0.000036,0.000012
0.000053,-0.000064,1143.833993,1.68519,-0.000155,-0.021411,0.000175,-0.000035,0.000012
-0.000009,-0.000059,1144.833848,1.685364,-0.000189,-0.021399,0.000172,-0.000034,0.000013
-0.000065,-0.000053,1145.833703,1.685535,-0.000223,-0.021386,0.00017,-0.000033,0.000013
-0.000116,-0.000048,1146.833558,1.685704,-0.000256,-0.021372,0.000167,-0.000033,0.000014
-0.00016,-0.000041,1147.833413,1.68587,-0.000288,-0.021358,0.000165,-0.000032,0.000015
-0.000199,-0.000035,1148.833268,1.686034,-0.00032,-0.021343,0.000163,-0.000032,0.000015
-0.00023,-0.000028,1149.833123,1.686196,-0.000351,-0.021328,0.000161,-0.000031,0.000016
-0.000255,-0.000021,1150.832978,1.686356,-0.000383,-0.021312,0.000159,-0.000031,0.000016
-0.000272,-0.000014,1151.832833,1.686514,-0.000414,-0.021296,0.000157,-0.000032,0.000017
-0.000282,-0.000006,1152.832687,1.68667,-0.000446,-0.021279,0.000155,-0.000032,0.000017
-0.000283,0.000003,1153.832542,1.686824,-0.000478,-0.021262,0.000153,-0.000032,0.000017
-0.000276,0.000012,1154.832397,1.686977,-0.000511,-0.021244,0.000152,-0.000033,0.000018
-0.000259,0.000021,1155.832252,1.687128,-0.000544,-0.021226,0.00015,-0.000034,0.000018
-0.000234,0.000031,1156.832107,1.687277,-0.000578,-0.021208,0.000149,-0.000035,0.000018
-0.000198,0.000041,1157.831962,1.687426,-0.000614,-0.021189,0.000148,-0.000036,0.000019
-0.000151,0.000052,1158.831817,1.687573,-0.00065,-0.021171,0.000147,-0.000037,0.000019
-0.000094,0.000063,1159.831672,1.687719,-0.000688,-0.021152,0.000145,-0.000039,0.000019
-0.000025,0.000075,1160.831527,1.687864,-0.000727,-0.021133,0.000145,-0.00004,0.000019
0.000055,0.000087,1161.831381,1.688008,-0.000768,-0.021113,0.000144,-0.000042,0.000019
0.000148,0.000099,1162.831236,1.688151,-0.000811,-0.021094,0.000143,-0.000044,0.000019
0.000254,0.000112,1163.831091,1.688294,-0.000855,-0.021075,0.000143,-0.000046,0.000019
0.000372,0.000125,1164.830946,1.688436,-0.000902,-0.021055,0.000142,-0.000048,0.000019
0.000504,0.000138,1165.830801,1.688579,-0.000951,-0.021036,0.000142,-0.00005,0.000019
0.000649,0.000152,1166.830656,1.688721,-0.001002,-0.021017,0.000143,-0.000053,0.000019
0.000807,0.000166,1167.830511,1.688864,-0.001056,-0.020998,0.000143,-0.000055,0.000019
0.00098,0.00018,1168.830366,1.689008,-0.001112,-0.02098,0.000144,-0.000058,0.000018
0.001167,0.000195,1169.830221,1.689152,-0.001171,-0.020961,0.000145,-0.00006,0.000018
0.001369,0.00021,1170.830075,1.689298,-0.001233,-0.020943,0.000146,-0.000063,0.000018
0.001588,0.000227,1171.82993,1.689445,-0.001298,-0.020926,0.000148,-0.000066,0.000017
0.001823,0.000244,1172.829785,1.689594,-0.001365,-0.020909,0.00015,-0.000069,0.000017
0.002076,0.000262,1173.82964,1.689745,-0.001435,-0.020893,0.000153,-0.000071,0.000016
0.002347,0.00028,1174.829495,1.689899,-0.001508,-0.020877,0.000155,-0.000074,0.000015
0.002637,0.000299,1175.82935,1.690056,-0.001583,-0.020862,0.000159,-0.000077,0.000015
0.002946,0.000319,1176.829205,1.690216,-0.001662,-0.020848,0.000162,-0.00008,0.000014
0.003274,0.000339,1177.82906,1.69038,-0.001743,-0.020834,0.000166,-0.000083,0.000013
0.003623,0.000359,1178.828915,1.690549,-0.001827,-0.020822,0.000171,-0.000086,0.000012
0.003993,0.00038,1179.828769,1.690722,-0.001914,-0.02081,0.000175,-0.000088,0.000011
0.004384,0.000402,1180.828624,1.6909,-0.002004,-0.020799,0.000181,-0.000092,0.00001
0.004797,0.000424,1181.828479,1.691083,-0.002097,-0.020789,0.000187,-0.000095,0.000009
0.005232,0.000447,1182.828334,1.691273,-0.002193,-0.02078,0.000193,-0.000098,0.000008
0.005691,0.00047,1183.828189,1.691469,-0.002293,-0.020773,0.0002,-0.000101,0.000007
0.006172,0.000493,1184.828044,1.691673,-0.002395,-0.020766,0.000207,-0.000104,0.000006
0.006677,0.000517,1185.827899,1.691884,-0.002501,-0.020761,0.000215,-0.000108,0.000004
0.007207,0.000541,1186.827754,1.692102,-0.00261,-0.020757,0.000223,-0.000111,0.000003
0.00776,0.000566,1187.827609,1.69233,-0.002722,-0.020755,0.000232,-0.000114,0.000002
0.008339,0.000591,1188.827463,1.692566,-0.002838,-0.020754,0.000241,-0.000116,0
0.008942,0.000616,1189.827318,1.692812,-0.002955,-0.020755,0.000251,-0.000119,-0.000002
0.009571,0.000642,1190.827173,1.693069,-0.003076,-0.020757,0.000262,-0.000122,-0.000003
0.010225,0.000667,1191.827028,1.693336,-0.003199,-0.020761,0.000273,-0.000124,-0.000005
0.010906,0.000693,1192.826883,1.693615,-0.003325,-0.020767,0.000285,-0.000127,-0.000007
0.011612,0.00072,1193.826738,1.693905,-0.003452,-0.020775,0.000297,-0.000129,-0.000008
0.012345,0.000746,1194.826593,1.694209,-0.003583,-0.020784,0.00031,-0.000131,-0.00001
0.013105,0.000773,1195.826448,1.694526,-0.003715,-0.020795,0.000324,-0.000134,-0.000012
0.013891,0.0008,1196.826303,1.694856,-0.00385,-0.020808,0.000338,-0.000136,-0.000014
0.014705,0.000827,1197.826157,1.695202,-0.003987,-0.020823,0.000353,-0.000138,-0.000016
0.015546,0.000855,1198.826012,1.695563,-0.004125,-0.020839,0.000369,-0.00014,-0.000018
0.016414,0.000882,1199.825867,1.69594,-0.004266,-0.020858,0.000385,-0.000141,-0.000019
0.01731,0.00091,1200.825722,1.696334,-0.004408,-0.020878,0.000403,-0.000143,-0.000021
0.018234,0.000938,1201.825577,1.696745,-0.004551,-0.0209,0.000421,-0.000144,-0.000023
0.019186,0.000966,1202.825432,1.697175,-0.004697,-0.020924,0.00044,-0.000146,-0.000025
0.020166,0.000994,1203.825287,1.697625,-0.004843,-0.02095,0.000459,-0.000147,-0.000027
0.021174,0.001022,1204.825142,1.698095,-0.004991,-0.020977,0.00048,-0.000148,-0.000029
0.02221,0.00105,1205.824997,1.698585,-0.005139,-0.021007,0.000502,-0.000149,-0.00003
0.023274,0.001079,1206.824851,1.699098,-0.005288,-0.021038,0.000524,-0.000149,-0.000032
0.024367,0.001107,1207.824706,1.699634,-0.005437,-0.021071,0.000547,-0.000149,-0.000034
0.025488,0.001135,1208.824561,1.700193,-0.005586,-0.021106,0.000572,-0.000149,-0.000036
0.026637,0.001164,1209.824416,1.700777,-0.005735,-0.021142,0.000597,-0.000149,-0.000037
0.027815,0.001192,1210.824271,1.701388,-0.005883,-0.02118,0.000624,-0.000148,-0.000039
0.029021,0.00122,1211.824126,1.702025,-0.00603,-0.02122,0.000651,-0.000147,-0.000041
0.030254,0.001248,1212.823981,1.70269,-0.006176,-0.021262,0.00068,-0.000145,-0.000043
0.031516,0.001276,1213.823836,1.703385,-0.00632,-0.021305,0.00071,-0.000143,-0.000044
0.032806,0.001304,1214.823691,1.70411,-0.006461,-0.021351,0.000741,-0.00014,-0.000046
0.034123,0.001331,1215.823545,1.704866,-0.0066,-0.021398,0.000773,-0.000137,-0.000048
0.035467,0.001358,1216.8234,1.705656,-0.006735,-0.021447,0.000807,-0.000134,-0.00005
0.036839,0.001385,1217.823255,1.70648,-0.006867,-0.021499,0.000842,-0.00013,-0.000053
0.038238,0.001412,1218.82311,1.70734,-0.006995,-0.021553,0.000878,-0.000126,-0.000055
0.039663,0.001438,1219.822965,1.708236,-0.007118,-0.021609,0.000916,-0.000122,-0.000057
0.041114,0.001464,1220.82282,1.709172,-0.007238,-0.021667,0.000955,-0.000117,-0.00006
0.042591,0.00149,1221.822675,1.710147,-0.007353,-0.021728,0.000996,-0.000113,-0.000062
0.044093,0.001515,1222.82253,1.711165,-0.007464,-0.021791,0.001039,-0.000109,-0.000064
0.045619,0.001539,1223.822385,1.712225,-0.00757,-0.021857,0.001083,-0.000104,-0.000066
0.047171,0.001563,1224.822239,1.713331,-0.007672,-0.021924,0.001129,-0.0001,-0.000068
0.048745,0.001587,1225.822094,1.714484,-0.00777,-0.021992,0.001177,-0.000096,-0.00007
0.050343,0.00161,1226.821949,1.715685,-0.007865,-0.022063,0.001227,-0.000093,-0.000071
0.051964,0.001632,1227.821804,1.716938,-0.007956,-0.022134,0.001278,-0.000089,-0.000072
0.053607,0.001654,1228.821659,1.718243,-0.008043,-0.022206,0.001332,-0.000086,-0.000072
0.055271,0.001676,1229.821514,1.719603,-0.008128,-0.022278,0.001388,-0.000083,-0.000072
0.056957,0.001697,1230.821369,1.72102,-0.00821,-0.022349,0.001446,-0.00008,-0.000071
0.058663,0.001717,1231.821224,1.722496,-0.008289,-0.02242,0.001507,-0.000077,-0.00007
0.06039,0.001737,1232.821079,1.724035,-0.008365,-0.022489,0.00157,-0.000074,-0.000068
0.062136,0.001756,1233.820933,1.725637,-0.008437,-0.022556,0.001635,-0.00007,-0.000066
0.063902,0.001775,1234.820788,1.727306,-0.008504,-0.02262,0.001703,-0.000065,-0.000063
0.065686,0.001794,1235.820643,1.729045,-0.008566,-0.022681,0.001774,-0.000059,-0.000059
0.067488,0.001811,1236.820498,1.730855,-0.008621,-0.022738,0.001848,-0.000051,-0.000055
0.069307,0.001828,1237.820353,1.732741,-0.008667,-0.022792,0.001924,-0.000042,-0.000052
0.071143,0.001845,1238.820208,1.734705,-0.008704,-0.022842,0.002004,-0.000031,-0.000048
0.072995,0.00186,1239.820063,1.73675,-0.008729,-0.022888,0.002087,-0.00002,-0.000045
0.074862,0.001875,1240.819918,1.73888,-0.008742,-0.022931,0.002173,-0.000007,-0.000042
0.076742,0.001888,1241.819773,1.741099,-0.008743,-0.022971,0.002263,0.000006,-0.000039
0.078636,0.001901,1242.819627,1.743408,-0.00873,-0.02301,0.002357,0.00002,-0.000038
0.080542,0.001912,1243.819482,1.745814,-0.008703,-0.023047,0.002455,0.000033,-0.000036
0.082459,0.001922,1244.819337,1.748319,-0.008663,-0.023083,0.002556,0.000047,-0.000036
0.084384,0.001931,1245.819192,1.750928,-0.008609,-0.023118,0.002662,0.00006,-0.000035
0.086318,0.001938,1246.819047,1.753646,-0.008542,-0.023154,0.002773,0.000073,-0.000036
0.088258,0.001943,1247.818902,1.756476,-0.008463,-0.02319,0.002888,0.000086,-0.000036
0.090202,0.001947,1248.818757,1.759424,-0.00837,-0.023226,0.003009,0.000099,-0.000037
0.092149,0.001948,1249.818612,1.762495,-0.008265,-0.023264,0.003134,0.000111,-0.000038
0.094096,0.001947,1250.818467,1.765694,-0.008147,-0.023302,0.003265,0.000124,-0.000039
0.096041,0.001944,1251.818321,1.769026,-0.008017,-0.023342,0.003402,0.000137,-0.000041
0.09798,0.001937,1252.818176,1.772499,-0.007873,-0.023383,0.003544,0.00015,-0.000042
0.099912,0.001928,1253.818031,1.776117,-0.007716,-0.023426,0.003693,0.000164,-0.000043
0.101832,0.001915,1254.817886,1.779887,-0.007545,-0.023469,0.003849,0.000178,-0.000044
0.10374,0.001901,1255.817741,1.783817,-0.00736,-0.023514,0.004011,0.000192,-0.000045
0.105631,0.001883,1256.817596,1.787912,-0.007161,-0.02356,0.004181,0.000206,-0.000046
0.107503,0.001862,1257.817451,1.79218,-0.006948,-0.023607,0.004358,0.000221,-0.000047
0.109351,0.001837,1258.817306,1.79663,-0.00672,-0.023654,0.004542,0.000235,-0.000048
0.111173,0.001808,1259.817161,1.801268,-0.006477,-0.023702,0.004735,0.00025,-0.000048
0.112965,0.001777,1260.817016,1.806104,-0.00622,-0.02375,0.004937,0.000265,-0.000048
0.114724,0.001744,1261.81687,1.811145,-0.005947,-0.023798,0.005147,0.000281,-0.000048
0.116448,0.001707,1262.816725,1.816402,-0.005658,-0.023846,0.005367,0.000297,-0.000048
0.118133,0.001666,1263.81658,1.821883,-0.005354,-0.023894,0.005597,0.000313,-0.000048
0.119777,0.001623,1264.816435,1.827598,-0.005032,-0.023941,0.005836,0.00033,-0.000047
0.121376,0.001578,1265.81629,1.833558,-0.004694,-0.023987,0.006086,0.000347,-0.000046
0.122929,0.001531,1266.816145,1.839773,-0.004339,-0.024032,0.006347,0.000364,-0.000044
0.124435,0.001482,1267.816,1.846255,-0.003967,-0.024075,0.006619,0.00038,-0.000042
0.125889,0.001429,1268.815855,1.853015,-0.00358,-0.024117,0.006903,0.000395,-0.00004
0.127289,0.001374,1269.81571,1.860064,-0.003177,-0.024155,0.007199,0.000409,-0.000037
0.128633,0.001318,1270.815564,1.867417,-0.002763,-0.024191,0.007508,0.00042,-0.000034
0.129921,0.00126,1271.815419,1.875085,-0.002338,-0.024223,0.00783,0.000429,-0.00003
0.131149,0.001199,1272.815274,1.883082,-0.001907,-0.024251,0.008166,0.000433,-0.000026
0.132315,0.001135,1273.815129,1.891422,-0.001474,-0.024274,0.008517,0.000433,-0.00002
0.133415,0.001068,1274.814984,1.90012,-0.001043,-0.024291,0.008882,0.000429,-0.000014
0.134448,0.001001,1275.814839,1.90919,-0.000619,-0.024302,0.009262,0.00042,-0.000008
0.135414,0.000932,1276.814694,1.918648,-0.000206,-0.024306,0.009658,0.000406,-0.000001
0.136307,0.000858,1277.814549,1.92851,0.00019,-0.024303,0.010069,0.000388,0.000007
0.137125,0.000779,1278.814404,1.938792,0.000567,-0.024292,0.010498,0.000366,0.000015
0.137862,0.000697,1279.814258,1.949511,0.000921,-0.024274,0.010942,0.000342,0.000023
0.138517,0.000614,1280.814113,1.960682,0.00125,-0.024247,0.011404,0.000316,0.00003
0.139087,0.000527,1281.813968,1.972323,0.001554,-0.024213,0.011882,0.00029,0.000038
0.139566,0.000432,1282.813823,1.984451,0.001831,-0.024172,0.012377,0.000265,0.000046
0.139947,0.000329,1283.813678,1.997081,0.002085,-0.024122,0.012888,0.000242,0.000053
0.140222,0.000221,1284.813533,2.01023,0.002317,-0.024066,0.013415,0.000222,0.00006
0.140387,0.00011,1285.813388,2.023914,0.002531,-0.024002,0.013957,0.000206,0.000067
0.140438,-0.00001,1286.813243,2.038148,0.00273,-0.023932,0.014514,0.000193,0.000074
0.140365,-0.000139,1287.813098,2.052946,0.002919,-0.023855,0.015085,0.000184,0.00008
0.140156,-0.000282,1288.812952,2.06832,0.003099,-0.023772,0.015668,0.000178,0.000086
0.1398,-0.000431,1289.812807,2.084282,0.003276,-0.023683,0.016261,0.000175,0.000091
0.139295,-0.000583,1290.812662,2.100842,0.00345,-0.023589,0.016864,0.000174,0.000096
0.138634,-0.000743,1291.812517,2.118008,0.003625,-0.023491,0.017473,0.000176,0.000101
0.137809,-0.000914,1292.812372,2.135785,0.003802,-0.023389,0.018087,0.000179,0.000104
0.136809,-0.001094,1293.812227,2.154177,0.003984,-0.023283,0.018703,0.000184,0.000107
0.135627,-0.001275,1294.812082,2.173185,0.00417,-0.023174,0.019318,0.000189,0.00011
0.134267,-0.001452,1295.811937,2.192806,0.004363,-0.023064,0.01993,0.000196,0.000111
0.132731,-0.001628,1296.811792,2.213037,0.004563,-0.022953,0.020536,0.000203,0.000111
0.13102,-0.001804,1297.811646,2.233868,0.00477,-0.022842,0.021133,0.000211,0.00011
0.129134,-0.001978,1298.811501,2.255289,0.004985,-0.022734,0.021716,0.00022,0.000108
0.12708,-0.002139,1299.811356,2.277286,0.00521,-0.022627,0.022284,0.00023,0.000104
0.124877,-0.002278,1300.811211,2.299841,0.005446,-0.022525,0.022833,0.000241,0.0001
0.122542,-0.002403,1301.811066,2.322934,0.005692,-0.022428,0.023361,0.000252,0.000095
0.12009,-0.002514,1302.810921,2.346543,0.00595,-0.022336,0.023865,0.000263,0.000089
0.117533,-0.002612,1303.810776,2.370643,0.006219,-0.022251,0.024343,0.000274,0.000082
0.114889,-0.002686,1304.810631,2.395208,0.006499,-0.022173,0.024794,0.000285,0.000074
0.112187,-0.002732,1305.810486,2.420209,0.006788,-0.022104,0.025216,0.000295,0.000066
0.109446,-0.002764,1306.81034,2.445619,0.007087,-0.022043,0.025609,0.000303,0.000057
0.106678,-0.002786,1307.810195,2.471406,0.007395,-0.02199,0.025973,0.000311,0.000048
0.103896,-0.002792,1308.81005,2.497543,0.007709,-0.021948,0.026308,0.000318,0.000038
0.101115,-0.002786,1309.809905,2.523999,0.008029,-0.021914,0.026613,0.000323,0.000029
0.098336,-0.00279,1310.80976,2.550748,0.008353,-0.02189,0.026892,0.000326,0.000019
0.095542,-0.002818,1311.809615,2.577762,0.008679,-0.021875,0.027144,0.000326,0.00001
0.092707,-0.002871,1312.80947,2.605017,0.009004,-0.02187,0.027373,0.000324,0.000001
0.089807,-0.002949,1313.809325,2.632489,0.009326,-0.021874,0.027579,0.000319,-0.000008
0.086811,-0.003066,1314.80918,2.660157,0.00964,-0.021887,0.027766,0.00031,-0.000018
0.08367,-0.003243,1315.809034,2.688004,0.009942,-0.021909,0.027935,0.000296,-0.000027
0.080327,-0.00346,1316.808889,2.716011,0.010229,-0.021941,0.028088,0.000278,-0.000037
0.076765,-0.00368,1317.808744,2.744165,0.010496,-0.021983,0.028228,0.000256,-0.000046
0.07298,-0.003914,1318.808599,2.772454,0.010739,-0.022034,0.028356,0.000229,-0.000056
0.068938,-0.004196,1319.808454,2.800865,0.010953,-0.022095,0.028474,0.0002,-0.000065
0.064606,-0.004476,1320.808309,2.829388,0.011137,-0.022164,0.028582,0.000167,-0.000074
0.060024,-0.004697,1321.808164,2.858015,0.011286,-0.022242,0.028681,0.000132,-0.000082
0.055235,-0.004902,1322.808019,2.886737,0.0114,-0.022328,0.028771,0.000095,-0.000089
0.050227,-0.005138,1323.807874,2.915544,0.011477,-0.022419,0.028852,0.000058,-0.000094
0.044991,-0.005328,1324.807728,2.944429,0.011516,-0.022516,0.028925,0.00002,-0.000099
0.039622,-0.005411,1325.807583,2.973381,0.011517,-0.022616,0.028987,-0.000018,-0.000102
0.034194,-0.005459,1326.807438,3.002389,0.011481,-0.022719,0.029039,-0.000054,-0.000104
0.028713,-0.005516,1327.807293,3.031443,0.011409,-0.022823,0.029078,-0.000089,-0.000104
0.023203,-0.005481,1328.807148,3.060529,0.011304,-0.022927,0.029103,-0.000122,-0.000104
0.01781,-0.005296,1329.807003,3.089634,0.011168,-0.023032,0.029114,-0.000151,-0.000104
0.012639,-0.005047,1330.806858,3.118742,0.011004,-0.023135,0.02911,-0.000177,-0.000103
0.007727,-0.004782,1331.806713,3.147837,0.010816,-0.023237,0.029089,-0.000199,-0.000102
0.003055,-0.004587,1332.806568,3.176903,0.010607,-0.023338,0.029052,-0.000218,-0.0001
-0.001471,-0.004473,1333.806422,3.205924,0.010382,-0.023437,0.028999,-0.000232,-0.000098
-0.005909,-0.004417,1334.806277,3.234884,0.010145,-0.023533,0.028928,-0.000243,-0.000095
-0.01036,-0.00452,1335.806132,3.263765,0.009899,-0.023626,0.028842,-0.000248,-0.000091
-0.014991,-0.004745,1336.805987,3.292551,0.00965,-0.023715,0.028739,-0.000249,-0.000087
-0.019846,-0.004951,1337.805842,3.321227,0.009403,-0.023799,0.028621,-0.000245,-0.000081
-0.024883,-0.005113,1338.805697,3.349776,0.009162,-0.023877,0.028486,-0.000237,-0.000075
-0.030078,-0.005276,1339.805552,3.378183,0.008932,-0.023949,0.028336,-0.000224,-0.000069
-0.035437,-0.005424,1340.805407,3.406432,0.008717,-0.024015,0.02817,-0.000206,-0.000062
-0.040917,-0.005517,1341.805262,3.434506,0.008521,-0.024073,0.027987,-0.000186,-0.000055
-0.046466,-0.005563,1342.805116,3.462389,0.008347,-0.024126,0.027787,-0.000162,-0.000049
-0.05205,-0.005588,1343.804971,3.490063,0.008198,-0.024173,0.027569,-0.000135,-0.000044
-0.057647,-0.005584,1344.804826,3.51751,0.008077,-0.024215,0.027333,-0.000106,-0.00004
-0.06322,-0.005537,1345.804681,3.544712,0.007987,-0.024254,0.027079,-0.000075,-0.000038
-0.068727,-0.005456,1346.804536,3.571649,0.007929,-0.024292,0.026804,-0.000041,-0.000037
-0.074146,-0.00536,1347.804391,3.598303,0.007904,-0.024329,0.02651,-0.000007,-0.000038
-0.079458,-0.00524,1348.804246,3.624652,0.007916,-0.024368,0.026195,0.000029,-0.000041
-0.084636,-0.00509,1349.804101,3.650675,0.007962,-0.024411,0.02586,0.000063,-0.000045
-0.089652,-0.004919,1350.803956,3.676353,0.008041,-0.02446,0.025503,0.000096,-0.000052
-0.094492,-0.004738,1351.80381,3.701663,0.008152,-0.024516,0.025125,0.000126,-0.00006
-0.099143,-0.004539,1352.803665,3.726586,0.00829,-0.02458,0.024727,0.00015,-0.00007
-0.103585,-0.00432,1353.80352,3.7511,0.00845,-0.024655,0.024308,0.000169,-0.000081
-0.107798,-0.004085,1354.803375,3.775186,0.008625,-0.024742,0.023871,0.000181,-0.000092
-0.111772,-0.003843,1355.80323,3.798826,0.008808,-0.02484,0.023415,0.000186,-0.000105
-0.115501,-0.003596,1356.803085,3.822002,0.008992,-0.024951,0.022943,0.000184,-0.000117
-0.11898,-0.003343,1357.80294,3.844697,0.009172,-0.025074,0.022455,0.000176,-0.000129
-0.122201,-0.003083,1358.802795,3.866897,0.009342,-0.025208,0.021952,0.000164,-0.000139
-0.12516,-0.002822,1359.80265,3.888588,0.009499,-0.025352,0.021436,0.00015,-0.000148
-0.12786,-0.002566,1360.802504,3.909757,0.009641,-0.025504,0.020909,0.000135,-0.000155
-0.130308,-0.002318,1361.802359,3.930395,0.00977,-0.025661,0.020372,0.000123,-0.000159
-0.13251,-0.002076,1362.802214,3.950492,0.009888,-0.025821,0.019827,0.000114,-0.00016
-0.134472,-0.001839,1363.802069,3.97004,0.010002,-0.02598,0.019276,0.000112,-0.000158
-0.1362,-0.001611,1364.801924,3.989036,0.010116,-0.026135,0.018721,0.000116,-0.000152
-0.137705,-0.001395,1365.801779,4.007476,0.010238,-0.026282,0.018163,0.000128,-0.000142
-0.139003,-0.001195,1366.801634,4.025357,0.010375,-0.026418,0.017605,0.000146,-0.00013
-0.140106,-0.001007,1367.801489,4.042681,0.010533,-0.02654,0.017047,0.00017,-0.000115
-0.141024,-0.000827,1368.801344,4.059448,0.010718,-0.026646,0.016492,0.000199,-0.000097
-0.141766,-0.000656,1369.801198,4.075662,0.010933,-0.026733,0.015941,0.000231,-0.000077
-0.142342,-0.000497,1370.801053,4.091327,0.011181,-0.0268,0.015395,0.000264,-0.000056
-0.142765,-0.000349,1371.800908,4.10645,0.011461,-0.026845,0.014855,0.000297,-0.000034
-0.143044,-0.000209,1372.800763,4.121038,0.011774,-0.026868,0.014324,0.000328,-0.000012
-0.143186,-0.000074,1373.800618,4.135099,0.012117,-0.026869,0.013802,0.000357,0.00001
-0.143195,0.000055,1374.800473,4.148642,0.012486,-0.026848,0.013289,0.000381,0.000031
-0.143077,0.000178,1375.800328,4.161678,0.012876,-0.026807,0.012787,0.000401,0.000051
-0.14284,0.000294,1376.800183,4.174217,0.013284,-0.026746,0.012296,0.000415,0.00007
-0.14249,0.000406,1377.800038,4.186272,0.013703,-0.026668,0.011817,0.000424,0.000086
-0.142028,0.000516,1378.799892,4.197855,0.014129,-0.026575,0.011351,0.000427,0.000101
-0.141458,0.000622,1379.799747,4.208977,0.014555,-0.026468,0.010897,0.000426,0.000114
-0.140784,0.000724,1380.799602,4.219652,0.014978,-0.026349,0.010456,0.000419,0.000124
-0.14001,0.000821,1381.799457,4.229893,0.015392,-0.02622,0.010029,0.000409,0.000133
-0.13914,0.000916,1382.799312,4.239713,0.015794,-0.026084,0.009614,0.000395,0.00014
-0.138177,0.001008,1383.799167,4.249125,0.016181,-0.025941,0.009213,0.000379,0.000146
-0.137123,0.001097,1384.799022,4.258143,0.016551,-0.025793,0.008825,0.000361,0.000149
-0.135981,0.001183,1385.798877,4.26678,0.016901,-0.025643,0.008451,0.000341,0.000152
-0.134757,0.001263,1386.798732,4.275049,0.017233,-0.02549,0.00809,0.000321,0.000153
-0.133454,0.00134,1387.798586,4.282963,0.017543,-0.025337,0.007741,0.000301,0.000153
-0.132076,0.001412,1388.798441,4.290536,0.017834,-0.025184,0.007406,0.00028,0.000153
-0.130628,0.001482,1389.798296,4.297779,0.018104,-0.025032,0.007083,0.00026,0.000151
-0.129111,0.001548,1390.798151,4.304706,0.018354,-0.024881,0.006772,0.000241,0.00015
-0.127531,0.001609,1391.798006,4.311328,0.018586,-0.024733,0.006474,0.000222,0.000148
-0.125892,0.001666,1392.797861,4.317658,0.018798,-0.024587,0.006188,0.000203,0.000145
-0.124198,0.00172,1393.797716,4.323708,0.018992,-0.024443,0.005913,0.000186,0.000142
-0.122451,0.001771,1394.797571,4.329488,0.01917,-0.024302,0.00565,0.000169,0.00014
-0.120655,0.001819,1395.797426,4.335011,0.019331,-0.024163,0.005398,0.000153,0.000137
-0.118814,0.001862,1396.79728,4.340287,0.019476,-0.024027,0.005156,0.000138,0.000135
-0.116931,0.001902,1397.797135,4.345328,0.019606,-0.023894,0.004926,0.000123,0.000132
-0.115009,0.001939,1398.79699,4.350142,0.019722,-0.023763,0.004705,0.000109,0.00013
-0.113052,0.001973,1399.796845,4.354741,0.019825,-0.023635,0.004494,0.000096,0.000127
-0.111062,0.002005,1400.7967,4.359134,0.019915,-0.023509,0.004293,0.000084,0.000125
-0.109042,0.002034,1401.796555,4.363331,0.019993,-0.023385,0.004102,0.000071,0.000123
-0.106995,0.002059,1402.79641,4.367341,0.020058,-0.023264,0.003919,0.000059,0.00012
-0.104923,0.002083,1403.796265,4.371173,0.02011,-0.023144,0.003746,0.000046,0.000118
-0.102828,0.002105,1404.79612,4.374836,0.02015,-0.023028,0.00358,0.000033,0.000116
-0.100713,0.002125,1405.795974,4.378337,0.020177,-0.022913,0.003423,0.000019,0.000113
-0.098578,0.002143,1406.795829,4.381686,0.020188,-0.022801,0.003274,0.000004,0.000111
-0.096426,0.002159,1407.795684,4.384889,0.020184,-0.022691,0.003133,-0.000013,0.000109
-0.094259,0.002174,1408.795539,4.387955,0.020162,-0.022583,0.002999,-0.000031,0.000106
-0.092078,0.002187,1409.795394,4.39089,0.020121,-0.022478,0.002872,-0.000051,0.000104
-0.089885,0.002199,1410.795249,4.393702,0.020059,-0.022376,0.002753,-0.000073,0.000101
-0.087681,0.002208,1411.795104,4.396398,0.019974,-0.022276,0.00264,-0.000097,0.000099
-0.085469,0.002216,1412.794959,4.398984,0.019865,-0.022179,0.002533,-0.000121,0.000096
-0.08325,0.002221,1413.794814,4.401467,0.019732,-0.022084,0.002433,-0.000145,0.000093
-0.081027,0.002224,1414.794668,4.403853,0.019574,-0.021992,0.00234,-0.000169,0.000091
-0.078802,0.002225,1415.794523,4.406149,0.019395,-0.021903,0.002252,-0.000191,0.000088
-0.076577,0.002223,1416.794378,4.40836,0.019194,-0.021816,0.002171,-0.00021,0.000085
-0.074356,0.002218,1417.794233,4.410492,0.018976,-0.021732,0.002095,-0.000227,0.000082
-0.072142,0.00221,1418.794088,4.412552,0.018742,-0.021652,0.002025,-0.00024,0.000079
-0.069938,0.002198,1419.793943,4.414544,0.018498,-0.021574,0.00196,-0.000249,0.000077
-0.067748,0.002181,1420.793798,4.416474,0.018246,-0.021499,0.001901,-0.000256,0.000074
-0.065577,0.002161,1421.793653,4.418347,0.017988,-0.021426,0.001847,-0.00026,0.000071
-0.063428,0.002136,1422.793508,4.420169,0.017727,-0.021356,0.001798,-0.000262,0.000069
-0.061306,0.002107,1423.793362,4.421945,0.017465,-0.021288,0.001754,-0.000261,0.000066
-0.059216,0.002073,1424.793217,4.423678,0.017205,-0.021223,0.001714,-0.000259,0.000064
-0.057163,0.002034,1425.793072,4.425375,0.016948,-0.02116,0.001679,-0.000255,0.000062
-0.05515,0.001991,1426.792927,4.427038,0.016696,-0.0211,0.001648,-0.000249,0.000059
-0.053182,0.001945,1427.792782,4.428673,0.01645,-0.021042,0.001621,-0.000243,0.000056
-0.051261,0.001896,1428.792637,4.430282,0.016211,-0.020987,0.001597,-0.000236,0.000054
-0.049391,0.001845,1429.792492,4.431868,0.015978,-0.020935,0.001576,-0.00023,0.000051
-0.047571,0.001794,1430.792347,4.433435,0.015751,-0.020886,0.001558,-0.000224,0.000048
-0.045802,0.001746,1431.792202,4.434985,0.015529,-0.02084,0.001542,-0.00022,0.000045
-0.044079,0.001701,1432.792056,4.436519,0.01531,-0.020796,0.001527,-0.000218,0.000042
-0.042398,0.001664,1433.791911,4.438039,0.015093,-0.020755,0.001514,-0.000217,0.000039
-0.040749,0.001636,1434.791766,4.439546,0.014875,-0.020717,0.001501,-0.000218,0.000037
-0.039123,0.001618,1435.791621,4.44104,0.014655,-0.020682,0.001487,-0.000221,0.000034
-0.037512,0.001605,1436.791476,4.442521,0.014432,-0.020649,0.001474,-0.000226,0.000032
-0.035912,0.001595,1437.791331,4.443987,0.014204,-0.020618,0.00146,-0.000231,0.000029
-0.034322,0.001584,1438.791186,4.445439,0.013969,-0.02059,0.001444,-0.000238,0.000027
-0.032744,0.001572,1439.791041,4.446875,0.013728,-0.020564,0.001427,-0.000245,0.000025
-0.03118,0.001556,1440.790896,4.448292,0.013479,-0.020541,0.001408,-0.000252,0.000022
-0.029633,0.001536,1441.79075,4.449689,0.013224,-0.02052,0.001387,-0.000259,0.00002
-0.028109,0.001512,1442.790605,4.451065,0.012961,-0.020501,0.001364,-0.000266,0.000018
-0.026612,0.001482,1443.79046,4.452416,0.012692,-0.020484,0.001339,-0.000272,0.000016
-0.025146,0.001449,1444.790315,4.453741,0.012417,-0.020469,0.001311,-0.000278,0.000013
-0.023716,0.001411,1445.79017,4.455037,0.012137,-0.020457,0.001282,-0.000282,0.000011
-0.022326,0.00137,1446.790025,4.456303,0.011853,-0.020448,0.00125,-0.000286,0.000008
-0.020978,0.001326,1447.78988,4.457535,0.011566,-0.020441,0.001216,-0.000289,0.000006
-0.019676,0.001279,1448.789735,4.458733,0.011276,-0.020437,0.00118,-0.000291,0.000003
-0.018421,0.001231,1449.78959,4.459895,0.010985,-0.020435,0.001143,-0.000292,0
-0.017215,0.001181,1450.789444,4.461018,0.010692,-0.020437,0.001104,-0.000294,-0.000003
-0.016059,0.001131,1451.789299,4.462102,0.010397,-0.020442,0.001064,-0.000296,-0.000006
-0.014953,0.001081,1452.789154,4.463146,0.0101,-0.020449,0.001023,-0.000298,-0.000009
-0.013897,0.001032,1453.789009,4.464148,0.009801,-0.02046,0.000981,-0.000301,-0.000012
-0.01289,0.000983,1454.788864,4.465107,0.009499,-0.020473,0.000938,-0.000304,-0.000015
-0.011932,0.000935,1455.788719,4.466024,0.009193,-0.020489,0.000895,-0.000308,-0.000017
-0.01102,0.000888,1456.788574,4.466897,0.008883,-0.020507,0.000852,-0.000312,-0.00002
-0.010155,0.000843,1457.788429,4.467726,0.008568,-0.020528,0.000808,-0.000317,-0.000022
-0.009334,0.0008,1458.788284,4.468512,0.008248,-0.020551,0.000764,-0.000322,-0.000025
-0.008555,0.000758,1459.788138,4.469254,0.007924,-0.020577,0.00072,-0.000327,-0.000027
-0.007818,0.000717,1460.787993,4.469953,0.007594,-0.020606,0.000677,-0.000333,-0.00003
-0.00712,0.000679,1461.787848,4.470608,0.007259,-0.020636,0.000634,-0.000338,-0.000032
-0.00646,0.000642,1462.787703,4.47122,0.006919,-0.02067,0.000591,-0.000342,-0.000035
-0.005836,0.000606,1463.787558,4.471789,0.006574,-0.020706,0.000548,-0.000347,-0.000038
-0.005247,0.000573,1464.787413,4.472317,0.006226,-0.020745,0.000507,-0.00035,-0.000041
-0.00469,0.00054,1465.787268,4.472803,0.005874,-0.020787,0.000466,-0.000354,-0.000044
-0.004166,0.000509,1466.787123,4.473248,0.005519,-0.020832,0.000425,-0.000356,-0.000047
-0.003672,0.00048,1467.786978,4.473653,0.005163,-0.020881,0.000385,-0.000357,-0.00005
-0.003206,0.000451,1468.786832,4.474019,0.004805,-0.020932,0.000346,-0.000358,-0.000053
-0.002768,0.000424,1469.786687,4.474346,0.004447,-0.020986,0.000308,-0.000358,-0.000056
-0.002357,0.000399,1470.786542,4.474635,0.00409,-0.021043,0.00027,-0.000356,-0.000059
-0.001971,0.000374,1471.786397,4.474887,0.003735,-0.021103,0.000234,-0.000354,-0.000061
-0.001608,0.000351,1472.786252,4.475102,0.003384,-0.021166,0.000198,-0.000349,-0.000064
-0.001267,0.00033,1473.786107,4.475283,0.003037,-0.021232,0.000163,-0.000344,-0.000067
-0.000948,0.000309,1474.785962,4.475428,0.002697,-0.021299,0.000129,-0.000337,-0.000069
-0.000648,0.00029,1475.785817,4.475541,0.002364,-0.021369,0.000096,-0.000329,-0.000071
-0.000367,0.000273,1476.785672,4.47562,0.00204,-0.021441,0.000063,-0.000319,-0.000073
-0.000102,0.000257,1477.785526,4.475668,0.001726,-0.021514,0.000032,-0.000308,-0.000074
0.000147,0.000242,1478.785381,4.475685,0.001424,-0.02159,0.000002,-0.000297,-0.000076
0.000383,0.000229,1479.785236,4.475671,0.001133,-0.021666,-0.000028,-0.000285,-0.000077
0.000606,0.000218,1480.785091,4.475629,0.000855,-0.021744,-0.000057,-0.000273,-0.000078
0.000819,0.000208,1481.784946,4.475559,0.000587,-0.021823,-0.000084,-0.000262,-0.000079
0.001023,0.0002,1482.784801,4.475461,0.000331,-0.021903,-0.000111,-0.000251,-0.00008
0.00122,0.000194,1483.784656,4.475337,0.000084,-0.021984,-0.000137,-0.000243,-0.000082
0.00141,0.000189,1484.784511,4.475188,-0.000155,-0.022066,-0.000162,-0.000235,-0.000083
0.001597,0.000185,1485.784366,4.475014,-0.000388,-0.022149,-0.000186,-0.00023,-0.000084
0.001781,0.000183,1486.78422,4.474817,-0.000616,-0.022233,-0.000209,-0.000226,-0.000085
0.001964,0.000183,1487.784075,4.474597,-0.000841,-0.022319,-0.000231,-0.000224,-0.000087
0.002147,0.000184,1488.78393,4.474355,-0.001065,-0.022406,-0.000253,-0.000224,-0.000088
0.002332,0.000186,1489.783785,4.474092,-0.001289,-0.022495,-0.000273,-0.000225,-0.000089
0.00252,0.00019,1490.78364,4.473809,-0.001516,-0.022585,-0.000293,-0.000228,-0.000091
0.002712,0.000194,1491.783495,4.473506,-0.001746,-0.022677,-0.000312,-0.000232,-0.000092
0.002909,0.0002,1492.78335,4.473185,-0.00198,-0.02277,-0.00033,-0.000237,-0.000094
0.003113,0.000207,1493.783205,4.472847,-0.002221,-0.022864,-0.000348,-0.000244,-0.000095
0.003324,0.000215,1494.78306,4.472491,-0.002468,-0.022959,-0.000364,-0.00025,-0.000096
0.003543,0.000224,1495.782915,4.472118,-0.002721,-0.023055,-0.00038,-0.000257,-0.000096
0.003772,0.000233,1496.782769,4.47173,-0.002982,-0.023151,-0.000396,-0.000264,-0.000097
0.00401,0.000243,1497.782624,4.471327,-0.003249,-0.023248,-0.00041,-0.00027,-0.000097
0.004259,0.000254,1498.782479,4.47091,-0.003521,-0.023345,-0.000424,-0.000275,-0.000096
0.004519,0.000266,1499.782334,4.470479,-0.003799,-0.023441,-0.000438,-0.000279,-0.000096
0.00479,0.000277,1500.782189,4.470035,-0.004079,-0.023536,-0.000451,-0.000282,-0.000095
0.005073,0.000289,1501.782044,4.469578,-0.004362,-0.023631,-0.000463,-0.000284,-0.000094
0.005369,0.000302,1502.781899,4.469109,-0.004646,-0.023725,-0.000475,-0.000284,-0.000094
0.005677,0.000314,1503.781754,4.468628,-0.004929,-0.023818,-0.000486,-0.000283,-0.000093
0.005998,0.000327,1504.781609,4.468137,-0.005212,-0.02391,-0.000497,-0.000282,-0.000091
0.006332,0.000341,1505.781463,4.467634,-0.005493,-0.024001,-0.000508,-0.00028,-0.00009
0.006679,0.000354,1506.781318,4.467122,-0.005772,-0.02409,-0.000517,-0.000278,-0.000089
0.007039,0.000367,1507.781173,4.4666,-0.006049,-0.024178,-0.000527,-0.000277,-0.000087
0.007414,0.000381,1508.781028,4.466068,-0.006325,-0.024265,-0.000536,-0.000275,-0.000086
0.007802,0.000395,1509.780883,4.465528,-0.0066,-0.024351,-0.000545,-0.000274,-0.000085
0.008204,0.000409,1510.780738,4.464979,-0.006872,-0.024435,-0.000553,-0.000271,-0.000084
0.00862,0.000423,1511.780593,4.464422,-0.007142,-0.024518,-0.000561,-0.000268,-0.000083
0.00905,0.000438,1512.780448,4.463857,-0.007408,-0.0246,-0.000569,-0.000264,-0.000081
0.009495,0.000452,1513.780303,4.463285,-0.00767,-0.024681,-0.000576,-0.000259,-0.00008
0.009955,0.000467,1514.780157,4.462706,-0.007926,-0.024761,-0.000583,-0.000253,-0.000079
0.010429,0.000482,1515.780012,4.46212,-0.008176,-0.024839,-0.000589,-0.000247,-0.000078
0.010918,0.000497,1516.779867,4.461528,-0.008419,-0.024917,-0.000595,-0.000239,-0.000077
0.011422,0.000512,1517.779722,4.46093,-0.008655,-0.024993,-0.000601,-0.000232,-0.000075
0.011941,0.000527,1518.779577,4.460326,-0.008882,-0.025068,-0.000607,-0.000224,-0.000074
0.012475,0.000542,1519.779432,4.459717,-0.009102,-0.025141,-0.000612,-0.000216,-0.000073
0.013024,0.000557,1520.779287,4.459103,-0.009315,-0.025213,-0.000617,-0.000208,-0.000071
0.013588,0.000572,1521.779142,4.458484,-0.009519,-0.025283,-0.000621,-0.000201,-0.000069
0.014167,0.000587,1522.778997,4.45786,-0.009717,-0.025351,-0.000626,-0.000194,-0.000067
0.014761,0.000602,1523.778851,4.457233,-0.009908,-0.025417,-0.00063,-0.000188,-0.000066
0.01537,0.000616,1524.778706,4.456601,-0.010093,-0.025482,-0.000633,-0.000181,-0.000064
0.015994,0.000631,1525.778561,4.455966,-0.010271,-0.025545,-0.000637,-0.000175,-0.000062
0.016633,0.000646,1526.778416,4.455328,-0.010444,-0.025605,-0.00064,-0.00017,-0.00006
0.017286,0.000661,1527.778271,4.454686,-0.01061,-0.025664,-0.000643,-0.000164,-0.000058
0.017955,0.000676,1528.778126,4.454042,-0.010771,-0.025721,-0.000646,-0.000158,-0.000056
0.018638,0.000691,1529.777981,4.453395,-0.010926,-0.025775,-0.000648,-0.000151,-0.000054
0.019337,0.000706,1530.777836,4.452746,-0.011074,-0.025828,-0.00065,-0.000145,-0.000051
0.020049,0.00072,1531.777691,4.452094,-0.011215,-0.025878,-0.000653,-0.000138,-0.000049
0.020777,0.000735,1532.777545,4.451441,-0.011349,-0.025926,-0.000654,-0.000131,-0.000047
0.021518,0.000749,1533.7774,4.450786,-0.011476,-0.025972,-0.000656,-0.000124,-0.000045
0.022274,0.000763,1534.777255,4.45013,-0.011597,-0.026016,-0.000657,-0.000118,-0.000043
0.023045,0.000777,1535.77711,4.449472,-0.011712,-0.026057,-0.000658,-0.000112,-0.00004
0.023829,0.000791,1536.776965,4.448813,-0.011822,-0.026097,-0.000659,-0.000107,-0.000038
0.024627,0.000805,1537.77682,4.448153,-0.011926,-0.026133,-0.00066,-0.000102,-0.000036
0.025439,0.000819,1538.776675,4.447493,-0.012026,-0.026168,-0.000661,-0.000097,-0.000034
0.026265,0.000833,1539.77653,4.446832,-0.01212,-0.026201,-0.000661,-0.000092,-0.000032
0.027105,0.000847,1540.776385,4.44617,-0.01221,-0.026232,-0.000662,-0.000086,-0.00003
0.027958,0.00086,1541.776239,4.445509,-0.012293,-0.026261,-0.000662,-0.00008,-0.000028
0.028825,0.000873,1542.776094,4.444847,-0.012369,-0.026288,-0.000662,-0.000073,-0.000026
0.029705,0.000886,1543.775949,4.444186,-0.012438,-0.026313,-0.000661,-0.000065,-0.000024
0.030597,0.000899,1544.775804,4.443525,-0.012498,-0.026335,-0.000661,-0.000056,-0.000022
0.031503,0.000912,1545.775659,4.442864,-0.012549,-0.026356,-0.00066,-0.000047,-0.000019
0.032421,0.000924,1546.775514,4.442204,-0.012591,-0.026374,-0.00066,-0.000038,-0.000017
0.033352,0.000937,1547.775369,4.441545,-0.012624,-0.02639,-0.000659,-0.000029,-0.000015
0.034294,0.000948,1548.775224,4.440887,-0.012649,-0.026403,-0.000658,-0.00002,-0.000012
0.035248,0.00096,1549.775079,4.44023,-0.012664,-0.026414,-0.000657,-0.000012,-0.000009
0.036214,0.000972,1550.774933,4.439573,-0.012672,-0.026421,-0.000656,-0.000004,-0.000006
0.037191,0.000983,1551.774788,4.438919,-0.012673,-0.026426,-0.000654,0.000002,-0.000003
0.038179,0.000994,1552.774643,4.438265,-0.012669,-0.026428,-0.000653,0.000007,0
0.039179,0.001005,1553.774498,4.437613,-0.012659,-0.026427,-0.000651,0.000012,0.000002
0.040189,0.001016,1554.774353,4.436963,-0.012645,-0.026423,-0.00065,0.000015,0.000005
0.04121,0.001026,1555.774208,4.436315,-0.012629,-0.026416,-0.000648,0.000018,0.000008
0.042241,0.001037,1556.774063,4.435668,-0.012609,-0.026407,-0.000646,0.00002,0.000011
0.043283,0.001048,1557.773918,4.435023,-0.012588,-0.026395,-0.000644,0.000022,0.000013
0.044336,0.001058,1558.773773,4.43438,-0.012565,-0.026381,-0.000642,0.000024,0.000015
0.045399,0.001069,1559.773627,4.43374,-0.012539,-0.026365,-0.00064,0.000027,0.000017
0.046473,0.001079,1560.773482,4.433102,-0.01251,-0.026348,-0.000637,0.00003,0.000018
0.047556,0.001089,1561.773337,4.432466,-0.012478,-0.026329,-0.000635,0.000035,0.00002
0.048651,0.001099,1562.773192,4.431832,-0.012439,-0.026309,-0.000632,0.000042,0.00002
0.049755,0.001109,1563.773047,4.431201,-0.012393,-0.026288,-0.00063,0.00005,0.000021
0.050869,0.001119,1564.772902,4.430572,-0.012337,-0.026268,-0.000627,0.000062,0.00002
0.051993,0.001128,1565.772757,4.429946,-0.012269,-0.026248,-0.000625,0.000075,0.00002
0.053125,0.001137,1566.772612,4.429323,-0.012185,-0.026229,-0.000622,0.000092,0.000018
0.054267,0.001146,1567.772467,4.428703,-0.012084,-0.026212,-0.000619,0.00011,0.000016
0.055416,0.001153,1568.772321,4.428086,-0.011964,-0.026197,-0.000616,0.00013,0.000013
0.056573,0.00116,1569.772176,4.427472,-0.011823,-0.026186,-0.000613,0.000151,0.00001
0.057736,0.001167,1570.772031,4.426861,-0.011662,-0.026179,-0.000609,0.00017,0.000005
0.058906,0.001172,1571.771886,4.426253,-0.011484,-0.026175,-0.000606,0.000187,0.000001
0.06008,0.001177,1572.771741,4.425649,-0.011291,-0.026177,-0.000603,0.000198,-0.000004
0.06126,0.001182,1573.771596,4.425049,-0.011091,-0.026183,-0.000599,0.000203,-0.000009
0.062443,0.001186,1574.771451,4.424451,-0.010889,-0.026194,-0.000595,0.000199,-0.000013
0.063631,0.00119,1575.771306,4.423858,-0.010697,-0.026209,-0.000592,0.000186,-0.000016
0.064823,0.001194,1576.771161,4.423268,-0.010523,-0.026226,-0.000588,0.000162,-0.000019
0.066019,0.001198,1577.771015,4.422683,-0.010376,-0.026245,-0.000584,0.000131,-0.000019
0.067219,0.001203,1578.77087,4.422101,-0.010264,-0.026262,-0.00058,0.000094,-0.000016
0.068425,0.001208,1579.770725,4.421523,-0.010188,-0.026276,-0.000576,0.000056,-0.000012
0.069636,0.001214,1580.77058,4.420949,-0.01015,-0.026285,-0.000572,0.000021,-0.000005
0.070852,0.00122,1581.770435,4.42038,-0.010144,-0.026285,-0.000568,-0.000009,0.000004
0.072075,0.001226,1582.77029,4.419814,-0.010165,-0.026276,-0.000564,-0.000033,0.000014
0.073305,0.001233,1583.770145,4.419252,-0.010205,-0.026256,-0.00056,-0.000048,0.000025
0.074541,0.00124,1584.77,4.418695,-0.010256,-0.026226,-0.000556,-0.000055,0.000036
0.075784,0.001246,1585.769855,4.418141,-0.010311,-0.026184,-0.000552,-0.000054,0.000048
0.077033,0.001252,1586.769709,4.417591,-0.01036,-0.02613,-0.000548,-0.000044,0.000059
0.078288,0.001258,1587.769564,4.417045,-0.010395,-0.026066,-0.000544,-0.000025,0.00007
0.079548,0.001263,1588.769419,4.416503,-0.010406,-0.025991,-0.00054,0.000002,0.000079
0.080814,0.001267,1589.769274,4.415965,-0.010387,-0.025908,-0.000536,0.000036,0.000087
0.082082,0.001271,1590.769129,4.415431,-0.010331,-0.025818,-0.000532,0.000076,0.000093
0.083354,0.001273,1591.768984,4.414901,-0.010235,-0.025724,-0.000528,0.000118,0.000096
0.084628,0.001274,1592.768839,4.414374,-0.010097,-0.025627,-0.000525,0.000158,0.000097
0.085903,0.001275,1593.768694,4.413852,-0.009923,-0.02553,-0.000521,0.000192,0.000096
0.087177,0.001275,1594.768549,4.413333,-0.009717,-0.025436,-0.000517,0.000218,0.000092
0.088452,0.001274,1595.768403,4.412818,-0.009491,-0.025346,-0.000513,0.000234,0.000088
0.089726,0.001274,1596.768258,4.412308,-0.009254,-0.025261,-0.000509,0.000241,0.000082
0.090999,0.001273,1597.768113,4.411801,-0.009014,-0.025183,-0.000505,0.000239,0.000076
0.092271,0.001272,1598.767968,4.411298,-0.008779,-0.02511,-0.0005,0.00023,0.000069
0.093543,0.001272,1599.767823,4.4108,-0.008556,-0.025044,-0.000496,0.000217,0.000063
0.094814,0.001271,1600.767678,4.410306,-0.008346,-0.024983,-0.000492,0.000202,0.000057
0.096085,0.001271,1601.767533,4.409816,-0.008153,-0.024929,-0.000488,0.000185,0.000052
0.097357,0.001271,1602.767388,4.409331,-0.007975,-0.02488,-0.000483,0.00017,0.000047
0.098628,0.001272,1603.767243,4.40885,-0.007812,-0.024835,-0.000479,0.000156,0.000042
0.0999,0.001272,1604.767097,4.408373,-0.007662,-0.024795,-0.000474,0.000144,0.000038
0.101172,0.001272,1605.766952,4.407901,-0.007523,-0.024758,-0.00047,0.000135,0.000034
0.102445,0.001273,1606.766807,4.407433,-0.007391,-0.024726,-0.000465,0.000128,0.000031
0.103717,0.001273,1607.766662,4.40697,-0.007265,-0.024696,-0.000461,0.000124,0.000029
0.10499,0.001273,1608.766517,4.406512,-0.007143,-0.024668,-0.000456,0.000121,0.000026
0.106262,0.001272,1609.766372,4.406058,-0.007023,-0.024643,-0.000452,0.00012,0.000024
0.107534,0.001271,1610.766227,4.405608,-0.006903,-0.024619,-0.000447,0.00012,0.000023
0.108805,0.00127,1611.766082,4.405163,-0.006783,-0.024597,-0.000443,0.00012,0.000021
0.110074,0.001269,1612.765937,4.404723,-0.006662,-0.024576,-0.000438,0.000121,0.00002
0.111342,0.001267,1613.765791,4.404287,-0.00654,-0.024556,-0.000434,0.000123,0.00002
0.112608,0.001265,1614.765646,4.403855,-0.006417,-0.024537,-0.000429,0.000124,0.000019
0.113872,0.001263,1615.765501,4.403428,-0.006293,-0.024518,-0.000425,0.000125,0.000018
0.115133,0.00126,1616.765356,4.403006,-0.006168,-0.0245,-0.00042,0.000126,0.000018
0.116392,0.001257,1617.765211,4.402588,-0.006042,-0.024483,-0.000416,0.000126,0.000017
0.117647,0.001254,1618.765066,4.402174,-0.005916,-0.024466,-0.000411,0.000126,0.000017
0.118899,0.00125,1619.764921,4.401765,-0.00579,-0.024449,-0.000407,0.000126,0.000016
0.120148,0.001247,1620.764776,4.40136,-0.005664,-0.024433,-0.000403,0.000125,0.000016
0.121393,0.001243,1621.764631,4.40096,-0.005539,-0.024417,-0.000398,0.000125,0.000016
0.122634,0.001239,1622.764485,4.400564,-0.005415,-0.024402,-0.000394,0.000124,0.000015
0.12387,0.001235,1623.76434,4.400173,-0.005291,-0.024387,-0.000389,0.000123,0.000015
0.125103,0.001231,1624.764195,4.399785,-0.005169,-0.024373,-0.000385,0.000122,0.000014
0.126331,0.001226,1625.76405,4.399403,-0.005047,-0.024359,-0.000381,0.000121,0.000014
0.127555,0.001222,1626.763905,4.399024,-0.004927,-0.024345,-0.000376,0.00012,0.000013
0.128774,0.001217,1627.76376,4.39865,-0.004807,-0.024333,-0.000372,0.000119,0.000013
0.129989,0.001212,1628.763615,4.39828,-0.004689,-0.02432,-0.000368,0.000118,0.000012
0.131198,0.001207,1629.76347,4.397914,-0.004571,-0.024308,-0.000364,0.000117,0.000012
0.132402,0.001202,1630.763325,4.397553,-0.004455,-0.024297,-0.000359,0.000116,0.000011
0.133602,0.001197,1631.763179,4.397196,-0.004339,-0.024286,-0.000355,0.000115,0.00001
0.134796,0.001191,1632.763034,4.396843,-0.004225,-0.024276,-0.000351,0.000114,0.00001
0.135984,0.001186,1633.762889,4.396495,-0.004111,-0.024267,-0.000347,0.000113,0.000009
0.137167,0.00118,1634.762744,4.39615,-0.003999,-0.024257,-0.000342,0.000112,0.000009
0.138344,0.001175,1635.762599,4.39581,-0.003887,-0.024249,-0.000338,0.000111,0.000008
0.139516,0.001169,1636.762454,4.395474,-0.003776,-0.024241,-0.000334,0.00011,0.000008
0.140682,0.001163,1637.762309,4.395142,-0.003667,-0.024233,-0.00033,0.000109,0.000007
0.141842,0.001157,1638.762164,4.394815,-0.003559,-0.024226,-0.000326,0.000108,0.000007
0.142995,0.001151,1639.762019,4.394491,-0.003452,-0.024219,-0.000321,0.000106,0.000007
0.144143,0.001144,1640.761873,4.394172,-0.003346,-0.024213,-0.000317,0.000105,0.000006
0.145284,0.001138,1641.761728,4.393857,-0.003242,-0.024207,-0.000313,0.000104,0.000006
0.146418,0.001132,1642.761583,4.393546,-0.003138,-0.024201,-0.000309,0.000102,0.000005
0.147547,0.001125,1643.761438,4.393239,-0.003037,-0.024196,-0.000305,0.000101,0.000005
0.148668,0.001118,1644.761293,4.392936,-0.002937,-0.024191,-0.000301,0.000099,0.000005
0.149783,0.001112,1645.761148,4.392637,-0.002838,-0.024187,-0.000297,0.000098,0.000004
0.150891,0.001105,1646.761003,4.392342,-0.002741,-0.024182,-0.000293,0.000096,0.000004
0.151992,0.001098,1647.760858,4.392052,-0.002645,-0.024178,-0.000289,0.000095,0.000004
0.153087,0.001091,1648.760713,4.391765,-0.002552,-0.024175,-0.000285,0.000093,0.000004
0.154174,0.001084,1649.760567,4.391482,-0.002459,-0.024171,-0.000281,0.000091,0.000003
0.155253,0.001076,1650.760422,4.391203,-0.002369,-0.024168,-0.000277,0.00009,0.000003
0.156326,0.001069,1651.760277,4.390929,-0.00228,-0.024165,-0.000273,0.000088,0.000003
0.157391,0.001061,1652.760132,4.390658,-0.002193,-0.024162,-0.000269,0.000086,0.000003
0.158448,0.001054,1653.759987,4.390391,-0.002108,-0.024159,-0.000265,0.000084,0.000003
0.159498,0.001046,1654.759842,4.390128,-0.002025,-0.024156,-0.000261,0.000082,0.000003
0.16054,0.001038,1655.759697,4.389869,-0.001944,-0.024154,-0.000257,0.00008,0.000003
0.161575,0.00103,1656.759552,4.389613,-0.001864,-0.024151,-0.000253,0.000079,0.000003
0.162601,0.001022,1657.759407,4.389362,-0.001787,-0.024148,-0.00025,0.000077,0.000003
0.163619,0.001014,1658.759261,4.389114,-0.001711,-0.024146,-0.000246,0.000075,0.000003
0.16463,0.001006,1659.759116,4.38887,-0.001637,-0.024143,-0.000242,0.000073,0.000003
0.165632,0.000998,1660.758971,4.38863,-0.001565,-0.024141,-0.000238,0.000071,0.000003
0.166626,0.00099,1661.758826,4.388394,-0.001496,-0.024138,-0.000234,0.000069,0.000003
0.167611,0.000981,1662.758681,4.388161,-0.001428,-0.024135,-0.000231,0.000067,0.000003
0.168588,0.000973,1663.758536,4.387932,-0.001362,-0.024132,-0.000227,0.000065,0.000003
0.169557,0.000964,1664.758391,4.387707,-0.001298,-0.024129,-0.000223,0.000063,0.000003
0.170517,0.000956,1665.758246,4.387486,-0.001236,-0.024126,-0.00022,0.000061,0.000003
0.171468,0.000947,1666.758101,4.387268,-0.001176,-0.024123,-0.000216,0.000059,0.000003
0.172411,0.000938,1667.757955,4.387053,-0.001118,-0.02412,-0.000213,0.000057,0.000004
0.173345,0.00093,1668.75781,4.386843,-0.001061,-0.024116,-0.000209,0.000055,0.000004
0.17427,0.000921,1669.757665,4.386636,-0.001007,-0.024112,-0.000205,0.000053,0.000004
0.175186,0.000912,1670.75752,4.386432,-0.000955,-0.024108,-0.000202,0.000051,0.000004
0.176093,0.000903,1671.757375,4.386232,-0.000904,-0.024104,-0.000198,0.00005,0.000004
0.176991,0.000894,1672.75723,4.386035,-0.000855,-0.024099,-0.000195,0.000048,0.000005
0.17788,0.000885,1673.757085,4.385842,-0.000809,-0.024094,-0.000192,0.000046,0.000005
0.17876,0.000875,1674.75694,4.385652,-0.000763,-0.024089,-0.000188,0.000044,0.000005
0.179631,0.000866,1675.756795,4.385466,-0.00072,-0.024083,-0.000185,0.000042,0.000006
0.180492,0.000857,1676.756649,4.385283,-0.000679,-0.024077,-0.000181,0.000041,0.000006
0.181345,0.000848,1677.756504,4.385103,-0.000639,-0.024071,-0.000178,0.000039,0.000006
0.182188,0.000838,1678.756359,4.384927,-0.0006,-0.024065,-0.000175,0.000037,0.000007
0.183021,0.000829,1679.756214,4.384754,-0.000564,-0.024058,-0.000171,0.000036,0.000007
0.183846,0.00082,1680.756069,4.384584,-0.000529,-0.024051,-0.000168,0.000034,0.000007
0.184661,0.00081,1681.755924,4.384417,-0.000495,-0.024043,-0.000165,0.000033,0.000008
0.185466,0.000801,1682.755779,4.384254,-0.000463,-0.024036,-0.000162,0.000031,0.000008
0.186262,0.000792,1683.755634,4.384094,-0.000433,-0.024027,-0.000159,0.00003,0.000008
0.187049,0.000782,1684.755489,4.383937,-0.000404,-0.024019,-0.000155,0.000028,0.000009
0.187826,0.000773,1685.755343,4.383783,-0.000376,-0.02401,-0.000152,0.000027,0.000009
0.188594,0.000763,1686.755198,4.383633,-0.00035,-0.024,-0.000149,0.000026,0.00001
0.189353,0.000754,1687.755053,4.383485,-0.000325,-0.023991,-0.000146,0.000024,0.00001
0.190101,0.000744,1688.754908,4.38334,-0.000301,-0.023981,-0.000143,0.000023,0.00001
0.190841,0.000735,1689.754763,4.383199,-0.000279,-0.02397,-0.00014,0.000022,0.000011
0.19157,0.000725,1690.754618,4.38306,-0.000258,-0.023959,-0.000137,0.000021,0.000011
0.192291,0.000716,1691.754473,4.382925,-0.000238,-0.023948,-0.000134,0.000019,0.000011
0.193002,0.000706,1692.754328,4.382792,-0.000219,-0.023937,-0.000131,0.000018,0.000012
0.193703,0.000697,1693.754183,4.382663,-0.000201,-0.023925,-0.000128,0.000017,0.000012
0.194395,0.000687,1694.754037,4.382536,-0.000184,-0.023913,-0.000125,0.000016,0.000012
0.195077,0.000678,1695.753892,4.382412,-0.000168,-0.0239,-0.000122,0.000015,0.000013
0.19575,0.000668,1696.753747,4.382291,-0.000154,-0.023887,-0.00012,0.000014,0.000013
0.196413,0.000659,1697.753602,4.382173,-0.00014,-0.023874,-0.000117,0.000013,0.000013
0.197067,0.000649,1698.753457,4.382058,-0.000127,-0.023861,-0.000114,0.000013,0.000014
0.197711,0.000639,1699.753312,4.381945,-0.000114,-0.023847,-0.000111,0.000012,0.000014
0.198345,0.00063,1700.753167,4.381835,-0.000103,-0.023833,-0.000108,0.000011,0.000014
0.19897,0.00062,1701.753022,4.381728,-0.000092,-0.023819,-0.000106,0.00001,0.000014
0.199586,0.000611,1702.752877,4.381624,-0.000083,-0.023804,-0.000103,0.00001,0.000015
0.200192,0.000601,1703.752731,4.381522,-0.000073,-0.02379,-0.0001,0.000009,0.000015
0.200789,0.000592,1704.752586,4.381423,-0.000065,-0.023775,-0.000098,0.000008,0.000015
0.201376,0.000582,1705.752441,4.381327,-0.000057,-0.023759,-0.000095,0.000008,0.000015
0.201953,0.000573,1706.752296,4.381233,-0.00005,-0.023744,-0.000092,0.000007,0.000015
0.202522,0.000563,1707.752151,4.381142,-0.000043,-0.023729,-0.00009,0.000006,0.000016
0.20308,0.000554,1708.752006,4.381053,-0.000037,-0.023713,-0.000087,0.000006,0.000016
0.203629,0.000545,1709.751861,4.380967,-0.000031,-0.023697,-0.000085,0.000005,0.000016
0.204169,0.000535,1710.751716,4.380884,-0.000026,-0.023681,-0.000082,0.000005,0.000016
0.204699,0.000526,1711.751571,4.380803,-0.000022,-0.023665,-0.00008,0.000004,0.000016
0.20522,0.000516,1712.751425,4.380724,-0.000018,-0.023649,-0.000077,0.000004,0.000016
0.205732,0.000507,1713.75128,4.380648,-0.000014,-0.023632,-0.000075,0.000004,0.000016
0.206234,0.000497,1714.751135,4.380575,-0.000011,-0.023616,-0.000073,0.000003,0.000016
0.206726,0.000488,1715.75099,4.380503,-0.000008,-0.0236,-0.00007,0.000003,0.000016
0.20721,0.000479,1716.750845,4.380434,-0.000005,-0.023583,-0.000068,0.000002,0.000016
0.207684,0.00047,1717.7507,4.380368,-0.000003,-0.023567,-0.000066,0.000002,0.000016
0.208149,0.00046,1718.750555,4.380303,-0.000001,-0.02355,-0.000063,0.000002,0.000016
0.208604,0.000451,1719.75041,4.380241,0.000001,-0.023534,-0.000061,0.000002,0.000016
0.209051,0.000442,1720.750265,4.380181,0.000002,-0.023518,-0.000059,0.000001,0.000016
0.209488,0.000433,1721.75012,4.380124,0.000003,-0.023501,-0.000057,0.000001,0.000016
0.209917,0.000424,1722.749974,4.380068,0.000004,-0.023485,-0.000054,0.000001,0.000016
0.210336,0.000415,1723.749829,4.380015,0.000005,-0.023469,-0.000052,0.000001,0.000016
0.210747,0.000406,1724.749684,4.379964,0.000005,-0.023453,-0.00005,0,0.000016
0.211149,0.000397,1725.749539,4.379915,0.000005,-0.023437,-0.000048,0,0.000016
0.211542,0.000389,1726.749394,4.379868,0.000005,-0.023422,-0.000046,0,0.000016
0.211926,0.00038,1727.749249,4.379824,0.000005,-0.023406,-0.000044,0,0.000015
0.212301,0.000371,1728.749104,4.379781,0.000005,-0.023391,-0.000042,0,0.000015
0.212668,0.000362,1729.748959,4.37974,0.000004,-0.023376,-0.00004,-0.000001,0.000015
0.213026,0.000354,1730.748814,4.379702,0.000004,-0.023361,-0.000038,-0.000001,0.000015
0.213376,0.000345,1731.748668,4.379665,0.000003,-0.023346,-0.000036,-0.000001,0.000015
0.213717,0.000337,1732.748523,4.379631,0.000002,-0.023332,-0.000034,-0.000001,0.000014
0.214049,0.000328,1733.748378,4.379598,0.000001,-0.023318,-0.000032,-0.000001,0.000014
0.214373,0.00032,1734.748233,4.379567,0,-0.023304,-0.00003,-0.000001,0.000014
0.214689,0.000312,1735.748088,4.379539,-0.000001,-0.02329,-0.000028,-0.000001,0.000014
0.214996,0.000303,1736.747943,4.379512,-0.000003,-0.023277,-0.000026,-0.000001,0.000013
0.215296,0.000295,1737.747798,4.379487,-0.000004,-0.023263,-0.000024,-0.000001,0.000013
0.215587,0.000287,1738.747653,4.379464,-0.000005,-0.023251,-0.000022,-0.000001,0.000013
0.215869,0.000279,1739.747508,4.379443,-0.000007,-0.023238,-0.00002,-0.000002,0.000012
0.216144,0.000271,1740.747362,4.379423,-0.000009,-0.023226,-0.000019,-0.000002,0.000012
0.216411,0.000263,1741.747217,4.379405,-0.00001,-0.023214,-0.000017,-0.000002,0.000012
0.21667,0.000255,1742.747072,4.379389,-0.000012,-0.023203,-0.000015,-0.000002,0.000011
0.216921,0.000247,1743.746927,4.379375,-0.000014,-0.023192,-0.000013,-0.000002,0.000011
0.217164,0.000239,1744.746782,4.379363,-0.000015,-0.023181,-0.000012,-0.000002,0.000011
0.2174,0.000232,1745.746637,4.379352,-0.000017,-0.02317,-0.00001,-0.000002,0.00001
0.217628,0.000224,1746.746492,4.379343,-0.000019,-0.02316,-0.000008,-0.000002,0.00001
0.217848,0.000217,1747.746347,4.379335,-0.000021,-0.023151,-0.000007,-0.000002,0.00001
0.218061,0.00021,1748.746202,4.379329,-0.000022,-0.023141,-0.000005,-0.000002,0.000009
0.218267,0.000202,1749.746056,4.379325,-0.000024,-0.023132,-0.000004,-0.000002,0.000009
0.218466,0.000195,1750.745911,4.379322,-0.000026,-0.023124,-0.000002,-0.000002,0.000008
0.218657,0.000188,1751.745766,4.379321,-0.000028,-0.023116,0,-0.000002,0.000008
0.218842,0.000181,1752.745621,4.379321,-0.000029,-0.023108,0.000001,-0.000002,0.000008
0.219019,0.000174,1753.745476,4.379323,-0.000031,-0.0231,0.000003,-0.000002,0.000007
0.21919,0.000167,1754.745331,4.379326,-0.000033,-0.023093,0.000004,-0.000002,0.000007
0.219354,0.000161,1755.745186,4.379331,-0.000035,-0.023086,0.000006,-0.000002,0.000007
0.219511,0.000154,1756.745041,4.379337,-0.000036,-0.02308,0.000007,-0.000002,0.000006
0.219662,0.000147,1757.744896,4.379345,-0.000038,-0.023074,0.000008,-0.000002,0.000006
0.219806,0.000141,1758.74475,4.379354,-0.000039,-0.023068,0.00001,-0.000002,0.000005
0.219943,0.000134,1759.744605,4.379365,-0.000041,-0.023063,0.000011,-0.000001,0.000005
0.220074,0.000128,1760.74446,4.379377,-0.000042,-0.023058,0.000013,-0.000001,0.000005
0.220199,0.000122,1761.744315,4.37939,-0.000044,-0.023053,0.000014,-0.000001,0.000004
0.220318,0.000115,1762.74417,4.379405,-0.000045,-0.023049,0.000015,-0.000001,0.000004
0.22043,0.000109,1763.744025,4.379421,-0.000046,-0.023045,0.000017,-0.000001,0.000004
0.220536,0.000103,1764.74388,4.379439,-0.000048,-0.023041,0.000018,-0.000001,0.000003
0.220636,0.000097,1765.743735,4.379458,-0.000049,-0.023038,0.000019,-0.000001,0.000003
0.22073,0.000091,1766.74359,4.379478,-0.00005,-0.023035,0.000021,-0.000001,0.000003
0.220818,0.000085,1767.743444,4.379499,-0.000051,-0.023032,0.000022,-0.000001,0.000003
0.2209,0.000079,1768.743299,4.379522,-0.000052,-0.02303,0.000023,-0.000001,0.000002
0.220976,0.000073,1769.743154,4.379546,-0.000053,-0.023028,0.000025,-0.000001,0.000002
0.221047,0.000067,1770.743009,4.379571,-0.000053,-0.023026,0.000026,-0.000001,0.000002
0.221111,0.000062,1771.742864,4.379597,-0.000054,-0.023024,0.000027,-0.000001,0.000002
0.22117,0.000056,1772.742719,4.379625,-0.000055,-0.023022,0.000028,-0.000001,0.000001
0.221223,0.00005,1773.742574,4.379654,-0.000055,-0.023021,0.000029,0,0.000001
0.22127,0.000045,1774.742429,4.379684,-0.000055,-0.02302,0.000031,0,0.000001
0.221312,0.000039,1775.742284,4.379715,-0.000056,-0.023019,0.000032,0,0.000001
0.221348,0.000033,1776.742138,4.379747,-0.000056,-0.023019,0.000033,0,0.000001
0.221379,0.000028,1777.741993,4.379781,-0.000056,-0.023018,0.000034,0,0
0.221404,0.000022,1778.741848,4.379815,-0.000056,-0.023018,0.000035,0,0
0.221423,0.000017,1779.741703,4.379851,-0.000056,-0.023017,0.000036,0,0
0.221438,0.000012,1780.741558,4.379888,-0.000056,-0.023017,0.000037,0,0
0.221447,0.000006,1781.741413,4.379925,-0.000055,-0.023017,0.000038,0,0
0.22145,0.000001,1782.741268,4.379964,-0.000055,-0.023017,0.000039,0.000001,0
0.221449,-0.000004,1783.741123,4.380004,-0.000054,-0.023017,0.00004,0.000001,0
0.221442,-0.000009,1784.740978,4.380045,-0.000054,-0.023017,0.000041,0.000001,0
0.22143,-0.000014,1785.740832,4.380086,-0.000053,-0.023018,0.000042,0.000001,0
0.221414,-0.000019,1786.740687,4.380129,-0.000052,-0.023018,0.000043,0.000001,0
0.221392,-0.000024,1787.740542,4.380173,-0.000051,-0.023018,0.000044,0.000001,0
0.221366,-0.000029,1788.740397,4.380217,-0.00005,-0.023018,0.000045,0.000001,0
0.221335,-0.000033,1789.740252,4.380262,-0.000049,-0.023019,0.000046,0.000001,0
0.221299,-0.000038,1790.740107,4.380308,-0.000047,-0.023019,0.000047,0.000001,0
0.221259,-0.000042,1791.739962,4.380355,-0.000046,-0.023019,0.000047,0.000002,0
0.221215,-0.000046,1792.739817,4.380403,-0.000044,-0.023019,0.000048,0.000002,0
0.221166,-0.000051,1793.739672,4.380452,-0.000043,-0.023019,0.000049,0.000002,0
0.221114,-0.000055,1794.739526,4.380501,-0.000041,-0.023019,0.00005,0.000002,0
0.221057,-0.000059,1795.739381,4.380551,-0.000039,-0.023018,0.000051,0.000002,0
0.220996,-0.000063,1796.739236,4.380602,-0.000037,-0.023018,0.000051,0.000002,0
0.220932,-0.000066,1797.739091,4.380654,-0.000035,-0.023017,0.000052,0.000002,0.000001
0.220864,-0.00007,1798.738946,4.380706,-0.000033,-0.023017,0.000053,0.000002,0.000001
0.220792,-0.000073,1799.738801,4.380759,-0.00003,-0.023016,0.000053,0.000002,0.000001
0.220717,-0.000077,1800.738656,4.380813,-0.000028,-0.023015,0.000054,0.000002,0.000001
0.220639,-0.00008,1801.738511,4.380867,-0.000026,-0.023013,0.000055,0.000003,0.000001
0.220557,-0.000083,1802.738366,4.380922,-0.000023,-0.023012,0.000056,0.000003,0.000002
0.220472,-0.000087,1803.73822,4.380978,-0.00002,-0.02301,0.000056,0.000003,0.000002
0.220384,-0.00009,1804.738075,4.381035,-0.000018,-0.023008,0.000057,0.000003,0.000002
0.220292,-0.000093,1805.73793,4.381092,-0.000015,-0.023006,0.000058,0.000003,0.000002
0.220198,-0.000096,1806.737785,4.38115,-0.000012,-0.023003,0.000058,0.000003,0.000003
0.220101,-0.000099,1807.73764,4.381208,-0.000009,-0.023001,0.000059,0.000003,0.000003
0.220001,-0.000102,1808.737495,4.381268,-0.000006,-0.022997,0.00006,0.000003,0.000003
0.219898,-0.000105,1809.73735,4.381327,-0.000003,-0.022994,0.00006,0.000003,0.000003
0.219792,-0.000107,1810.737205,4.381388,0,-0.02299,0.000061,0.000003,0.000004
0.219683,-0.00011,1811.73706,4.381449,0.000003,-0.022987,0.000061,0.000003,0.000004
0.219572,-0.000113,1812.736914,4.381511,0.000007,-0.022982,0.000062,0.000003,0.000004
0.219457,-0.000116,1813.736769,4.381573,0.00001,-0.022978,0.000063,0.000003,0.000005
0.219341,-0.000118,1814.736624,4.381636,0.000013,-0.022973,0.000063,0.000003,0.000005
0.219221,-0.000121,1815.736479,4.381699,0.000017,-0.022968,0.000064,0.000003,0.000005
0.219099,-0.000123,1816.736334,4.381763,0.00002,-0.022962,0.000064,0.000003,0.000006
0.218974,-0.000126,1817.736189,4.381828,0.000023,-0.022956,0.000065,0.000003,0.000006
0.218847,-0.000128,1818.736044,4.381893,0.000027,-0.02295,0.000065,0.000003,0.000006
0.218717,-0.000131,1819.735899,4.381959,0.00003,-0.022944,0.000066,0.000003,0.000007
0.218585,-0.000133,1820.735754,4.382025,0.000034,-0.022937,0.000067,0.000003,0.000007
0.218451,-0.000136,1821.735608,4.382092,0.000037,-0.02293,0.000067,0.000003,0.000007
0.218314,-0.000138,1822.735463,4.38216,0.00004,-0.022923,0.000068,0.000003,0.000008
0.218175,-0.00014,1823.735318,4.382227,0.000044,-0.022915,0.000068,0.000003,0.000008
0.218033,-0.000143,1824.735173,4.382296,0.000047,-0.022907,0.000069,0.000003,0.000008
0.21789,-0.000145,1825.735028,4.382364,0.00005,-0.022899,0.000069,0.000003,0.000008
0.217744,-0.000147,1826.734883,4.382434,0.000054,-0.02289,0.000069,0.000003,0.000009
0.217596,-0.000149,1827.734738,4.382503,0.000057,-0.022881,0.00007,0.000003,0.000009
0.217446,-0.000151,1828.734593,4.382573,0.00006,-0.022872,0.00007,0.000003,0.000009
0.217294,-0.000153,1829.734448,4.382644,0.000063,-0.022863,0.000071,0.000003,0.000009
0.21714,-0.000155,1830.734302,4.382715,0.000066,-0.022853,0.000071,0.000003,0.00001
0.216985,-0.000157,1831.734157,4.382786,0.000069,-0.022844,0.000072,0.000003,0.00001
0.216827,-0.000158,1832.734012,4.382858,0.000072,-0.022834,0.000072,0.000003,0.00001
0.216668,-0.00016,1833.733867,4.38293,0.000075,-0.022823,0.000072,0.000003,0.00001
0.216508,-0.000162,1834.733722,4.383003,0.000077,-0.022813,0.000073,0.000003,0.00001
0.216345,-0.000163,1835.733577,4.383075,0.00008,-0.022803,0.000073,0.000002,0.000011
0.216182,-0.000164,1836.733432,4.383149,0.000082,-0.022792,0.000073,0.000002,0.000011
0.216017,-0.000166,1837.733287,4.383222,0.000085,-0.022781,0.000074,0.000002,0.000011
0.21585,-0.000167,1838.733142,4.383296,0.000087,-0.022771,0.000074,0.000002,0.000011
0.215683,-0.000168,1839.732996,4.38337,0.000089,-0.02276,0.000074,0.000002,0.000011
0.215514,-0.000169,1840.732851,4.383445,0.000091,-0.022749,0.000075,0.000002,0.000011
0.215344,-0.00017,1841.732706,4.383519,0.000093,-0.022738,0.000075,0.000002,0.000011
0.215173,-0.000171,1842.732561,4.383594,0.000094,-0.022727,0.000075,0.000002,0.000011
0.215002,-0.000172,1843.732416,4.38367,0.000096,-0.022716,0.000076,0.000001,0.000011
0.214829,-0.000173,1844.732271,4.383745,0.000097,-0.022705,0.000076,0.000001,0.000011
0.214656,-0.000174,1845.732126,4.383821,0.000098,-0.022695,0.000076,0.000001,0.000011
0.214482,-0.000174,1846.731981,4.383898,0.0001,-0.022684,0.000076,0.000001,0.000011
0.214307,-0.000175,1847.731836,4.383974,0.0001,-0.022674,0.000077,0.000001,0.00001
0.214132,-0.000176,1848.73169,4.384051,0.000101,-0.022663,0.000077,0.000001,0.00001
0.213956,-0.000176,1849.731545,4.384128,0.000102,-0.022653,0.000077,0,0.00001
0.21378,-0.000177,1850.7314,4.384205,0.000102,-0.022643,0.000077,0,0.00001
0.213603,-0.000177,1851.731255,4.384283,0.000102,-0.022634,0.000078,0,0.000009
0.213426,-0.000178,1852.73111,4.384361,0.000102,-0.022625,0.000078,0,0.000009
0.213248,-0.000178,1853.730965,4.384439,0.000102,-0.022616,0.000078,0,0.000009
0.21307,-0.000178,1854.73082,4.384517,0.000102,-0.022607,0.000079,0,0.000009
0.212891,-0.000179,1855.730675,4.384596,0.000102,-0.022598,0.000079,-0.000001,0.000008
0.212712,-0.000179,1856.73053,4.384674,0.000101,-0.022591,0.000079,-0.000001,0.000008
0.212533,-0.00018,1857.730384,4.384754,0.0001,-0.022583,0.000079,-0.000001,0.000007
0.212353,-0.00018,1858.730239,4.384833,0.000099,-0.022576,0.000079,-0.000001,0.000007
0.212173,-0.00018,1859.730094,4.384912,0.000098,-0.022569,0.00008,-0.000001,0.000006
0.211992,-0.000181,1860.729949,4.384992,0.000097,-0.022563,0.00008,-0.000001,0.000006
0.211811,-0.000181,1861.729804,4.385072,0.000096,-0.022558,0.00008,-0.000001,0.000005
0.21163,-0.000182,1862.729659,4.385152,0.000094,-0.022553,0.00008,-0.000002,0.000005
0.211448,-0.000182,1863.729514,4.385233,0.000093,-0.022548,0.00008,-0.000002,0.000004
0.211266,-0.000182,1864.729369,4.385313,0.000091,-0.022544,0.000081,-0.000002,0.000004
0.211083,-0.000183,1865.729224,4.385394,0.000089,-0.022541,0.000081,-0.000002,0.000003
0.2109,-0.000183,1866.729078,4.385475,0.000087,-0.022538,0.000081,-0.000002,0.000002
0.210717,-0.000183,1867.728933,4.385556,0.000085,-0.022536,0.000081,-0.000002,0.000002
0.210534,-0.000183,1868.728788,4.385637,0.000083,-0.022535,0.000081,-0.000002,0.000001
0.210351,-0.000184,1869.728643,4.385719,0.000081,-0.022534,0.000081,-0.000002,0
0.210167,-0.000184,1870.728498,4.3858,0.000079,-0.022534,0.000082,-0.000002,0
0.209983,-0.000184,1871.728353,4.385881,0.000076,-0.022535,0.000082,-0.000002,-0.000001
0.209799,-0.000184,1872.728208,4.385963,0.000074,-0.022536,0.000082,-0.000002,-0.000002
0.209614,-0.000184,1873.728063,4.386045,0.000071,-0.022538,0.000082,-0.000002,-0.000002
0.20943,-0.000184,1874.727918,4.386127,0.000069,-0.022541,0.000082,-0.000003,-0.000003
0.209246,-0.000184,1875.727772,4.386209,0.000066,-0.022544,0.000082,-0.000003,-0.000004
0.209061,-0.000184,1876.727627,4.386291,0.000064,-0.022549,0.000082,-0.000003,-0.000005
0.208877,-0.000184,1877.727482,4.386373,0.000061,-0.022554,0.000082,-0.000003,-0.000005
0.208692,-0.000184,1878.727337,4.386455,0.000059,-0.022559,0.000082,-0.000002,-0.000006
0.208508,-0.000184,1879.727192,4.386537,0.000056,-0.022566,0.000082,-0.000002,-0.000007
0.208324,-0.000184,1880.727047,4.386619,0.000054,-0.022573,0.000082,-0.000002,-0.000007
0.20814,-0.000184,1881.726902,4.386701,0.000052,-0.022581,0.000082,-0.000002,-0.000008
0.207956,-0.000184,1882.726757,4.386784,0.000049,-0.022589,0.000082,-0.000002,-0.000009
0.207773,-0.000184,1883.726612,4.386866,0.000047,-0.022598,0.000082,-0.000002,-0.00001
0.207589,-0.000183,1884.726466,4.386948,0.000045,-0.022608,0.000082,-0.000002,-0.00001
0.207406,-0.000183,1885.726321,4.387031,0.000043,-0.022619,0.000082,-0.000002,-0.000011
0.207223,-0.000183,1886.726176,4.387113,0.000041,-0.02263,0.000082,-0.000002,-0.000012
0.20704,-0.000183,1887.726031,4.387196,0.000039,-0.022642,0.000082,-0.000002,-0.000012
0.206858,-0.000182,1888.725886,4.387278,0.000038,-0.022654,0.000082,-0.000002,-0.000013
0.206675,-0.000182,1889.725741,4.38736,0.000036,-0.022667,0.000082,-0.000001,-0.000013
0.206493,-0.000182,1890.725596,4.387443,0.000035,-0.022681,0.000082,-0.000001,-0.000014
0.206311,-0.000182,1891.725451,4.387525,0.000033,-0.022695,0.000082,-0.000001,-0.000014
0.20613,-0.000181,1892.725306,4.387608,0.000032,-0.02271,0.000082,-0.000001,-0.000015
0.205949,-0.000181,1893.72516,4.38769,0.000032,-0.022725,0.000082,-0.000001,-0.000015
0.205768,-0.000181,1894.725015,4.387773,0.000031,-0.02274,0.000082,-0.000001,-0.000016
0.205588,-0.00018,1895.72487,4.387855,0.00003,-0.022756,0.000082,0,-0.000016
0.205407,-0.00018,1896.724725,4.387937,0.00003,-0.022773,0.000082,0,-0.000017
0.205228,-0.00018,1897.72458,4.38802,0.00003,-0.022789,0.000082,0,-0.000017
0.205048,-0.000179,1898.724435,4.388102,0.00003,-0.022806,0.000082,0,-0.000017
0.204869,-0.000179,1899.72429,4.388184,0.000031,-0.022824,0.000082,0.000001,-0.000017
0.20469,-0.000179,1900.724145,4.388266,0.000031,-0.022841,0.000082,0.000001,-0.000018
0.204512,-0.000178,1901.724,4.388348,0.000032,-0.022859,0.000082,0.000001,-0.000018
0.204334,-0.000178,1902.723854,4.38843,0.000034,-0.022876,0.000082,0.000001,-0.000018
0.204156,-0.000177,1903.723709,4.388512,0.000035,-0.022894,0.000082,0.000002,-0.000018
0.203979,-0.000177,1904.723564,4.388594,0.000037,-0.022912,0.000082,0.000002,-0.000018
0.203802,-0.000177,1905.723419,4.388676,0.000039,-0.02293,0.000082,0.000002,-0.000018
0.203625,-0.000177,1906.723274,4.388758,0.000041,-0.022948,0.000082,0.000002,-0.000018
0.203449,-0.000177,1907.723129,4.38884,0.000043,-0.022966,0.000082,0.000003,-0.000018
0.203272,-0.000176,1908.722984,4.388921,0.000046,-0.022984,0.000082,0.000003,-0.000018
0.203096,-0.000176,1909.722839,4.389003,0.000049,-0.023002,0.000082,0.000003,-0.000018
0.202919,-0.000176,1910.722694,4.389085,0.000052,-0.023019,0.000082,0.000003,-0.000017
0.202743,-0.000176,1911.722548,4.389166,0.000055,-0.023037,0.000082,0.000004,-0.000017
0.202567,-0.000177,1912.722403,4.389248,0.000059,-0.023054,0.000082,0.000004,-0.000017
0.20239,-0.000177,1913.722258,4.389329,0.000063,-0.02307,0.000081,0.000004,-0.000017
0.202213,-0.000177,1914.722113,4.389411,0.000067,-0.023087,0.000081,0.000004,-0.000016
0.202036,-0.000177,1915.721968,4.389492,0.000072,-0.023103,0.000081,0.000005,-0.000016
0.201858,-0.000178,1916.721823,4.389574,0.000076,-0.023118,0.000081,0.000005,-0.000015
0.20168,-0.000178,1917.721678,4.389655,0.000081,-0.023133,0.000081,0.000005,-0.000015
0.201502,-0.000179,1918.721533,4.389736,0.000086,-0.023148,0.000081,0.000005,-0.000014
0.201323,-0.000179,1919.721388,4.389817,0.000092,-0.023162,0.000081,0.000005,-0.000014
0.201144,-0.00018,1920.721242,4.389897,0.000097,-0.023175,0.000081,0.000006,-0.000013
0.200964,-0.00018,1921.721097,4.389978,0.000103,-0.023188,0.000081,0.000006,-0.000012
0.200783,-0.000181,1922.720952,4.390059,0.000109,-0.0232,0.00008,0.000006,-0.000012
0.200602,-0.000181,1923.720807,4.390139,0.000115,-0.023212,0.00008,0.000006,-0.000011
0.20042,-0.000182,1924.720662,4.390219,0.000121,-0.023222,0.00008,0.000006,-0.00001
0.200238,-0.000182,1925.720517,4.390299,0.000127,-0.023233,0.00008,0.000006,-0.00001
0.200056,-0.000183,1926.720372,4.390379,0.000133,-0.023242,0.00008,0.000006,-0.000009
0.199872,-0.000183,1927.720227,4.390458,0.00014,-0.02325,0.000079,0.000007,-0.000008
0.199689,-0.000184,1928.720082,4.390538,0.000147,-0.023258,0.000079,0.000007,-0.000007
0.199505,-0.000184,1929.719936,4.390617,0.000153,-0.023265,0.000079,0.000007,-0.000006
0.19932,-0.000185,1930.719791,4.390695,0.00016,-0.023271,0.000079,0.000007,-0.000006
0.199135,-0.000185,1931.719646,4.390774,0.000167,-0.023276,0.000079,0.000007,-0.000005
0.198949,-0.000186,1932.719501,4.390852,0.000174,-0.023281,0.000078,0.000007,-0.000004
0.198763,-0.000186,1933.719356,4.390931,0.000181,-0.023284,0.000078,0.000007,-0.000003
0.198577,-0.000187,1934.719211,4.391009,0.000188,-0.023287,0.000078,0.000007,-0.000002
0.19839,-0.000187,1935.719066,4.391086,0.000195,-0.023288,0.000078,0.000007,-0.000001
0.198203,-0.000188,1936.718921,4.391164,0.000202,-0.023289,0.000077,0.000007,0
0.198015,-0.000188,1937.718776,4.391241,0.000209,-0.023289,0.000077,0.000007,0.000001
0.197827,-0.000189,1938.71863,4.391318,0.000216,-0.023288,0.000077,0.000007,0.000001
0.197638,-0.000189,1939.718485,4.391395,0.000223,-0.023286,0.000077,0.000007,0.000002
0.197449,-0.00019,1940.71834,4.391472,0.00023,-0.023284,0.000077,0.000007,0.000003
0.197259,-0.00019,1941.718195,4.391548,0.000237,-0.02328,0.000076,0.000007,0.000004
0.197068,-0.000191,1942.71805,4.391624,0.000244,-0.023276,0.000076,0.000007,0.000005
0.196876,-0.000192,1943.717905,4.391701,0.000251,-0.02327,0.000076,0.000007,0.000006
0.196683,-0.000193,1944.71776,4.391777,0.000257,-0.023264,0.000076,0.000007,0.000007
0.19649,-0.000194,1945.717615,4.391852,0.000264,-0.023257,0.000076,0.000006,0.000007
0.196295,-0.000195,1946.71747,4.391928,0.00027,-0.023249,0.000075,0.000006,0.000008
0.196099,-0.000197,1947.717325,4.392003,0.000276,-0.023241,0.000075,0.000006,0.000009
0.195902,-0.000198,1948.717179,4.392078,0.000282,-0.023231,0.000075,0.000006,0.00001
0.195704,-0.000199,1949.717034,4.392153,0.000288,-0.023221,0.000075,0.000006,0.000011
0.195504,-0.000201,1950.716889,4.392228,0.000294,-0.02321,0.000075,0.000006,0.000011
0.195302,-0.000202,1951.716744,4.392303,0.0003,-0.023198,0.000074,0.000005,0.000012
0.195099,-0.000204,1952.716599,4.392377,0.000305,-0.023186,0.000074,0.000005,0.000013
0.194895,-0.000205,1953.716454,4.392451,0.00031,-0.023173,0.000074,0.000005,0.000013
0.194689,-0.000207,1954.716309,4.392524,0.000315,-0.02316,0.000074,0.000005,0.000014
0.194481,-0.000209,1955.716164,4.392598,0.00032,-0.023146,0.000073,0.000005,0.000014
0.194272,-0.00021,1956.716019,4.392671,0.000325,-0.023131,0.000073,0.000005,0.000015
0.19406,-0.000212,1957.715873,4.392744,0.000329,-0.023116,0.000073,0.000004,0.000015
0.193848,-0.000214,1958.715728,4.392816,0.000333,-0.0231,0.000072,0.000004,0.000016
0.193633,-0.000215,1959.715583,4.392888,0.000337,-0.023084,0.000072,0.000004,0.000016
0.193417,-0.000217,1960.715438,4.39296,0.000341,-0.023067,0.000072,0.000004,0.000017
0.193199,-0.000219,1961.715293,4.393031,0.000345,-0.02305,0.000071,0.000003,0.000017
0.192979,-0.00022,1962.715148,4.393103,0.000348,-0.023033,0.000071,0.000003,0.000017
0.192758,-0.000222,1963.715003,4.393173,0.000351,-0.023015,0.000071,0.000003,0.000018
0.192535,-0.000224,1964.714858,4.393244,0.000354,-0.022997,0.00007,0.000003,0.000018
0.192311,-0.000225,1965.714713,4.393314,0.000357,-0.022979,0.00007,0.000003,0.000018
0.192085,-0.000227,1966.714567,4.393383,0.000359,-0.022961,0.000069,0.000002,0.000018
0.191857,-0.000229,1967.714422,4.393452,0.000361,-0.022942,0.000069,0.000002,0.000019
0.191627,-0.00023,1968.714277,4.393521,0.000363,-0.022924,0.000069,0.000002,0.000019
0.191396,-0.000232,1969.714132,4.39359,0.000365,-0.022905,0.000068,0.000002,0.000019
0.191164,-0.000234,1970.713987,4.393658,0.000366,-0.022886,0.000068,0.000001,0.000019
0.190929,-0.000235,1971.713842,4.393726,0.000368,-0.022867,0.000068,0.000001,0.000019
0.190693,-0.000237,1972.713697,4.393793,0.000369,-0.022849,0.000067,0.000001,0.000019
0.190455,-0.000239,1973.713552,4.39386,0.00037,-0.02283,0.000067,0.000001,0.000019
0.190216,-0.000241,1974.713407,4.393927,0.000371,-0.022811,0.000067,0.000001,0.000019
0.189974,-0.000242,1975.713261,4.393993,0.000371,-0.022792,0.000066,0.000001,0.000019
0.189731,-0.000244,1976.713116,4.394059,0.000372,-0.022774,0.000066,0,0.000018
0.189486,-0.000246,1977.712971,4.394125,0.000372,-0.022755,0.000066,0,0.000018
0.189238,-0.000248,1978.712826,4.39419,0.000372,-0.022737,0.000065,0,0.000018
0.188989,-0.00025,1979.712681,4.394255,0.000372,-0.022719,0.000065,0,0.000018
0.188738,-0.000253,1980.712536,4.39432,0.000372,-0.022702,0.000065,0,0.000018
0.188484,-0.000255,1981.712391,4.394384,0.000372,-0.022684,0.000064,0,0.000017
0.188228,-0.000257,1982.712246,4.394448,0.000371,-0.022667,0.000064,0,0.000017
0.187969,-0.00026,1983.712101,4.394512,0.000371,-0.02265,0.000063,-0.000001,0.000017
0.187708,-0.000262,1984.711955,4.394575,0.00037,-0.022633,0.000063,-0.000001,0.000016
0.187445,-0.000265,1985.71181,4.394638,0.000369,-0.022617,0.000063,-0.000001,0.000016
0.187179,-0.000267,1986.711665,4.394701,0.000368,-0.022601,0.000062,-0.000001,0.000016
0.18691,-0.00027,1987.71152,4.394763,0.000368,-0.022586,0.000062,-0.000001,0.000015
0.186639,-0.000273,1988.711375,4.394825,0.000367,-0.022571,0.000062,-0.000001,0.000015
0.186365,-0.000276,1989.71123,4.394886,0.000365,-0.022556,0.000061,-0.000001,0.000015
0.186088,-0.000278,1990.711085,4.394947,0.000364,-0.022541,0.000061,-0.000001,0.000014
0.185808,-0.000281,1991.71094,4.395007,0.000363,-0.022527,0.00006,-0.000001,0.000014
0.185525,-0.000284,1992.710795,4.395067,0.000362,-0.022514,0.00006,-0.000001,0.000013
0.18524,-0.000287,1993.710649,4.395127,0.000361,-0.022501,0.000059,-0.000001,0.000013
0.184951,-0.00029,1994.710504,4.395186,0.00036,-0.022488,0.000059,-0.000001,0.000013
0.184659,-0.000293,1995.710359,4.395245,0.000359,-0.022475,0.000059,-0.000001,0.000012
0.184365,-0.000296,1996.710214,4.395303,0.000357,-0.022464,0.000058,-0.000001,0.000012
0.184067,-0.000299,1997.710069,4.395361,0.000356,-0.022452,0.000058,-0.000001,0.000011
0.183766,-0.000302,1998.709924,4.395418,0.000355,-0.022441,0.000057,-0.000001,0.000011
0.183463,-0.000305,1999.709779,4.395475,0.000354,-0.02243,0.000057,-0.000001,0.000011
0.183156,-0.000309,2000.709634,4.395532,0.000353,-0.02242,0.000056,-0.000001,0.00001
0.182845,-0.000312,2001.709489,4.395588,0.000352,-0.02241,0.000056,-0.000001,0.00001
0.182532,-0.000315,2002.709343,4.395643,0.000351,-0.0224,0.000055,-0.000001,0.000009
0.182215,-0.000318,2003.709198,4.395698,0.00035,-0.022391,0.000055,-0.000001,0.000009
0.181895,-0.000322,2004.709053,4.395753,0.000349,-0.022382,0.000054,-0.000001,0.000009
0.181572,-0.000325,2005.708908,4.395807,0.000349,-0.022374,0.000054,-0.000001,0.000008
0.181245,-0.000328,2006.708763,4.395861,0.000348,-0.022366,0.000053,-0.000001,0.000008
0.180915,-0.000332,2007.708618,4.395914,0.000347,-0.022358,0.000053,-0.000001,0.000008
0.180582,-0.000335,2008.708473,4.395967,0.000347,-0.02235,0.000053,0,0.000007
0.180244,-0.000339,2009.708328,4.396019,0.000347,-0.022343,0.000052,0,0.000007
0.179904,-0.000343,2010.708183,4.396071,0.000346,-0.022336,0.000052,0,0.000007
0.179559,-0.000346,2011.708037,4.396122,0.000346,-0.022329,0.000051,0,0.000007
0.179211,-0.00035,2012.707892,4.396173,0.000346,-0.022323,0.000051,0,0.000006
0.17886,-0.000354,2013.707747,4.396223,0.000346,-0.022317,0.00005,0,0.000006
0.178504,-0.000357,2014.707602,4.396273,0.000346,-0.02231,0.00005,0,0.000006
0.178145,-0.000361,2015.707457,4.396322,0.000346,-0.022304,0.000049,0,0.000006
0.177782,-0.000365,2016.707312,4.396371,0.000346,-0.022299,0.000048,0,0.000006
0.177415,-0.000369,2017.707167,4.396419,0.000347,-0.022293,0.000048,0,0.000006
0.177044,-0.000373,2018.707022,4.396467,0.000347,-0.022287,0.000047,0.000001,0.000006
0.17667,-0.000376,2019.706877,4.396514,0.000348,-0.022282,0.000047,0.000001,0.000005
0.176292,-0.00038,2020.706731,4.39656,0.000349,-0.022276,0.000046,0.000001,0.000005
0.17591,-0.000384,2021.706586,4.396606,0.000349,-0.022271,0.000046,0.000001,0.000005
0.175524,-0.000388,2022.706441,4.396652,0.00035,-0.022266,0.000045,0.000001,0.000005
0.175134,-0.000392,2023.706296,4.396697,0.000351,-0.02226,0.000045,0.000001,0.000005
0.17474,-0.000396,2024.706151,4.396741,0.000353,-0.022255,0.000044,0.000001,0.000005
0.174343,-0.000399,2025.706006,4.396784,0.000354,-0.022249,0.000043,0.000001,0.000005
0.173942,-0.000403,2026.705861,4.396828,0.000355,-0.022244,0.000043,0.000001,0.000006
0.173537,-0.000407,2027.705716,4.39687,0.000357,-0.022238,0.000042,0.000001,0.000006
0.173128,-0.000411,2028.705571,4.396912,0.000358,-0.022233,0.000042,0.000002,0.000006
0.172715,-0.000415,2029.705425,4.396953,0.00036,-0.022227,0.000041,0.000002,0.000006
0.172298,-0.000419,2030.70528,4.396994,0.000362,-0.022221,0.00004,0.000002,0.000006
0.171878,-0.000423,2031.705135,4.397034,0.000363,-0.022215,0.00004,0.000002,0.000006
0.171453,-0.000427,2032.70499,4.397074,0.000365,-0.022209,0.000039,0.000002,0.000006
0.171025,-0.000431,2033.704845,4.397113,0.000367,-0.022202,0.000039,0.000002,0.000006
0.170592,-0.000435,2034.7047,4.397151,0.000369,-0.022196,0.000038,0.000002,0.000007
0.170155,-0.000439,2035.704555,4.397189,0.000371,-0.022189,0.000038,0.000002,0.000007
0.169714,-0.000443,2036.70441,4.397226,0.000374,-0.022182,0.000037,0.000002,0.000007
0.169269,-0.000448,2037.704265,4.397263,0.000376,-0.022175,0.000036,0.000002,0.000007
0.168819,-0.000452,2038.704119,4.397299,0.000378,-0.022167,0.000036,0.000002,0.000008
0.168365,-0.000456,2039.703974,4.397334,0.000381,-0.02216,0.000035,0.000002,0.000008
0.167906,-0.000461,2040.703829,4.397369,0.000383,-0.022152,0.000035,0.000003,0.000008
0.167443,-0.000466,2041.703684,4.397404,0.000386,-0.022144,0.000034,0.000003,0.000008
0.166975,-0.00047,2042.703539,4.397437,0.000388,-0.022135,0.000033,0.000003,0.000008
0.166502,-0.000475,2043.703394,4.39747,0.000391,-0.022127,0.000033,0.000003,0.000009
0.166025,-0.00048,2044.703249,4.397503,0.000394,-0.022118,0.000032,0.000003,0.000009
0.165543,-0.000485,2045.703104,4.397535,0.000397,-0.022109,0.000032,0.000003,0.000009
0.165055,-0.00049,2046.702959,4.397566,0.0004,-0.0221,0.000031,0.000003,0.000009
0.164563,-0.000495,2047.702813,4.397597,0.000403,-0.02209,0.00003,0.000003,0.00001
0.164066,-0.0005,2048.702668,4.397627,0.000406,-0.02208,0.00003,0.000003,0.00001
0.163564,-0.000505,2049.702523,4.397656,0.000409,-0.02207,0.000029,0.000003,0.00001
0.163056,-0.00051,2050.702378,4.397684,0.000412,-0.02206,0.000028,0.000003,0.00001
0.162544,-0.000515,2051.702233,4.397712,0.000416,-0.022049,0.000027,0.000003,0.000011
0.162027,-0.00052,2052.702088,4.397739,0.000419,-0.022039,0.000027,0.000004,0.000011
0.161504,-0.000525,2053.701943,4.397766,0.000423,-0.022028,0.000026,0.000004,0.000011
0.160976,-0.00053,2054.701798,4.397791,0.000427,-0.022017,0.000025,0.000004,0.000011
0.160443,-0.000536,2055.701653,4.397816,0.000431,-0.022005,0.000025,0.000004,0.000011
0.159905,-0.000541,2056.701507,4.397841,0.000435,-0.021994,0.000024,0.000004,0.000012
0.159362,-0.000546,2057.701362,4.397864,0.000439,-0.021982,0.000023,0.000004,0.000012
0.158814,-0.000551,2058.701217,4.397887,0.000443,-0.021971,0.000022,0.000005,0.000012
0.15826,-0.000556,2059.701072,4.397909,0.000448,-0.021959,0.000022,0.000005,0.000012
0.157701,-0.000561,2060.700927,4.39793,0.000453,-0.021947,0.000021,0.000005,0.000012
0.157137,-0.000567,2061.700782,4.397951,0.000458,-0.021935,0.00002,0.000005,0.000012
0.156568,-0.000572,2062.700637,4.39797,0.000463,-0.021923,0.000019,0.000006,0.000012
0.155994,-0.000577,2063.700492,4.397989,0.000469,-0.021911,0.000019,0.000006,0.000012
0.155414,-0.000582,2064.700347,4.398008,0.000475,-0.021898,0.000018,0.000006,0.000012
0.154829,-0.000588,2065.700201,4.398025,0.000481,-0.021886,0.000017,0.000006,0.000012
0.154239,-0.000593,2066.700056,4.398042,0.000488,-0.021874,0.000016,0.000007,0.000012
0.153643,-0.000598,2067.699911,4.398058,0.000495,-0.021862,0.000016,0.000007,0.000012
0.153042,-0.000604,2068.699766,4.398073,0.000503,-0.02185,0.000015,0.000008,0.000012
0.152436,-0.000609,2069.699621,4.398087,0.000511,-0.021837,0.000014,0.000008,0.000012
0.151824,-0.000614,2070.699476,4.398101,0.000519,-0.021825,0.000013,0.000009,0.000012
0.151207,-0.00062,2071.699331,4.398114,0.000528,-0.021813,0.000012,0.000009,0.000012
0.150585,-0.000625,2072.699186,4.398126,0.000537,-0.021801,0.000012,0.00001,0.000012
0.149957,-0.000631,2073.699041,4.398137,0.000547,-0.02179,0.000011,0.00001,0.000012
0.149324,-0.000636,2074.698895,4.398148,0.000558,-0.021778,0.00001,0.000011,0.000012
0.148686,-0.000641,2075.69875,4.398157,0.000569,-0.021767,0.000009,0.000012,0.000011
0.148042,-0.000647,2076.698605,4.398166,0.000581,-0.021755,0.000008,0.000012,0.000011
0.147393,-0.000652,2077.69846,4.398174,0.000594,-0.021744,0.000008,0.000013,0.000011
0.146738,-0.000658,2078.698315,4.398181,0.000608,-0.021733,0.000007,0.000014,0.000011
0.146078,-0.000663,2079.69817,4.398187,0.000622,-0.021723,0.000006,0.000015,0.000011
0.145412,-0.000668,2080.698025,4.398193,0.000638,-0.021712,0.000005,0.000016,0.00001
0.144741,-0.000674,2081.69788,4.398197,0.000654,-0.021702,0.000004,0.000017,0.00001
0.144065,-0.000679,2082.697735,4.398201,0.000671,-0.021692,0.000003,0.000018,0.00001
0.143383,-0.000684,2083.697589,4.398204,0.000689,-0.021682,0.000002,0.000019,0.00001
0.142696,-0.00069,2084.697444,4.398206,0.000708,-0.021673,0.000001,0.00002,0.000009
0.142004,-0.000695,2085.697299,4.398207,0.000729,-0.021664,0.000001,0.000021,0.000009
0.141306,-0.0007,2086.697154,4.398207,0.00075,-0.021655,0,0.000022,0.000009
0.140603,-0.000706,2087.697009,4.398206,0.000773,-0.021647,-0.000001,0.000023,0.000008
0.139895,-0.000711,2088.696864,4.398204,0.000797,-0.021638,-0.000002,0.000025,0.000008
0.139181,-0.000716,2089.696719,4.398202,0.000822,-0.021631,-0.000003,0.000026,0.000008
0.138462,-0.000721,2090.696574,4.398198,0.000849,-0.021623,-0.000004,0.000027,0.000007
0.137738,-0.000727,2091.696429,4.398194,0.000877,-0.021616,-0.000005,0.000029,0.000007
0.137009,-0.000732,2092.696283,4.398189,0.000906,-0.021609,-0.000006,0.00003,0.000007
0.136275,-0.000737,2093.696138,4.398183,0.000937,-0.021602,-0.000007,0.000032,0.000007
0.135536,-0.000742,2094.695993,4.398175,0.000969,-0.021596,-0.000008,0.000033,0.000006
0.134791,-0.000747,2095.695848,4.398167,0.001003,-0.02159,-0.000009,0.000035,0.000006
0.134042,-0.000752,2096.695703,4.398158,0.001039,-0.021584,-0.000009,0.000037,0.000006
0.133287,-0.000757,2097.695558,4.398148,0.001077,-0.021578,-0.00001,0.000038,0.000005
0.132528,-0.000762,2098.695413,4.398138,0.001116,-0.021573,-0.000011,0.00004,0.000005
0.131763,-0.000767,2099.695268,4.398126,0.001157,-0.021568,-0.000012,0.000042,0.000005
0.130994,-0.000772,2100.695123,4.398113,0.0012,-0.021564,-0.000013,0.000044,0.000005
0.130219,-0.000777,2101.694977,4.398099,0.001245,-0.021559,-0.000014,0.000046,0.000004
0.12944,-0.000782,2102.694832,4.398085,0.001293,-0.021555,-0.000015,0.000048,0.000004
0.128656,-0.000787,2103.694687,4.398069,0.001342,-0.021551,-0.000016,0.00005,0.000004
0.127867,-0.000791,2104.694542,4.398052,0.001393,-0.021547,-0.000017,0.000052,0.000004
0.127073,-0.000796,2105.694397,4.398035,0.001446,-0.021544,-0.000018,0.000054,0.000003
0.126275,-0.000801,2106.694252,4.398016,0.001502,-0.02154,-0.000019,0.000056,0.000003
0.125471,-0.000806,2107.694107,4.397997,0.001559,-0.021537,-0.00002,0.000058,0.000003
0.124663,-0.00081,2108.693962,4.397976,0.001617,-0.021534,-0.000021,0.000059,0.000003
0.123851,-0.000815,2109.693817,4.397955,0.001677,-0.021531,-0.000022,0.000061,0.000003
0.123034,-0.00082,2110.693671,4.397933,0.001738,-0.021528,-0.000023,0.000062,0.000003
0.122212,-0.000824,2111.693526,4.397909,0.0018,-0.021525,-0.000024,0.000063,0.000003
0.121386,-0.000828,2112.693381,4.397885,0.001863,-0.021521,-0.000025,0.000063,0.000003
0.120555,-0.000833,2113.693236,4.39786,0.001926,-0.021518,-0.000026,0.000064,0.000003
0.11972,-0.000837,2114.693091,4.397833,0.00199,-0.021515,-0.000027,0.000064,0.000003
0.118881,-0.000841,2115.692946,4.397806,0.002055,-0.021512,-0.000028,0.000065,0.000003
0.118038,-0.000846,2116.692801,4.397778,0.00212,-0.021508,-0.000029,0.000065,0.000004
0.11719,-0.00085,2117.692656,4.397749,0.002185,-0.021504,-0.00003,0.000066,0.000004
0.116339,-0.000854,2118.692511,4.397718,0.002252,-0.021501,-0.000031,0.000067,0.000004
0.115483,-0.000858,2119.692365,4.397687,0.002319,-0.021496,-0.000032,0.000068,0.000004
0.114624,-0.000862,2120.69222,4.397655,0.002387,-0.021492,-0.000033,0.000069,0.000005
0.11376,-0.000865,2121.692075,4.397622,0.002456,-0.021487,-0.000034,0.00007,0.000005
0.112893,-0.000869,2122.69193,4.397588,0.002527,-0.021482,-0.000035,0.000072,0.000005
0.112022,-0.000873,2123.691785,4.397552,0.002599,-0.021477,-0.000036,0.000073,0.000006
0.111148,-0.000876,2124.69164,4.397516,0.002674,-0.021471,-0.000037,0.000075,0.000006
0.11027,-0.00088,2125.691495,4.397479,0.00275,-0.021465,-0.000038,0.000077,0.000006
0.109388,-0.000883,2126.69135,4.397441,0.002829,-0.021459,-0.000039,0.000079,0.000006
0.108503,-0.000887,2127.691205,4.397401,0.002909,-0.021452,-0.00004,0.000082,0.000007
0.107615,-0.00089,2128.691059,4.397361,0.002992,-0.021445,-0.000041,0.000084,0.000007
0.106723,-0.000893,2129.690914,4.39732,0.003077,-0.021438,-0.000042,0.000086,0.000007
0.105828,-0.000897,2130.690769,4.397277,0.003165,-0.021431,-0.000043,0.000089,0.000007
0.10493,-0.0009,2131.690624,4.397234,0.003255,-0.021424,-0.000044,0.000092,0.000007
0.104029,-0.000903,2132.690479,4.397189,0.003348,-0.021417,-0.000045,0.000095,0.000007
0.103125,-0.000906,2133.690334,4.397144,0.003445,-0.02141,-0.000046,0.000098,0.000007
0.102218,-0.000909,2134.690189,4.397097,0.003545,-0.021403,-0.000047,0.000102,0.000007
0.101308,-0.000911,2135.690044,4.39705,0.003649,-0.021397,-0.000048,0.000106,0.000006
0.100396,-0.000914,2136.689899,4.397001,0.003757,-0.021391,-0.000049,0.000109,0.000006
0.09948,-0.000917,2137.689753,4.396952,0.003868,-0.021385,-0.00005,0.000113,0.000006
0.098562,-0.00092,2138.689608,4.396901,0.003982,-0.02138,-0.000051,0.000116,0.000005
0.097641,-0.000922,2139.689463,4.39685,0.004099,-0.021375,-0.000052,0.000118,0.000004
0.096717,-0.000925,2140.689318,4.396797,0.004217,-0.021371,-0.000053,0.000119,0.000004
0.095791,-0.000927,2141.689173,4.396743,0.004335,-0.021367,-0.000054,0.000118,0.000003
0.094863,-0.00093,2142.689028,4.396689,0.004452,-0.021364,-0.000055,0.000116,0.000003
0.093932,-0.000932,2143.688883,4.396633,0.004566,-0.021361,-0.000056,0.000113,0.000003
0.092999,-0.000934,2144.688738,4.396576,0.004677,-0.021358,-0.000057,0.000109,0.000003
0.092065,-0.000936,2145.688593,4.396519,0.004784,-0.021355,-0.000058,0.000105,0.000003
0.091129,-0.000937,2146.688447,4.39646,0.004888,-0.021351,-0.000059,0.000103,0.000004
0.090191,-0.000939,2147.688302,4.396401,0.00499,-0.021347,-0.00006,0.000101,0.000005
0.089252,-0.00094,2148.688157,4.39634,0.005091,-0.021342,-0.000061,0.000102,0.000006
0.088311,-0.000941,2149.688012,4.396279,0.005194,-0.021335,-0.000062,0.000104,0.000007
0.087369,-0.000943,2150.687867,4.396216,0.005299,-0.021328,-0.000063,0.000107,0.000008
0.086426,-0.000944,2151.687722,4.396153,0.005408,-0.02132,-0.000064,0.000111,0.000009
0.085482,-0.000945,2152.687577,4.396088,0.00552,-0.021311,-0.000065,0.000114,0.00001
0.084536,-0.000946,2153.687432,4.396023,0.005636,-0.0213,-0.000066,0.000117,0.000011
0.08359,-0.000947,2154.687287,4.395957,0.005754,-0.021288,-0.000067,0.000119,0.000013
0.082642,-0.000949,2155.687141,4.395889,0.005874,-0.021275,-0.000068,0.00012,0.000014
0.081693,-0.00095,2156.686996,4.395821,0.005993,-0.02126,-0.000069,0.000119,0.000016
0.080743,-0.00095,2157.686851,4.395752,0.006111,-0.021243,-0.00007,0.000117,0.000017
0.079792,-0.000951,2158.686706,4.395682,0.006226,-0.021225,-0.000071,0.000114,0.000019
0.078841,-0.000952,2159.686561,4.395611,0.006338,-0.021204,-0.000072,0.00011,0.000022
0.077889,-0.000952,2160.686416,4.395539,0.006447,-0.021181,-0.000072,0.000106,0.000024
0.076937,-0.000952,2161.686271,4.395466,0.006551,-0.021156,-0.000073,0.000103,0.000026
0.075984,-0.000952,2162.686126,4.395392,0.006652,-0.021128,-0.000074,0.000099,0.000029
0.075032,-0.000952,2163.685981,4.395317,0.00675,-0.021098,-0.000075,0.000096,0.000031
0.07408,-0.000952,2164.685835,4.395241,0.006846,-0.021065,-0.000076,0.000095,0.000034
0.073129,-0.000951,2165.68569,4.395165,0.00694,-0.02103,-0.000077,0.000095,0.000036
0.072178,-0.000951,2166.685545,4.395087,0.007036,-0.020993,-0.000078,0.000097,0.000039
0.071227,-0.00095,2167.6854,4.395008,0.007136,-0.020953,-0.000079,0.000101,0.00004
0.070278,-0.000949,2168.685255,4.394929,0.00724,-0.020912,-0.00008,0.000108,0.000042
0.069329,-0.000949,2169.68511,4.394848,0.007353,-0.02087,-0.000081,0.000116,0.000043
0.068381,-0.000948,2170.684965,4.394767,0.007474,-0.020827,-0.000082,0.000126,0.000043
0.067434,-0.000947,2171.68482,4.394684,0.007604,-0.020784,-0.000083,0.000134,0.000043
0.066487,-0.000946,2172.684675,4.394601,0.007742,-0.020741,-0.000084,0.000142,0.000043
0.065541,-0.000946,2173.684529,4.394516,0.007886,-0.020699,-0.000085,0.000147,0.000042
0.064596,-0.000945,2174.684384,4.394431,0.008035,-0.020658,-0.000086,0.000151,0.000041
0.063651,-0.000944,2175.684239,4.394345,0.008186,-0.020618,-0.000087,0.000152,0.00004
0.062708,-0.000943,2176.684094,4.394258,0.008338,-0.020578,-0.000088,0.000152,0.000039
0.061765,-0.000942,2177.683949,4.39417,0.00849,-0.02054,-0.000088,0.000151,0.000038
0.060824,-0.000941,2178.683804,4.394081,0.00864,-0.020503,-0.000089,0.000149,0.000037
0.059884,-0.000939,2179.683659,4.393991,0.008788,-0.020466,-0.00009,0.000147,0.000036
0.058945,-0.000938,2180.683514,4.393901,0.008933,-0.02043,-0.000091,0.000144,0.000036
0.058008,-0.000936,2181.683369,4.393809,0.009076,-0.020394,-0.000092,0.000141,0.000036
0.057073,-0.000935,2182.683224,4.393717,0.009216,-0.020359,-0.000092,0.000139,0.000036
0.05614,-0.000933,2183.683078,4.393625,0.009353,-0.020323,-0.000093,0.000136,0.000035
0.055208,-0.000931,2184.682933,4.393531,0.009489,-0.020288,-0.000094,0.000134,0.000035
0.054278,-0.000929,2185.682788,4.393437,0.009621,-0.020252,-0.000095,0.000132,0.000036
0.053351,-0.000926,2186.682643,4.393341,0.009752,-0.020217,-0.000096,0.000129,0.000036
0.052426,-0.000924,2187.682498,4.393246,0.009879,-0.020181,-0.000096,0.000127,0.000036
0.051503,-0.000922,2188.682353,4.393149,0.010005,-0.020145,-0.000097,0.000124,0.000036
0.050583,-0.000919,2189.682208,4.393052,0.010127,-0.020109,-0.000098,0.000121,0.000036
0.049665,-0.000917,2190.682063,4.392953,0.010247,-0.020074,-0.000098,0.000119,0.000036
0.048749,-0.000914,2191.681918,4.392855,0.010365,-0.020038,-0.000099,0.000116,0.000036
0.047837,-0.000911,2192.681772,4.392755,0.01048,-0.020002,-0.0001,0.000114,0.000036
0.046927,-0.000908,2193.681627,4.392655,0.010593,-0.019965,-0.000101,0.000112,0.000036
0.046021,-0.000905,2194.681482,4.392554,0.010703,-0.019929,-0.000101,0.00011,0.000036
0.045117,-0.000902,2195.681337,4.392452,0.010813,-0.019893,-0.000102,0.000109,0.000036
0.044217,-0.000899,2196.681192,4.39235,0.010921,-0.019857,-0.000103,0.000108,0.000036
0.04332,-0.000895,2197.681047,4.392247,0.01103,-0.019821,-0.000103,0.000108,0.000036
0.042427,-0.000892,2198.680902,4.392143,0.011138,-0.019785,-0.000104,0.000109,0.000036
0.041537,-0.000888,2199.680757,4.392039,0.011247,-0.019748,-0.000105,0.00011,0.000036
0.040651,-0.000885,2200.680612,4.391933,0.011358,-0.019712,-0.000106,0.000111,0.000036
0.039768,-0.000881,2201.680466,4.391827,0.01147,-0.019676,-0.000106,0.000113,0.000036
0.038889,-0.000877,2202.680321,4.391721,0.011585,-0.01964,-0.000107,0.000115,0.000036
0.038015,-0.000873,2203.680176,4.391613,0.011701,-0.019604,-0.000108,0.000118,0.000036
0.037144,-0.000869,2204.680031,4.391505,0.01182,-0.019568,-0.000108,0.00012,0.000036
0.036277,-0.000865,2205.679886,4.391397,0.011941,-0.019532,-0.000109,0.000122,0.000036
0.035415,-0.00086,2206.679741,4.391288,0.012063,-0.019496,-0.00011,0.000123,0.000036
0.034557,-0.000856,2207.679596,4.391178,0.012187,-0.01946,-0.00011,0.000124,0.000036
0.033703,-0.000852,2208.679451,4.391067,0.012311,-0.019423,-0.000111,0.000124,0.000036
0.032854,-0.000847,2209.679306,4.390956,0.012435,-0.019387,-0.000111,0.000123,0.000036
0.032009,-0.000843,2210.67916,4.390844,0.012557,-0.019351,-0.000112,0.000122,0.000036
0.031169,-0.000838,2211.679015,4.390732,0.012678,-0.019314,-0.000113,0.000119,0.000037
0.030333,-0.000833,2212.67887,4.390619,0.012796,-0.019278,-0.000113,0.000116,0.000037
0.029503,-0.000828,2213.678725,4.390506,0.01291,-0.019241,-0.000113,0.000112,0.000037
0.028678,-0.000823,2214.67858,4.390392,0.01302,-0.019203,-0.000114,0.000107,0.000037
0.027857,-0.000818,2215.678435,4.390278,0.013124,-0.019166,-0.000114,0.000102,0.000038
0.027042,-0.000813,2216.67829,4.390164,0.013224,-0.019128,-0.000115,0.000097,0.000038
0.026232,-0.000807,2217.678145,4.390049,0.013317,-0.01909,-0.000115,0.000091,0.000038
0.025427,-0.000802,2218.678,4.389933,0.013405,-0.019051,-0.000115,0.000084,0.000039
0.024628,-0.000797,2219.677854,4.389818,0.013486,-0.019012,-0.000116,0.000078,0.000039
0.023834,-0.000791,2220.677709,4.389702,0.013561,-0.018973,-0.000116,0.000072,0.00004
0.023046,-0.000785,2221.677564,4.389585,0.01363,-0.018933,-0.000116,0.000065,0.00004
0.022264,-0.00078,2222.677419,4.389469,0.013692,-0.018892,-0.000117,0.000059,0.00004
0.021487,-0.000774,2223.677274,4.389352,0.013748,-0.018852,-0.000117,0.000053,0.000041
0.020716,-0.000768,2224.677129,4.389235,0.013798,-0.018811,-0.000117,0.000047,0.000041
0.019951,-0.000762,2225.676984,4.389117,0.013842,-0.018769,-0.000118,0.000041,0.000042
0.019192,-0.000756,2226.676839,4.389,0.01388,-0.018727,-0.000118,0.000036,0.000042
0.01844,-0.00075,2227.676694,4.388882,0.013914,-0.018685,-0.000118,0.000031,0.000043
0.017693,-0.000744,2228.676548,4.388763,0.013942,-0.018642,-0.000118,0.000026,0.000043
0.016952,-0.000738,2229.676403,4.388645,0.013966,-0.018599,-0.000119,0.000021,0.000043
0.016218,-0.000731,2230.676258,4.388526,0.013984,-0.018556,-0.000119,0.000016,0.000044
0.01549,-0.000725,2231.676113,4.388407,0.013999,-0.018512,-0.000119,0.000012,0.000044
0.014769,-0.000718,2232.675968,4.388288,0.014008,-0.018468,-0.000119,0.000008,0.000044
0.014054,-0.000712,2233.675823,4.388168,0.014014,-0.018424,-0.00012,0.000003,0.000044
0.013345,-0.000705,2234.675678,4.388049,0.014015,-0.01838,-0.00012,-0.000001,0.000044
0.012644,-0.000698,2235.675533,4.387929,0.014012,-0.018335,-0.00012,-0.000005,0.000045
0.011949,-0.000691,2236.675388,4.387809,0.014006,-0.018291,-0.00012,-0.000008,0.000045
0.011262,-0.000684,2237.675242,4.387688,0.013996,-0.018246,-0.00012,-0.000012,0.000044
0.010581,-0.000677,2238.675097,4.387568,0.013983,-0.018202,-0.000121,-0.000015,0.000044
0.009908,-0.00067,2239.674952,4.387447,0.013967,-0.018158,-0.000121,-0.000017,0.000044
0.009242,-0.000663,2240.674807,4.387327,0.013948,-0.018115,-0.000121,-0.00002,0.000043
0.008583,-0.000655,2241.674662,4.387206,0.013928,-0.018072,-0.000121,-0.000022,0.000042
0.007931,-0.000648,2242.674517,4.387085,0.013905,-0.018031,-0.000121,-0.000023,0.000041
0.007287,-0.000641,2243.674372,4.386964,0.013881,-0.01799,-0.000121,-0.000025,0.00004
0.00665,-0.000633,2244.674227,4.386843,0.013855,-0.017951,-0.000121,-0.000027,0.000038
0.006021,-0.000626,2245.674082,4.386722,0.013827,-0.017914,-0.000121,-0.000029,0.000036
0.005399,-0.000618,2246.673936,4.386601,0.013797,-0.01788,-0.000121,-0.000031,0.000034
0.004785,-0.00061,2247.673791,4.386479,0.013766,-0.017847,-0.000121,-0.000033,0.000031
0.004179,-0.000603,2248.673646,4.386358,0.013731,-0.017818,-0.000121,-0.000036,0.000028
0.00358,-0.000595,2249.673501,4.386237,0.013693,-0.017791,-0.000121,-0.00004,0.000025
0.002988,-0.000587,2250.673356,4.386116,0.013651,-0.017767,-0.000121,-0.000045,0.000022
0.002405,-0.00058,2251.673211,4.385995,0.013603,-0.017747,-0.000121,-0.000051,0.000019
0.001829,-0.000572,2252.673066,4.385875,0.013548,-0.017729,-0.000121,-0.000058,0.000016
0.001261,-0.000564,2253.672921,4.385754,0.013486,-0.017714,-0.00012,-0.000066,0.000014
0.000701,-0.000556,2254.672776,4.385634,0.013417,-0.017702,-0.00012,-0.000074,0.000012
0.000149,-0.000548,2255.67263,4.385514,0.013339,-0.017691,-0.00012,-0.000082,0.00001
-0.000395,-0.00054,2256.672485,4.385394,0.013253,-0.017681,-0.00012,-0.00009,0.000009
-0.000931,-0.000532,2257.67234,4.385274,0.01316,-0.017672,-0.000119,-0.000097,0.000009
-0.00146,-0.000524,2258.672195,4.385155,0.01306,-0.017663,-0.000119,-0.000103,0.000008
-0.00198,-0.000516,2259.67205,4.385036,0.012955,-0.017655,-0.000119,-0.000108,0.000009
-0.002492,-0.000508,2260.671905,4.384917,0.012845,-0.017646,-0.000119,-0.000112,0.000009
-0.002996,-0.0005,2261.67176,4.384799,0.012731,-0.017638,-0.000118,-0.000116,0.000009
-0.003492,-0.000492,2262.671615,4.384681,0.012614,-0.017629,-0.000118,-0.000118,0.000009
-0.00398,-0.000484,2263.67147,4.384563,0.012494,-0.01762,-0.000118,-0.000121,0.000009
-0.00446,-0.000476,2264.671324,4.384446,0.012371,-0.017612,-0.000117,-0.000125,0.000008
-0.004933,-0.000468,2265.671179,4.384329,0.012244,-0.017604,-0.000117,-0.000129,0.000008
-0.005397,-0.00046,2266.671034,4.384213,0.012112,-0.017597,-0.000116,-0.000135,0.000007
-0.005853,-0.000452,2267.670889,4.384096,0.011973,-0.01759,-0.000116,-0.000142,0.000007
-0.006301,-0.000444,2268.670744,4.383981,0.011828,-0.017583,-0.000116,-0.000149,0.000007
-0.006741,-0.000436,2269.670599,4.383865,0.011675,-0.017576,-0.000115,-0.000157,0.000008
-0.007173,-0.000428,2270.670454,4.383751,0.011515,-0.017568,-0.000115,-0.000164,0.000009
-0.007597,-0.000419,2271.670309,4.383636,0.011348,-0.017558,-0.000114,-0.00017,0.00001
-0.008012,-0.000411,2272.670164,4.383522,0.011175,-0.017548,-0.000114,-0.000175,0.000011
-0.008419,-0.000403,2273.670018,4.383409,0.010999,-0.017536,-0.000113,-0.000178,0.000013
-0.008817,-0.000394,2274.669873,4.383296,0.01082,-0.017522,-0.000113,-0.00018,0.000014
-0.009207,-0.000386,2275.669728,4.383183,0.01064,-0.017507,-0.000112,-0.00018,0.000016
-0.009588,-0.000377,2276.669583,4.383072,0.01046,-0.017491,-0.000112,-0.00018,0.000016
-0.009961,-0.000368,2277.669438,4.38296,0.010281,-0.017474,-0.000111,-0.000179,0.000017
-0.010325,-0.00036,2278.669293,4.382849,0.010103,-0.017457,-0.000111,-0.000177,0.000017
-0.01068,-0.000351,2279.669148,4.382739,0.009927,-0.01744,-0.00011,-0.000175,0.000017
-0.011027,-0.000343,2280.669003,4.382629,0.009754,-0.017424,-0.000109,-0.000173,0.000016
-0.011366,-0.000334,2281.668858,4.38252,0.009582,-0.017408,-0.000109,-0.000171,0.000015
-0.011696,-0.000326,2282.668712,4.382412,0.009413,-0.017393,-0.000108,-0.000169,0.000014
-0.012018,-0.000318,2283.668567,4.382304,0.009245,-0.01738,-0.000108,-0.000167,0.000012
-0.012331,-0.000309,2284.668422,4.382197,0.009078,-0.017369,-0.000107,-0.000167,0.00001
-0.012636,-0.000301,2285.668277,4.38209,0.008911,-0.01736,-0.000106,-0.000167,0.000008
-0.012933,-0.000293,2286.668132,4.381984,0.008744,-0.017353,-0.000105,-0.000167,0.000006
-0.013221,-0.000284,2287.667987,4.38188,0.008576,-0.017348,-0.000105,-0.000168,0.000003
-0.013501,-0.000276,2288.667842,4.381775,0.008407,-0.017347,-0.000104,-0.000171,0
-0.013773,-0.000267,2289.667697,4.381672,0.008235,-0.017348,-0.000103,-0.000173,-0.000003
-0.014036,-0.000259,2290.667552,4.38157,0.00806,-0.017352,-0.000102,-0.000177,-0.000005
-0.014291,-0.000251,2291.667406,4.381468,0.007881,-0.017359,-0.000101,-0.000181,-0.000008
-0.014537,-0.000242,2292.667261,4.381367,0.007698,-0.017368,-0.0001,-0.000184,-0.000011
-0.014775,-0.000234,2293.667116,4.381267,0.007513,-0.01738,-0.000099,-0.000187,-0.000013
-0.015005,-0.000225,2294.666971,4.381168,0.007324,-0.017393,-0.000099,-0.000189,-0.000014
-0.015225,-0.000216,2295.666826,4.38107,0.007135,-0.017408,-0.000098,-0.000189,-0.000015
-0.015437,-0.000208,2296.666681,4.380973,0.006947,-0.017424,-0.000097,-0.000187,-0.000016
-0.015641,-0.000199,2297.666536,4.380877,0.006762,-0.017439,-0.000096,-0.000183,-0.000015
-0.015836,-0.000191,2298.666391,4.380782,0.006582,-0.017454,-0.000095,-0.000177,-0.000015
-0.016023,-0.000183,2299.666246,4.380688,0.006409,-0.017469,-0.000094,-0.000169,-0.000014
-0.016201,-0.000175,2300.6661,4.380594,0.006243,-0.017482,-0.000093,-0.000162,-0.000013
-0.016372,-0.000167,2301.665955,4.380502,0.006085,-0.017495,-0.000092,-0.000155,-0.000012
-0.016534,-0.000159,2302.66581,4.380411,0.005932,-0.017506,-0.000091,-0.00015,-0.00001
-0.016689,-0.000151,2303.665665,4.380321,0.005785,-0.017516,-0.00009,-0.000145,-0.000009
-0.016836,-0.000143,2304.66552,4.380232,0.005641,-0.017524,-0.000089,-0.000143,-0.000008
-0.016975,-0.000135,2305.665375,4.380143,0.005499,-0.017531,-0.000088,-0.000142,-0.000007
-0.017107,-0.000128,2306.66523,4.380056,0.005356,-0.017537,-0.000087,-0.000143,-0.000006
-0.017231,-0.00012,2307.665085,4.37997,0.005213,-0.017543,-0.000086,-0.000145,-0.000005
-0.017347,-0.000112,2308.66494,4.379885,0.005067,-0.017547,-0.000084,-0.000147,-0.000004
-0.017455,-0.000105,2309.664794,4.379801,0.004918,-0.017551,-0.000083,-0.00015,-0.000004
-0.017556,-0.000097,2310.664649,4.379718,0.004768,-0.017555,-0.000082,-0.000152,-0.000004
-0.017649,-0.000089,2311.664504,4.379637,0.004615,-0.017559,-0.000081,-0.000153,-0.000004
-0.017734,-0.000081,2312.664359,4.379556,0.004462,-0.017563,-0.00008,-0.000154,-0.000004
-0.017811,-0.000073,2313.664214,4.379476,0.004309,-0.017567,-0.000079,-0.000153,-0.000004
-0.017881,-0.000066,2314.664069,4.379398,0.004157,-0.017571,-0.000078,-0.000151,-0.000004
-0.017943,-0.000058,2315.663924,4.37932,0.004008,-0.017575,-0.000077,-0.000148,-0.000005
-0.017997,-0.00005,2316.663779,4.379244,0.003862,-0.01758,-0.000076,-0.000144,-0.000005
-0.018044,-0.000043,2317.663634,4.379169,0.003721,-0.017585,-0.000075,-0.000139,-0.000005
-0.018083,-0.000035,2318.663488,4.379095,0.003584,-0.01759,-0.000074,-0.000134,-0.000005
-0.018115,-0.000028,2319.663343,4.379022,0.003452,-0.017594,-0.000072,-0.000129,-0.000005
-0.018139,-0.000021,2320.663198,4.37895,0.003326,-0.017599,-0.000071,-0.000124,-0.000005
-0.018156,-0.000014,2321.663053,4.378879,0.003204,-0.017603,-0.00007,-0.000119,-0.000004
-0.018166,-0.000007,2322.662908,4.37881,0.003088,-0.017607,-0.000069,-0.000114,-0.000004
-0.018169,0,2323.662763,4.378741,0.002976,-0.017611,-0.000068,-0.000109,-0.000003
-0.018166,0.000007,2324.662618,4.378674,0.002869,-0.017613,-0.000067,-0.000105,-0.000002
-0.018155,0.000014,2325.662473,4.378608,0.002767,-0.017615,-0.000065,-0.000101,-0.000002
-0.018137,0.000021,2326.662328,4.378543,0.002667,-0.017616,-0.000064,-0.000098,-0.000001
-0.018112,0.000028,2327.662182,4.37848,0.002571,-0.017616,-0.000063,-0.000095,0
-0.01808,0.000035,2328.662037,4.378417,0.002478,-0.017616,-0.000062,-0.000092,0.000001
-0.018042,0.000042,2329.661892,4.378356,0.002387,-0.017614,-0.00006,-0.00009,0.000002
-0.017997,0.000048,2330.661747,4.378297,0.002298,-0.017612,-0.000059,-0.000088,0.000003
-0.017946,0.000055,2331.661602,4.378239,0.002211,-0.017608,-0.000057,-0.000086,0.000004
-0.017888,0.000061,2332.661457,4.378182,0.002125,-0.017604,-0.000056,-0.000085,0.000004
-0.017823,0.000068,2333.661312,4.378127,0.00204,-0.0176,-0.000054,-0.000085,0.000005
-0.017753,0.000073,2334.661167,4.378073,0.001956,-0.017594,-0.000053,-0.000084,0.000006
-0.017676,0.000079,2335.661022,4.378021,0.001872,-0.017589,-0.000051,-0.000084,0.000006
-0.017594,0.000085,2336.660876,4.377971,0.001787,-0.017583,-0.000049,-0.000084,0.000006
-0.017507,0.00009,2337.660731,4.377923,0.001703,-0.017576,-0.000047,-0.000085,0.000006
-0.017414,0.000096,2338.660586,4.377877,0.001618,-0.01757,-0.000045,-0.000085,0.000007
-0.017315,0.000101,2339.660441,4.377832,0.001533,-0.017563,-0.000043,-0.000084,0.000007
-0.017211,0.000107,2340.660296,4.37779,0.00145,-0.017556,-0.000041,-0.000083,0.000007
-0.017101,0.000112,2341.660151,4.37775,0.001367,-0.01755,-0.000039,-0.000081,0.000007
-0.016987,0.000117,2342.660006,4.377712,0.001288,-0.017543,-0.000037,-0.000077,0.000007
-0.016867,0.000122,2343.659861,4.377676,0.001214,-0.017536,-0.000034,-0.000072,0.000007
-0.016743,0.000127,2344.659716,4.377643,0.001146,-0.017528,-0.000032,-0.000064,0.000008
-0.016614,0.000131,2345.65957,4.377612,0.001087,-0.01752,-0.00003,-0.000055,0.000009
-0.016481,0.000135,2346.659425,4.377584,0.001036,-0.017511,-0.000027,-0.000046,0.00001
-0.016344,0.000139,2347.65928,4.377558,0.000995,-0.017501,-0.000025,-0.000036,0.000011
-0.016203,0.000143,2348.659135,4.377535,0.000963,-0.017489,-0.000022,-0.000028,0.000013
-0.016058,0.000147,2349.65899,4.377514,0.000939,-0.017475,-0.000019,-0.00002,0.000015
-0.015909,0.000151,2350.658845,4.377496,0.000921,-0.017459,-0.000017,-0.000015,0.000017
-0.015757,0.000155,2351.6587,4.377481,0.000908,-0.017441,-0.000014,-0.000012,0.000019
-0.0156,0.000159,2352.658555,4.377468,0.000896,-0.017421,-0.000011,-0.000011,0.000021
-0.015439,0.000163,2353.65841,4.377458,0.000884,-0.017399,-0.000009,-0.000012,0.000023
-0.015274,0.000166,2354.658264,4.37745,0.00087,-0.017374,-0.000006,-0.000015,0.000025
-0.015106,0.00017,2355.658119,4.377446,0.000853,-0.017348,-0.000003,-0.00002,0.000027
-0.014935,0.000173,2356.657974,4.377443,0.000831,-0.017321,-0.000001,-0.000026,0.000028
-0.014761,0.000176,2357.657829,4.377444,0.000802,-0.017293,0.000002,-0.000032,0.000029
-0.014584,0.000178,2358.657684,4.377447,0.000766,-0.017264,0.000004,-0.000039,0.000029
-0.014404,0.000181,2359.657539,4.377452,0.000725,-0.017235,0.000007,-0.000045,0.000029
-0.014223,0.000183,2360.657394,4.37746,0.000678,-0.017206,0.000009,-0.000049,0.000028
-0.014039,0.000185,2361.657249,4.37747,0.000628,-0.017178,0.000011,-0.000051,0.000028
-0.013853,0.000187,2362.657104,4.377482,0.000577,-0.017151,0.000013,-0.000051,0.000026
-0.013665,0.000189,2363.656958,4.377497,0.000527,-0.017125,0.000016,-0.000049,0.000025
-0.013476,0.00019,2364.656813,4.377513,0.00048,-0.017101,0.000018,-0.000046,0.000024
-0.013284,0.000192,2365.656668,4.377532,0.000435,-0.017078,0.00002,-0.000043,0.000022
-0.013092,0.000193,2366.656523,4.377553,0.000395,-0.017057,0.000022,-0.000038,0.00002
-0.012898,0.000194,2367.656378,4.377576,0.000358,-0.017038,0.000024,-0.000034,0.000019
-0.012703,0.000195,2368.656233,4.377601,0.000326,-0.01702,0.000026,-0.00003,0.000017
-0.012507,0.000196,2369.656088,4.377628,0.000298,-0.017003,0.000028,-0.000027,0.000016
-0.012311,0.000197,2370.655943,4.377656,0.000272,-0.016989,0.000029,-0.000024,0.000014
-0.012114,0.000197,2371.655798,4.377686,0.000248,-0.016975,0.000031,-0.000023,0.000013
-0.011917,0.000197,2372.655652,4.377718,0.000226,-0.016964,0.000033,-0.000021,0.000011
-0.011719,0.000197,2373.655507,4.377752,0.000205,-0.016953,0.000035,-0.000021,0.00001
-0.011522,0.000197,2374.655362,4.377788,0.000185,-0.016944,0.000036,-0.000021,0.000008
-0.011325,0.000197,2375.655217,4.377824,0.000164,-0.016936,0.000038,-0.000021,0.000007
-0.011128,0.000197,2376.655072,4.377863,0.000143,-0.01693,0.000039,-0.000021,0.000006
-0.010932,0.000196,2377.654927,4.377903,0.000122,-0.016925,0.000041,-0.000021,0.000005
-0.010736,0.000195,2378.654782,4.377944,0.0001,-0.016921,0.000042,-0.000022,0.000003
-0.010541,0.000194,2379.654637,4.377987,0.000079,-0.016918,0.000043,-0.000022,0.000002
-0.010347,0.000194,2380.654492,4.378031,0.000057,-0.016917,0.000045,-0.000022,0.000001
-0.010154,0.000192,2381.654346,4.378076,0.000035,-0.016917,0.000046,-0.000022,-0.000001
-0.009962,0.000191,2382.654201,4.378122,0.000013,-0.016919,0.000047,-0.000022,-0.000002
-0.009772,0.00019,2383.654056,4.37817,-0.000009,-0.016922,0.000048,-0.000022,-0.000004
-0.009582,0.000189,2384.653911,4.378218,-0.000031,-0.016926,0.000049,-0.000022,-0.000005
-0.009395,0.000187,2385.653766,4.378268,-0.000053,-0.016932,0.00005,-0.000022,-0.000007
-0.009208,0.000186,2386.653621,4.378319,-0.000076,-0.01694,0.000051,-0.000023,-0.000009
-0.009023,0.000184,2387.653476,4.378371,-0.000099,-0.01695,0.000052,-0.000023,-0.000011
-0.008839,0.000183,2388.653331,4.378423,-0.000122,-0.016962,0.000053,-0.000024,-0.000012
-0.008657,0.000182,2389.653186,4.378477,-0.000147,-0.016975,0.000054,-0.000024,-0.000014
-0.008476,0.000181,2390.65304,4.378531,-0.000171,-0.01699,0.000055,-0.000025,-0.000016
-0.008296,0.00018,2391.652895,4.378587,-0.000195,-0.017008,0.000056,-0.000024,-0.000018
-0.008117,0.000179,2392.65275,4.378643,-0.000219,-0.017027,0.000057,-0.000023,-0.00002
-0.007939,0.000178,2393.652605,4.3787,-0.00024,-0.017047,0.000057,-0.00002,-0.000022
-0.007761,0.000177,2394.65246,4.378758,-0.000258,-0.01707,0.000058,-0.000016,-0.000023
-0.007585,0.000176,2395.652315,4.378816,-0.000272,-0.017094,0.000059,-0.000011,-0.000025
-0.007409,0.000175,2396.65217,4.378876,-0.000279,-0.017119,0.00006,-0.000004,-0.000026
-0.007234,0.000175,2397.652025,4.378936,-0.00028,-0.017145,0.000061,0.000003,-0.000026
-0.00706,0.000174,2398.65188,4.378997,-0.000273,-0.017172,0.000061,0.000011,-0.000027
-0.006887,0.000173,2399.651734,4.379059,-0.000257,-0.017199,0.000062,0.000019,-0.000027
-0.006714,0.000172,2400.651589,4.379121,-0.000235,-0.017226,0.000063,0.000026,-0.000027
-0.006543,0.000171,2401.651444,4.379184,-0.000205,-0.017253,0.000064,0.000032,-0.000027
-0.006372,0.00017,2402.651299,4.379249,-0.000171,-0.017279,0.000065,0.000037,-0.000026
-0.006203,0.000169,2403.651154,4.379314,-0.000132,-0.017304,0.000065,0.00004,-0.000025
-0.006034,0.000168,2404.651009,4.379379,-0.00009,-0.017329,0.000066,0.000042,-0.000024
-0.005866,0.000167,2405.650864,4.379446,-0.000048,-0.017352,0.000067,0.000042,-0.000023
-0.0057,0.000166,2406.650719,4.379514,-0.000006,-0.017375,0.000068,0.000041,-0.000022
-0.005534,0.000165,2407.650574,4.379583,0.000033,-0.017396,0.000069,0.000038,-0.00002
-0.00537,0.000164,2408.650429,4.379652,0.000069,-0.017416,0.00007,0.000033,-0.000019
-0.005207,0.000163,2409.650283,4.379723,0.000099,-0.017434,0.000071,0.000028,-0.000017
-0.005045,0.000161,2410.650138,4.379795,0.000125,-0.01745,0.000072,0.000023,-0.000016
-0.004885,0.00016,2411.649993,4.379867,0.000145,-0.017465,0.000073,0.000018,-0.000014
-0.004725,0.000159,2412.649848,4.379941,0.00016,-0.017477,0.000074,0.000013,-0.000011
-0.004567,0.000158,2413.649703,4.380016,0.000171,-0.017487,0.000075,0.000009,-0.000008
-0.00441,0.000156,2414.649558,4.380092,0.000178,-0.017494,0.000076,0.000006,-0.000005
-0.004255,0.000155,2415.649413,4.380168,0.000182,-0.017497,0.000077,0.000003,-0.000001
-0.004101,0.000153,2416.649268,4.380246,0.000184,-0.017496,0.000078,0.000001,0.000004
-0.003949,0.000151,2417.649123,4.380325,0.000185,-0.017489,0.00008,0,0.000009
-0.003798,0.000149,2418.648977,4.380405,0.000184,-0.017477,0.000081,-0.000001,0.000016
-0.00365,0.000147,2419.648832,4.380486,0.000184,-0.017458,0.000082,0.000001,0.000022
-0.003504,0.000145,2420.648687,4.380568,0.000186,-0.017432,0.000083,0.000003,0.00003
-0.00336,0.000143,2421.648542,4.380651,0.000192,-0.017399,0.000083,0.000008,0.000037
-0.003219,0.00014,2422.648397,4.380735,0.000202,-0.017358,0.000084,0.000014,0.000044
-0.00308,0.000138,2423.648252,4.38082,0.00022,-0.01731,0.000085,0.000022,0.000051
-0.002944,0.000135,2424.648107,4.380906,0.000247,-0.017256,0.000086,0.000031,0.000057
-0.00281,0.000132,2425.647962,4.380993,0.000284,-0.017197,0.000087,0.000042,0.000061
-0.00268,0.000129,2426.647817,4.38108,0.000331,-0.017134,0.000088,0.000053,0.000065
-0.002552,0.000126,2427.647671,4.381169,0.000389,-0.017068,0.000089,0.000063,0.000067
-0.002427,0.000124,2428.647526,4.381258,0.000458,-0.017,0.00009,0.000074,0.000069
-0.002305,0.000121,2429.647381,4.381348,0.000536,-0.016931,0.000091,0.000083,0.000069
-0.002185,0.000118,2430.647236,4.381439,0.000624,-0.016863,0.000091,0.000092,0.000068
-0.002068,0.000115,2431.647091,4.381531,0.000719,-0.016795,0.000092,0.000099,0.000067
-0.001955,0.000112,2432.646946,4.381624,0.00082,-0.016728,0.000093,0.000104,0.000066
-0.001844,0.00011,2433.646801,4.381718,0.000925,-0.016663,0.000094,0.000107,0.000064
-0.001736,0.000107,2434.646656,4.381813,0.001033,-0.0166,0.000095,0.000108,0.000063
-0.001631,0.000103,2435.646511,4.381909,0.00114,-0.016538,0.000097,0.000107,0.000062
-0.001529,0.0001,2436.646365,4.382006,0.001246,-0.016475,0.000098,0.000105,0.000062
-0.00143,0.000097,2437.64622,4.382104,0.001349,-0.016413,0.000099,0.0001,0.000063
-0.001335,0.000094,2438.646075,4.382204,0.001446,-0.016349,0.000101,0.000095,0.000064
-0.001243,0.00009,2439.64593,4.382306,0.001537,-0.016284,0.000102,0.000088,0.000067
-0.001154,0.000087,2440.645785,4.382409,0.001621,-0.016216,0.000104,0.00008,0.000069
-0.001069,0.000083,2441.64564,4.382514,0.001696,-0.016145,0.000106,0.000071,0.000072
-0.000987,0.00008,2442.645495,4.382622,0.001762,-0.016071,0.000109,0.000061,0.000076
-0.00091,0.000076,2443.64535,4.382732,0.001819,-0.015994,0.000112,0.000052,0.000079
-0.000836,0.000072,2444.645205,4.382845,0.001867,-0.015913,0.000115,0.000043,0.000083
-0.000766,0.000068,2445.645059,4.382961,0.001906,-0.015829,0.000118,0.000035,0.000086
-0.0007,0.000065,2446.644914,4.383082,0.001938,-0.015741,0.000123,0.000028,0.00009
-0.000637,0.000062,2447.644769,4.383207,0.001963,-0.01565,0.000128,0.000022,0.000093
-0.000575,0.000061,2448.644624,4.383337,0.001983,-0.015555,0.000133,0.000018,0.000097
-0.000515,0.00006,2449.644479,4.383474,0.001999,-0.015457,0.00014,0.000015,0.0001
-0.000454,0.000062,2450.644334,4.383618,0.002013,-0.015355,0.000148,0.000013,0.000103
-0.00039,0.000066,2451.644189,4.38377,0.002026,-0.015251,0.000156,0.000013,0.000106
-0.000322,0.000072,2452.644044,4.383931,0.002039,-0.015143,0.000167,0.000013,0.000109
-0.000246,0.00008,2453.643899,4.384104,0.002052,-0.015032,0.000178,0.000013,0.000113
-0.00016,0.000092,2454.643753,4.384289,0.002065,-0.014917,0.000192,0.000013,0.000116
-0.00006,0.000108,2455.643608,4.384489,0.002078,-0.014799,0.000208,0.000013,0.00012
0.000057,0.000127,2456.643463,4.384705,0.002092,-0.014678,0.000226,0.000013,0.000123
0.000194,0.000149,2457.643318,4.384941,0.002104,-0.014552,0.000246,0.000012,0.000127
0.000356,0.000176,2458.643173,4.385199,0.002114,-0.014423,0.00027,0.000009,0.000131
0.000547,0.000206,2459.643028,4.385482,0.002122,-0.01429,0.000296,0.000006,0.000135
0.00077,0.00024,2460.642883,4.385793,0.002126,-0.014153,0.000327,0.000003,0.000139
0.001028,0.000277,2461.642738,4.386137,0.002127,-0.014011,0.000361,-0.000002,0.000144
0.001325,0.000318,2462.642593,4.386518,0.002122,-0.013866,0.000401,-0.000007,0.000148
0.001665,0.000361,2463.642447,4.386941,0.002112,-0.013715,0.000445,-0.000013,0.000153
0.002048,0.000406,2464.642302,4.38741,0.002095,-0.01356,0.000495,-0.00002,0.000157
0.002476,0.000452,2465.642157,4.387933,0.002072,-0.013401,0.00055,-0.000026,0.000162
0.002951,0.000498,2466.642012,4.388514,0.002043,-0.013236,0.000613,-0.000033,0.000167
0.003471,0.000543,2467.641867,4.389161,0.002006,-0.013067,0.000682,-0.00004,0.000172
0.004037,0.000587,2468.641722,4.389882,0.001963,-0.012893,0.000759,-0.000047,0.000176
0.004645,0.000629,2469.641577,4.390682,0.001912,-0.012715,0.000843,-0.000054,0.000181
0.005293,0.000668,2470.641432,4.391572,0.001855,-0.012531,0.000936,-0.00006,0.000186
0.00598,0.000704,2471.641287,4.392559,0.001792,-0.012343,0.001038,-0.000066,0.000191
0.006701,0.000737,2472.641141,4.393653,0.001723,-0.012149,0.001149,-0.000073,0.000196
0.007453,0.000768,2473.640996,4.394862,0.001647,-0.011951,0.00127,-0.000078,0.000201
0.008236,0.000797,2474.640851,4.396197,0.001566,-0.011748,0.0014,-0.000084,0.000205
0.009047,0.000826,2475.640706,4.397667,0.001479,-0.01154,0.001541,-0.00009,0.00021
0.009889,0.000858,2476.640561,4.399283,0.001386,-0.011328,0.001692,-0.000095,0.000215
0.010765,0.000896,2477.640416,4.401056,0.001289,-0.01111,0.001854,-0.000101,0.00022
0.011683,0.000943,2478.640271,4.402996,0.001185,-0.010887,0.002027,-0.000106,0.000225
0.012655,0.001005,2479.640126,4.405116,0.001076,-0.01066,0.002212,-0.000112,0.00023
0.013699,0.001086,2480.639981,4.407427,0.000962,-0.010427,0.002411,-0.000117,0.000235
0.014837,0.001195,2481.639835,4.409943,0.000842,-0.01019,0.002622,-0.000123,0.00024
0.0161,0.001339,2482.63969,4.412679,0.000716,-0.009947,0.002849,-0.000129,0.000245
0.017528,0.001524,2483.639545,4.41565,0.000584,-0.009699,0.003093,-0.000135,0.00025
0.019164,0.00176,2484.6394,4.418874,0.000446,-0.009447,0.003357,-0.000141,0.000255
0.021066,0.002055,2485.639255,4.422373,0.000301,-0.009189,0.003642,-0.000147,0.00026
0.023295,0.002415,2486.63911,4.426169,0.000151,-0.008926,0.003952,-0.000154,0.000265
0.025918,0.002843,2487.638965,4.430291,-0.000006,-0.008658,0.004293,-0.00016,0.00027
0.029004,0.003346,2488.63882,4.434771,-0.000169,-0.008385,0.004669,-0.000166,0.000275
0.032634,0.003929,2489.638675,4.439648,-0.000338,-0.008108,0.005086,-0.000172,0.00028
0.036887,0.004593,2490.638529,4.444965,-0.000514,-0.007826,0.005551,-0.000178,0.000284
0.041843,0.005334,2491.638384,4.450776,-0.000694,-0.00754,0.006073,-0.000184,0.000288
0.047576,0.006148,2492.638239,4.457141,-0.000881,-0.007251,0.00666,-0.000189,0.000291
0.054154,0.007025,2493.638094,4.464131,-0.001072,-0.006959,0.007323,-0.000194,0.000293
0.061633,0.007946,2494.637949,4.471828,-0.001268,-0.006666,0.008072,-0.000199,0.000294
0.070043,0.008886,2495.637804,4.480322,-0.001469,-0.006371,0.008919,-0.000203,0.000295
0.079391,0.009822,2496.637659,4.489719,-0.001675,-0.006077,0.009877,-0.000208,0.000293
0.089658,0.010725,2497.637514,4.500134,-0.001885,-0.005785,0.010957,-0.000212,0.000291
0.100794,0.01156,2498.637369,4.511697,-0.002099,-0.005496,0.012172,-0.000217,0.000287
0.112712,0.01229,2499.637223,4.524547,-0.00232,-0.005212,0.013533,-0.000223,0.000281
0.125286,0.012876,2500.637078,4.538837,-0.002546,-0.004935,0.015051,-0.000229,0.000273
0.138352,0.013282,2501.636933,4.554728,-0.002778,-0.004667,0.016735,-0.000237,0.000264
0.151715,0.013478,2502.636788,4.572389,-0.003019,-0.004409,0.018593,-0.000245,0.000252
0.165152,0.013444,2503.636643,4.591998,-0.003269,-0.004165,0.02063,-0.000255,0.000237
0.178424,0.013156,2504.636498,4.613733,-0.00353,-0.003936,0.022847,-0.000266,0.00022
0.191263,0.012592,2505.636353,4.637774,-0.003803,-0.003726,0.025241,-0.000279,0.000201
0.20339,0.011746,2506.636208,4.664295,-0.004089,-0.003536,0.027808,-0.000294,0.000178
0.214527,0.010623,2507.636063,4.693462,-0.004391,-0.003371,0.030536,-0.00031,0.000153
0.224409,0.009241,2508.635917,4.72543,-0.00471,-0.003232,0.033409,-0.000327,0.000124
0.232793,0.00763,2509.635772,4.760333,-0.005046,-0.003124,0.036407,-0.000346,0.000093
0.239475,0.005828,2510.635627,4.798282,-0.005402,-0.003049,0.039503,-0.000365,0.000057
0.244292,0.003882,2511.635482,4.839361,-0.005777,-0.003011,0.042666,-0.000385,0.000019
0.247126,0.001835,2512.635337,4.883617,-0.006172,-0.003013,0.045859,-0.000406,-0.000024
0.247903,-0.00027,2513.635192,4.93106,-0.006588,-0.00306,0.049041,-0.000426,-0.000069
0.246585,-0.002405,2514.635047,4.981658,-0.007025,-0.003154,0.052168,-0.000448,-0.000119
0.243151,-0.00456,2515.634902,5.035329,-0.007483,-0.003299,0.05519,-0.00047,-0.000172
0.237577,-0.006751,2516.634757,5.091944,-0.007965,-0.0035,0.058057,-0.000494,-0.000229
0.229812,-0.009017,2517.634611,5.151322,-0.008472,-0.00376,0.060718,-0.00052,-0.00029
0.21975,-0.011423,2518.634466,5.213233,-0.009007,-0.004082,0.063121,-0.000551,-0.000354
0.20721,-0.014052,2519.634321,5.277394,-0.009576,-0.004469,0.065218,-0.000587,-0.000421
0.191925,-0.016986,2520.634176,5.343473,-0.010183,-0.004924,0.066961,-0.000628,-0.00049
0.173552,-0.020284,2521.634031,5.411097,-0.010835,-0.005449,0.068306,-0.000676,-0.00056
0.151717,-0.023933,2522.633886,5.479848,-0.011537,-0.006044,0.069216,-0.000728,-0.00063
0.126119,-0.027764,2523.633741,5.549275,-0.012292,-0.006709,0.069659,-0.000781,-0.0007
0.096724,-0.031405,2524.633596,5.618901,-0.013097,-0.007442,0.069612,-0.000829,-0.000767
0.063936,-0.034367,2525.633451,5.688225,-0.013945,-0.008241,0.069058,-0.000867,-0.000831
0.028669,-0.036132,2526.633305,5.756739,-0.014821,-0.009101,0.06799,-0.000886,-0.000889
-0.007648,-0.036216,2527.63316,5.823931,-0.015705,-0.010015,0.066413,-0.000882,-0.00094
-0.043223,-0.034528,2528.633015,5.889297,-0.01657,-0.010976,0.064339,-0.000849,-0.000982
-0.076462,-0.031515,2529.63287,5.952355,-0.017388,-0.011974,0.061795,-0.000788,-0.001015
-0.106301,-0.027747,2530.632725,6.012652,-0.018131,-0.013,0.058816,-0.000699,-0.001036
-0.13222,-0.023734,2531.63258,6.069776,-0.018776,-0.01404,0.055447,-0.000589,-0.001045
-0.154171,-0.019888,2532.632435,6.123363,-0.019303,-0.015082,0.051742,-0.000466,-0.001041
-0.172468,-0.016508,2533.63229,6.173107,-0.019705,-0.016115,0.047761,-0.000337,-0.001024
-0.187671,-0.013766,2534.632145,6.218765,-0.019979,-0.017125,0.043567,-0.000212,-0.000996
-0.200461,-0.01173,2535.631999,6.260155,-0.020134,-0.018102,0.039225,-0.000098,-0.000958
-0.211542,-0.010371,2536.631854,6.297163,-0.020184,-0.019036,0.034802,-0.000001,-0.00091
-0.22155,-0.009591,2537.631709,6.329739,-0.020148,-0.019919,0.030359,0.000074,-0.000855
-0.231002,-0.009255,2538.631564,6.357892,-0.020049,-0.020744,0.025955,0.000124,-0.000795
-0.240263,-0.0092,2539.631419,6.381687,-0.019912,-0.021506,0.021643,0.000151,-0.00073
-0.249535,-0.009263,2540.631274,6.40124,-0.01976,-0.022202,0.017468,0.000153,-0.000662
-0.258858,-0.009297,2541.631129,6.416706,-0.019617,-0.02283,0.01347,0.000133,-0.000594
-0.268141,-0.009183,2542.630984,6.428278,-0.019503,-0.023389,0.009678,0.000095,-0.000525
-0.277211,-0.008895,2543.630839,6.436174,-0.019434,-0.02388,0.006116,0.000042,-0.000457
-0.285909,-0.008458,2544.630693,6.440632,-0.019424,-0.024304,0.002799,-0.000023,-0.000391
-0.294087,-0.007866,2545.630548,6.441899,-0.019483,-0.024662,-0.000264,-0.000095,-0.000326
-0.30158,-0.007099,2546.630403,6.44023,-0.019616,-0.024957,-0.003073,-0.000171,-0.000264
-0.308207,-0.006142,2547.630258,6.435878,-0.019825,-0.025191,-0.005631,-0.000247,-0.000204
-0.313779,-0.004998,2548.630113,6.42909,-0.020109,-0.025366,-0.007947,-0.000321,-0.000146
-0.31812,-0.003682,2549.629968,6.420103,-0.020465,-0.025484,-0.010031,-0.00039,-0.000091
-0.321072,-0.002222,2550.629823,6.409138,-0.020886,-0.025548,-0.011901,-0.000453,-0.000037
-0.32251,-0.000652,2551.629678,6.396404,-0.021366,-0.025559,-0.013571,-0.000506,0.000014
-0.322348,0.000983,2552.629533,6.382092,-0.021894,-0.025521,-0.015059,-0.000551,0.000064
-0.320546,0.002639,2553.629387,6.366373,-0.022462,-0.025434,-0.016384,-0.000585,0.000111
-0.317107,0.004269,2554.629242,6.349403,-0.023059,-0.0253,-0.017562,-0.000611,0.000156
-0.31208,0.00583,2555.629097,6.33132,-0.023679,-0.025123,-0.018609,-0.000628,0.000199
-0.305552,0.007284,2556.628952,6.312247,-0.024312,-0.024904,-0.019541,-0.000639,0.000239
-0.297648,0.008597,2557.628807,6.292294,-0.024955,-0.024645,-0.020371,-0.000646,0.000277
-0.288519,0.009743,2558.628662,6.271558,-0.025603,-0.02435,-0.021109,-0.00065,0.000313
-0.278347,0.010694,2559.628517,6.250124,-0.026255,-0.024022,-0.021765,-0.000654,0.000345
-0.267334,0.01143,2560.628372,6.228071,-0.02691,-0.023663,-0.022347,-0.000657,0.000373
-0.255704,0.011931,2561.628227,6.205469,-0.02757,-0.023277,-0.022862,-0.000662,0.000398
-0.243696,0.012184,2562.628081,6.182384,-0.028234,-0.02287,-0.023315,-0.000666,0.000418
-0.231561,0.012179,2563.627936,6.158875,-0.028902,-0.022444,-0.023709,-0.00067,0.000433
-0.21956,0.011913,2564.627791,6.135001,-0.029572,-0.022007,-0.024047,-0.00067,0.000442
-0.207947,0.011396,2565.627646,6.110816,-0.030239,-0.021563,-0.024332,-0.000665,0.000445
-0.196959,0.010659,2566.627501,6.08637,-0.030896,-0.02112,-0.024566,-0.00065,0.000442
-0.186787,0.009767,2567.627356,6.061714,-0.031531,-0.020684,-0.024753,-0.000621,0.000431
-0.177536,0.00882,2568.627211,6.036893,-0.032128,-0.020262,-0.024896,-0.000573,0.000413
-0.169212,0.007916,2569.627066,6.011951,-0.032665,-0.019861,-0.024996,-0.000502,0.000388
-0.161742,0.007103,2570.626921,5.986926,-0.033118,-0.019489,-0.025059,-0.000403,0.000357
-0.155035,0.006381,2571.626775,5.961856,-0.033456,-0.019151,-0.025088,-0.000273,0.000319
-0.149001,0.00575,2572.62663,5.936771,-0.033646,-0.018853,-0.025089,-0.000109,0.000277
-0.143548,0.005215,2573.626485,5.911698,-0.033656,-0.018598,-0.025065,0.00009,0.000233
-0.138575,0.004786,2574.62634,5.886658,-0.033452,-0.018387,-0.025022,0.000319,0.000188
-0.133972,0.004474,2575.626195,5.861669,-0.033005,-0.018222,-0.024965,0.000573,0.000144
-0.129618,0.004288,2576.62605,5.836741,-0.032297,-0.018098,-0.024898,0.000843,0.000104
-0.125383,0.004231,2577.625905,5.811882,-0.031319,-0.018012,-0.024826,0.001114,0.000069
-0.121142,0.004298,2578.62576,5.787096,-0.030077,-0.017956,-0.024753,0.00137,0.000042
-0.116775,0.00448,2579.625615,5.762382,-0.028595,-0.017923,-0.024682,0.001593,0.000023
-0.112157,0.004815,2580.625469,5.737736,-0.026916,-0.017906,-0.024615,0.001766,0.000011
-0.107123,0.005301,2581.625324,5.713156,-0.025095,-0.017898,-0.024553,0.001876,0.000005
-0.101574,0.005821,2582.625179,5.688635,-0.023199,-0.017894,-0.024495,0.001916,0.000003
-0.095535,0.00627,2583.625034,5.664171,-0.021298,-0.01789,-0.024441,0.001887,0.000005
-0.089106,0.006592,2584.624889,5.639761,-0.019457,-0.017884,-0.024386,0.001796,0.000007
-0.082435,0.00675,2585.624744,5.615408,-0.017731,-0.017876,-0.024327,0.001657,0.000009
-0.075696,0.006725,2586.624599,5.591118,-0.01616,-0.017866,-0.02426,0.001485,0.00001
-0.06907,0.006525,2587.624454,5.566902,-0.01477,-0.017858,-0.024178,0.001295,0.000008
-0.06272,0.006173,2588.624309,5.542779,-0.013571,-0.017853,-0.024076,0.001103,0.000002
-0.056783,0.005702,2589.624163,5.51877,-0.012561,-0.017855,-0.023948,0.000918,-0.000006
-0.05136,0.005149,2590.624018,5.494904,-0.011727,-0.017867,-0.023789,0.000749,-0.000018
-0.046514,0.00455,2591.623873,5.471216,-0.011052,-0.017891,-0.023594,0.000602,-0.000031
-0.042276,0.003937,2592.623728,5.447743,-0.010512,-0.01793,-0.023359,0.000478,-0.000046
-0.038645,0.003336,2593.623583,5.424526,-0.010085,-0.017983,-0.023081,0.000377,-0.000061
-0.035599,0.00277,2594.623438,5.401611,-0.009748,-0.018052,-0.022757,0.000297,-0.000076
-0.033093,0.002256,2595.623293,5.379043,-0.009481,-0.018135,-0.022386,0.000237,-0.00009
-0.031071,0.001803,2596.623148,5.35687,-0.009266,-0.018231,-0.021967,0.000192,-0.000103
-0.029466,0.00142,2597.623003,5.335138,-0.00909,-0.018339,-0.021502,0.000161,-0.000113
-0.02821,0.001107,2598.622857,5.313894,-0.008939,-0.018457,-0.020992,0.000139,-0.000122
-0.027231,0.000864,2599.622712,5.293182,-0.008807,-0.018583,-0.020439,0.000125,-0.000129
-0.02646,0.000688,2600.622567,5.273042,-0.008687,-0.018715,-0.019846,0.000116,-0.000134
-0.025836,0.000572,2601.622422,5.253513,-0.008574,-0.018851,-0.019217,0.000109,-0.000138
-0.0253,0.000509,2602.622277,5.234628,-0.008467,-0.01899,-0.018557,0.000105,-0.00014
-0.024803,0.000491,2603.622132,5.216419,-0.008364,-0.01913,-0.017868,0.000102,-0.000141
-0.024305,0.000511,2604.621987,5.198909,-0.008264,-0.019272,-0.017157,0.000099,-0.000141
-0.023773,0.000558,2605.621842,5.182119,-0.008166,-0.019413,-0.016428,0.000096,-0.000141
-0.023182,0.000626,2606.621697,5.166064,-0.008072,-0.019553,-0.015686,0.000093,-0.00014
-0.022516,0.000707,2607.621551,5.150755,-0.00798,-0.019693,-0.014936,0.000091,-0.000139
-0.021766,0.000794,2608.621406,5.136198,-0.00789,-0.019831,-0.014183,0.000089,-0.000138
-0.02093,0.00088,2609.621261,5.122393,-0.007801,-0.019969,-0.013431,0.000088,-0.000137
-0.020008,0.000962,2610.621116,5.109337,-0.007714,-0.020104,-0.012685,0.000087,-0.000135
-0.019009,0.001035,2611.620971,5.097022,-0.007627,-0.020239,-0.011948,0.000088,-0.000134
-0.017943,0.001096,2612.620826,5.085438,-0.007538,-0.020372,-0.011224,0.000089,-0.000133
-0.016822,0.001143,2613.620681,5.07457,-0.007448,-0.020504,-0.010516,0.000092,-0.000131
-0.015662,0.001175,2614.620536,5.064401,-0.007355,-0.020634,-0.009826,0.000095,-0.000129
-0.014478,0.001191,2615.620391,5.05491,-0.007258,-0.020763,-0.009158,0.000099,-0.000128
-0.013286,0.001191,2616.620245,5.046075,-0.007156,-0.02089,-0.008513,0.000104,-0.000126
-0.012101,0.001177,2617.6201,5.037874,-0.007049,-0.021014,-0.007892,0.00011,-0.000124
-0.010938,0.001149,2618.619955,5.030281,-0.006936,-0.021137,-0.007297,0.000116,-0.000121
-0.009809,0.001108,2619.61981,5.02327,-0.006817,-0.021256,-0.006728,0.000122,-0.000119
-0.008726,0.001056,2620.619665,5.016813,-0.006693,-0.021374,-0.006186,0.000128,-0.000116
-0.007699,0.000997,2621.61952,5.010886,-0.006562,-0.021488,-0.005671,0.000134,-0.000112
-0.006734,0.000933,2622.619375,5.005459,-0.006425,-0.021598,-0.005184,0.00014,-0.000109
-0.005835,0.000865,2623.61923,5.000505,-0.006283,-0.021705,-0.004724,0.000145,-0.000105
-0.005006,0.000792,2624.619085,4.995999,-0.006136,-0.021809,-0.00429,0.00015,-0.000102
-0.004251,0.000717,2625.618939,4.991913,-0.005984,-0.021908,-0.003883,0.000154,-0.000098
-0.003572,0.000642,2626.618794,4.988222,-0.005828,-0.022004,-0.003501,0.000158,-0.000093
-0.002967,0.000569,2627.618649,4.9849,-0.005668,-0.022095,-0.003144,0.000162,-0.000089
-0.002433,0.000499,2628.618504,4.981922,-0.005504,-0.022182,-0.002812,0.000165,-0.000085
-0.001969,0.000431,2629.618359,4.979266,-0.005338,-0.022264,-0.002502,0.000168,-0.00008
-0.00157,0.000368,2630.618214,4.976907,-0.005168,-0.022342,-0.002216,0.000172,-0.000076
-0.001231,0.00031,2631.618069,4.974824,-0.004995,-0.022416,-0.001951,0.000175,-0.000071
-0.000947,0.00026,2632.617924,4.972996,-0.004818,-0.022485,-0.001706,0.000178,-0.000067
-0.00071,0.000216,2633.617779,4.971402,-0.004639,-0.02255,-0.001482,0.000181,-0.000063
-0.000513,0.000178,2634.617634,4.970023,-0.004456,-0.022611,-0.001276,0.000185,-0.000059
-0.000351,0.000148,2635.617488,4.968841,-0.00427,-0.022668,-0.001088,0.000188,-0.000055
-0.000215,0.000125,2636.617343,4.967838,-0.004081,-0.022721,-0.000917,0.000191,-0.000051
-0.000099,0.000108,2637.617198,4.966998,-0.003888,-0.02277,-0.000762,0.000194,-0.000047
0.000004,0.0001,2638.617053,4.966306,-0.003693,-0.022815,-0.000622,0.000197,-0.000044
0.000102,0.000097,2639.616908,4.965748,-0.003495,-0.022858,-0.000495,0.000199,-0.000041
0.0002,0.000101,2640.616763,4.96531,-0.003294,-0.022897,-0.000381,0.000202,-0.000038
0.000305,0.000109,2641.616618,4.964981,-0.003091,-0.022934,-0.000278,0.000204,-0.000036
0.000419,0.000121,2642.616473,4.96475,-0.002886,-0.022969,-0.000185,0.000206,-0.000033
0.000547,0.000136,2643.616328,4.964607,-0.002679,-0.023001,-0.000101,0.000208,-0.000032
0.000691,0.000151,2644.616182,4.964545,-0.00247,-0.023032,-0.000025,0.00021,-0.00003
0.000849,0.000165,2645.616037,4.964555,-0.002259,-0.023061,0.000045,0.000212,-0.000029
0.001019,0.000174,2646.615892,4.964633,-0.002047,-0.023089,0.00011,0.000213,-0.000027
0.001195,0.000176,2647.615747,4.964773,-0.001833,-0.023116,0.00017,0.000214,-0.000026
0.001368,0.000169,2648.615602,4.964972,-0.001619,-0.023142,0.000228,0.000214,-0.000026
0.001528,0.00015,2649.615457,4.965227,-0.001405,-0.023167,0.000284,0.000214,-0.000025
0.001664,0.000121,2650.615312,4.965539,-0.001191,-0.023192,0.000339,0.000214,-0.000024
0.001769,0.000086,2651.615167,4.965905,-0.000978,-0.023216,0.000394,0.000212,-0.000024
0.001836,0.000048,2652.615022,4.966328,-0.000767,-0.02324,0.000451,0.000211,-0.000023
0.001865,0.00001,2653.614876,4.966807,-0.000558,-0.023263,0.000509,0.000208,-0.000023
0.001855,-0.000029,2654.614731,4.967346,-0.000351,-0.023285,0.000569,0.000206,-0.000022
0.001808,-0.000065,2655.614586,4.967947,-0.000147,-0.023307,0.000632,0.000203,-0.000021
0.001726,-0.000099,2656.614441,4.968611,0.000054,-0.023328,0.000698,0.000199,-0.00002
0.001611,-0.00013,2657.614296,4.969344,0.000252,-0.023347,0.000767,0.000196,-0.000019
0.001466,-0.00016,2658.614151,4.970147,0.000445,-0.023366,0.000839,0.000192,-0.000018
0.001293,-0.000186,2659.614006,4.971024,0.000635,-0.023383,0.000915,0.000188,-0.000017
0.001095,-0.00021,2660.613861,4.971977,0.000821,-0.023399,0.000993,0.000184,-0.000015
0.000873,-0.000232,2661.613716,4.973011,0.001004,-0.023414,0.001074,0.000181,-0.000014
0.000631,-0.000252,2662.61357,4.974126,0.001183,-0.023428,0.001157,0.000178,-0.000013
0.00037,-0.000269,2663.613425,4.975324,0.001359,-0.02344,0.001241,0.000175,-0.000012
0.000094,-0.000283,2664.61328,4.976609,0.001533,-0.023451,0.001327,0.000173,-0.000011
-0.000194,-0.000291,2665.613135,4.977979,0.001705,-0.023461,0.001414,0.000172,-0.00001
-0.000487,-0.000295,2666.61299,4.979437,0.001877,-0.02347,0.001501,0.000172,-0.000009
-0.000782,-0.000295,2667.612845,4.980981,0.002049,-0.023478,0.001588,0.000172,-0.000008
-0.001077,-0.000294,2668.6127,4.982612,0.002222,-0.023486,0.001674,0.000174,-0.000007
-0.001368,-0.000289,2669.612555,4.984328,0.002396,-0.023492,0.001759,0.000176,-0.000006
-0.001654,-0.000283,2670.61241,4.986128,0.002573,-0.023497,0.001842,0.000178,-0.000005
-0.001935,-0.000278,2671.612264,4.988009,0.002753,-0.023502,0.001923,0.000181,-0.000004
-0.002212,-0.000276,2672.612119,4.989971,0.002936,-0.023505,0.002001,0.000185,-0.000003
-0.002488,-0.000278,2673.611974,4.99201,0.003122,-0.023507,0.002077,0.000188,-0.000001
-0.002768,-0.000283,2674.611829,4.994123,0.003313,-0.023507,0.00215,0.000192,0
-0.003055,-0.000292,2675.611684,4.996307,0.003507,-0.023506,0.00222,0.000196,0.000002
-0.003353,-0.000305,2676.611539,4.99856,0.003705,-0.023502,0.002287,0.000201,0.000005
-0.003666,-0.000322,2677.611394,5.000879,0.003908,-0.023496,0.002351,0.000205,0.000007
-0.003998,-0.000342,2678.611249,5.003259,0.004115,-0.023488,0.002411,0.000208,0.00001
-0.00435,-0.000364,2679.611104,5.005699,0.004325,-0.023476,0.002469,0.000212,0.000013
-0.004725,-0.000386,2680.610958,5.008195,0.004537,-0.023462,0.002524,0.000214,0.000016
-0.005122,-0.000408,2681.610813,5.010744,0.004752,-0.023444,0.002575,0.000216,0.00002
-0.005541,-0.00043,2682.610668,5.013344,0.004968,-0.023422,0.002625,0.000216,0.000023
-0.005982,-0.000451,2683.610523,5.015991,0.005184,-0.023398,0.002671,0.000215,0.000026
-0.006443,-0.000471,2684.610378,5.018684,0.005398,-0.02337,0.002715,0.000213,0.000029
-0.006924,-0.00049,2685.610233,5.021419,0.00561,-0.023339,0.002756,0.00021,0.000032
-0.007422,-0.000507,2686.610088,5.024195,0.005817,-0.023306,0.002796,0.000205,0.000034
-0.007937,-0.000522,2687.609943,5.027008,0.006019,-0.023271,0.002833,0.000199,0.000036
-0.008466,-0.000536,2688.609798,5.029858,0.006214,-0.023235,0.002868,0.000192,0.000036
-0.009008,-0.000548,2689.609652,5.032743,0.006402,-0.0232,0.002901,0.000184,0.000036
-0.009561,-0.000558,2690.609507,5.035659,0.006581,-0.023165,0.002933,0.000176,0.000034
-0.010123,-0.000566,2691.609362,5.038607,0.006753,-0.023132,0.002963,0.000168,0.000031
-0.010693,-0.000573,2692.609217,5.041583,0.006918,-0.023103,0.002991,0.000161,0.000028
-0.011269,-0.000579,2693.609072,5.044587,0.007076,-0.023077,0.003018,0.000156,0.000023
-0.01185,-0.000583,2694.608927,5.047617,0.00723,-0.023057,0.003043,0.000152,0.000018
-0.012434,-0.000586,2695.608782,5.050671,0.007381,-0.023041,0.003067,0.000151,0.000013
-0.013021,-0.000588,2696.608637,5.053749,0.007532,-0.023031,0.003089,0.000151,0.000009
-0.013609,-0.000589,2697.608492,5.056848,0.007684,-0.023024,0.00311,0.000154,0.000005
-0.014197,-0.000589,2698.608346,5.059968,0.00784,-0.023019,0.00313,0.000157,0.000004
-0.014786,-0.000588,2699.608201,5.063107,0.007998,-0.023016,0.003149,0.00016,0.000003
-0.015374,-0.000587,2700.608056,5.066265,0.00816,-0.023012,0.003167,0.000163,0.000004
-0.01596,-0.000586,2701.607911,5.069439,0.008324,-0.023007,0.003183,0.000165,0.000006
-0.016545,-0.000583,2702.607766,5.072629,0.008488,-0.023,0.003198,0.000165,0.000009
-0.017126,-0.00058,2703.607621,5.075834,0.008652,-0.02299,0.003213,0.000163,0.000012
-0.017705,-0.000577,2704.607476,5.079053,0.008814,-0.022977,0.003226,0.00016,0.000015
-0.01828,-0.000573,2705.607331,5.082285,0.008971,-0.02296,0.003238,0.000156,0.000018
-0.01885,-0.000568,2706.607186,5.085528,0.009124,-0.022941,0.003249,0.00015,0.000021
-0.019415,-0.000562,2707.60704,5.088782,0.009272,-0.022918,0.00326,0.000144,0.000024
-0.019974,-0.000556,2708.606895,5.092046,0.009413,-0.022893,0.003269,0.000138,0.000026
-0.020527,-0.00055,2709.60675,5.095319,0.009548,-0.022866,0.003278,0.000133,0.000028
-0.021073,-0.000542,2710.606605,5.098601,0.009679,-0.022837,0.003286,0.000128,0.00003
-0.021611,-0.000534,2711.60646,5.101889,0.009805,-0.022806,0.003293,0.000125,0.000032
-0.022141,-0.000526,2712.606315,5.105185,0.009929,-0.022774,0.003299,0.000122,0.000033
-0.022662,-0.000517,2713.60617,5.108486,0.01005,-0.022741,0.003304,0.000121,0.000034
-0.023174,-0.000507,2714.606025,5.111792,0.010171,-0.022707,0.003309,0.00012,0.000035
-0.023676,-0.000497,2715.60588,5.115103,0.010291,-0.022672,0.003314,0.00012,0.000035
-0.024168,-0.000487,2716.605734,5.118418,0.010412,-0.022636,0.003317,0.000121,0.000036
-0.024649,-0.000476,2717.605589,5.121736,0.010532,-0.0226,0.00332,0.00012,0.000036
-0.025119,-0.000465,2718.605444,5.125057,0.010652,-0.022564,0.003322,0.00012,0.000037
-0.025579,-0.000453,2719.605299,5.12838,0.010771,-0.022527,0.003324,0.000118,0.000037
-0.026026,-0.000442,2720.605154,5.131704,0.010887,-0.02249,0.003325,0.000115,0.000037
-0.026461,-0.000429,2721.605009,5.135029,0.011,-0.022453,0.003326,0.000111,0.000037
-0.026885,-0.000417,2722.604864,5.138355,0.011108,-0.022416,0.003327,0.000105,0.000037
-0.027296,-0.000404,2723.604719,5.141681,0.01121,-0.022379,0.003326,0.000098,0.000037
-0.027694,-0.000392,2724.604574,5.145007,0.011304,-0.022342,0.003326,0.00009,0.000037
-0.028078,-0.000378,2725.604428,5.148332,0.011389,-0.022305,0.003325,0.000081,0.000037
-0.02845,-0.000365,2726.604283,5.151655,0.011465,-0.022268,0.003323,0.000071,0.000036
-0.028808,-0.000351,2727.604138,5.154977,0.011531,-0.022232,0.003321,0.00006,0.000036
-0.029152,-0.000337,2728.603993,5.158296,0.011586,-0.022196,0.003319,0.000049,0.000036
-0.029482,-0.000323,2729.603848,5.161614,0.011629,-0.02216,0.003316,0.000037,0.000035
-0.029798,-0.000308,2730.603703,5.164928,0.01166,-0.022125,0.003313,0.000026,0.000035
-0.030099,-0.000294,2731.603558,5.168239,0.01168,-0.022091,0.00331,0.000014,0.000034
-0.030385,-0.000279,2732.603413,5.171546,0.011689,-0.022056,0.003306,0.000004,0.000034
-0.030656,-0.000263,2733.603268,5.174849,0.011688,-0.022023,0.003301,-0.000006,0.000034
-0.030912,-0.000248,2734.603122,5.178148,0.011678,-0.021989,0.003297,-0.000013,0.000033
-0.031152,-0.000232,2735.602977,5.181442,0.011663,-0.021956,0.003292,-0.000018,0.000033
-0.031377,-0.000217,2736.602832,5.184731,0.011644,-0.021924,0.003287,-0.00002,0.000033
-0.031585,-0.000201,2737.602687,5.188014,0.011626,-0.021891,0.003281,-0.000018,0.000032
-0.031778,-0.000185,2738.602542,5.191292,0.011611,-0.021859,0.003275,-0.000012,0.000033
-0.031956,-0.000169,2739.602397,5.194564,0.011603,-0.021826,0.003269,-0.000003,0.000033
-0.032117,-0.000154,2740.602252,5.197829,0.011605,-0.021792,0.003263,0.000008,0.000034
-0.032263,-0.000138,2741.602107,5.201088,0.011619,-0.021758,0.003256,0.000021,0.000035
-0.032394,-0.000123,2742.601962,5.204339,0.011647,-0.021722,0.003249,0.000035,0.000036
-0.032509,-0.000107,2743.601816,5.207584,0.011688,-0.021685,0.003242,0.000048,0.000038
-0.032609,-0.000092,2744.601671,5.210821,0.011742,-0.021647,0.003234,0.000059,0.000039
-0.032693,-0.000077,2745.601526,5.214051,0.011805,-0.021607,0.003226,0.000068,0.000041
-0.032763,-0.000062,2746.601381,5.217273,0.011877,-0.021566,0.003218,0.000074,0.000042
-0.032817,-0.000047,2747.601236,5.220487,0.011952,-0.021524,0.00321,0.000077,0.000042
-0.032857,-0.000032,2748.601091,5.223693,0.01203,-0.021482,0.003202,0.000077,0.000042
-0.032881,-0.000017,2749.600946,5.22689,0.012105,-0.021441,0.003194,0.000074,0.00004
-0.03289,-0.000002,2750.600801,5.230079,0.012176,-0.021402,0.003185,0.000069,0.000037
-0.032884,0.000014,2751.600656,5.233259,0.012242,-0.021367,0.003176,0.000062,0.000033
-0.032863,0.000029,2752.60051,5.236431,0.0123,-0.021338,0.003168,0.000054,0.000027
-0.032826,0.000044,2753.600365,5.239593,0.01235,-0.021315,0.003159,0.000046,0.000019
-0.032774,0.00006,2754.60022,5.242747,0.012393,-0.021301,0.003149,0.000039,0.00001
-0.032707,0.000075,2755.600075,5.245891,0.012429,-0.021295,0.00314,0.000033,0.000001
-0.032625,0.00009,2756.59993,5.249026,0.012459,-0.021299,0.003131,0.000027,-0.000009
-0.032527,0.000105,2757.599785,5.252151,0.012483,-0.021312,0.003121,0.000021,-0.000017
-0.032415,0.000119,2758.59964,5.255267,0.0125,-0.021333,0.003112,0.000014,-0.000025
-0.032289,0.000134,2759.599495,5.258374,0.01251,-0.021362,0.003102,0.000005,-0.000032
-0.032147,0.000148,2760.59935,5.26147,0.012509,-0.021396,0.003092,-0.000006,-0.000037
-0.031992,0.000163,2761.599204,5.264556,0.012496,-0.021434,0.003082,-0.00002,-0.00004
-0.031822,0.000177,2762.599059,5.267632,0.012468,-0.021475,0.003071,-0.000036,-0.000042
-0.031637,0.000192,2763.598914,5.270698,0.012423,-0.021516,0.003061,-0.000054,-0.000042
-0.031439,0.000206,2764.598769,5.273753,0.012359,-0.021557,0.003051,-0.000073,-0.00004
-0.031225,0.000221,2765.598624,5.276798,0.012278,-0.021596,0.00304,-0.000091,-0.000038
-0.030997,0.000236,2766.598479,5.279832,0.01218,-0.021633,0.003029,-0.000105,-0.000035
-0.030754,0.000251,2767.598334,5.282855,0.01207,-0.021665,0.003018,-0.000115,-0.000031
-0.030496,0.000265,2768.598189,5.285867,0.011953,-0.021694,0.003007,-0.000119,-0.000026
-0.030223,0.00028,2769.598044,5.288867,0.011835,-0.021717,0.002995,-0.000116,-0.000021
-0.029936,0.000295,2770.597898,5.291856,0.011724,-0.021737,0.002984,-0.000107,-0.000017
-0.029634,0.000309,2771.597753,5.294834,0.011625,-0.021752,0.002972,-0.000092,-0.000013
-0.029318,0.000322,2772.597608,5.297799,0.011542,-0.021763,0.00296,-0.000074,-0.00001
-0.028989,0.000336,2773.597463,5.300753,0.011479,-0.021772,0.002948,-0.000053,-0.000008
-0.028647,0.000349,2774.597318,5.303695,0.011436,-0.021779,0.002936,-0.000033,-0.000006
-0.028292,0.000361,2775.597173,5.306625,0.011413,-0.021785,0.002924,-0.000013,-0.000006
-0.027925,0.000373,2776.597028,5.309542,0.011408,-0.021791,0.002912,0.000004,-0.000006
-0.027546,0.000385,2777.596883,5.312447,0.011418,-0.021797,0.002899,0.000017,-0.000007
-0.027156,0.000396,2778.596738,5.315339,0.01144,-0.021805,0.002887,0.000026,-0.000008
-0.026754,0.000408,2779.596592,5.318219,0.011469,-0.021814,0.002874,0.000032,-0.00001
-0.02634,0.000419,2780.596447,5.321087,0.011501,-0.021826,0.002861,0.000033,-0.000013
-0.025916,0.00043,2781.596302,5.323941,0.011532,-0.02184,0.002849,0.00003,-0.000015
-0.025481,0.000441,2782.596157,5.326783,0.011559,-0.021857,0.002836,0.000023,-0.000018
-0.025034,0.000452,2783.596012,5.329612,0.011577,-0.021876,0.002823,0.000013,-0.000021
-0.024577,0.000463,2784.595867,5.332428,0.011583,-0.021898,0.00281,0.000001,-0.000023
-0.024108,0.000475,2785.595722,5.335231,0.011577,-0.021922,0.002797,-0.000013,-0.000025
-0.023627,0.000486,2786.595577,5.338021,0.011557,-0.021948,0.002784,-0.000028,-0.000027
-0.023135,0.000498,2787.595432,5.340797,0.011522,-0.021976,0.00277,-0.000042,-0.000028
-0.022631,0.00051,2788.595286,5.343561,0.011473,-0.022004,0.002757,-0.000055,-0.000029
-0.022116,0.000522,2789.595141,5.346311,0.011412,-0.022034,0.002744,-0.000066,-0.000029
-0.021588,0.000533,2790.594996,5.349047,0.011342,-0.022063,0.00273,-0.000074,-0.000029
-0.021049,0.000545,2791.594851,5.35177,0.011266,-0.022093,0.002717,-0.000079,-0.000029
-0.020498,0.000557,2792.594706,5.35448,0.011186,-0.022121,0.002703,-0.000081,-0.000029
-0.019935,0.000568,2793.594561,5.357175,0.011105,-0.02215,0.002689,-0.00008,-0.000028
-0.019361,0.00058,2794.594416,5.359857,0.011027,-0.022178,0.002675,-0.000077,-0.000027
-0.018776,0.000591,2795.594271,5.362525,0.010952,-0.022205,0.002661,-0.000072,-0.000027
-0.018179,0.000602,2796.594126,5.365179,0.010883,-0.022231,0.002647,-0.000066,-0.000026
-0.017573,0.000612,2797.59398,5.367819,0.01082,-0.022257,0.002633,-0.00006,-0.000026
-0.016956,0.000622,2798.593835,5.370444,0.010763,-0.022283,0.002619,-0.000054,-0.000025
-0.016329,0.000632,2799.59369,5.373056,0.010712,-0.022308,0.002605,-0.000048,-0.000025
-0.015692,0.000642,2800.593545,5.375653,0.010666,-0.022333,0.00259,-0.000044,-0.000025
-0.015045,0.000651,2801.5934,5.378235,0.010624,-0.022357,0.002576,-0.000041,-0.000025
-0.014389,0.000661,2802.593255,5.380803,0.010584,-0.022382,0.002561,-0.000039,-0.000025
-0.013724,0.00067,2803.59311,5.383357,0.010544,-0.022407,0.002546,-0.00004,-0.000025
-0.01305,0.000679,2804.592965,5.385895,0.010502,-0.022431,0.002532,-0.000043,-0.000025
-0.012366,0.000688,2805.59282,5.388419,0.010457,-0.022456,0.002517,-0.000048,-0.000025
-0.011673,0.000698,2806.592674,5.390928,0.010406,-0.022482,0.002502,-0.000054,-0.000025
-0.010971,0.000707,2807.592529,5.393422,0.010347,-0.022507,0.002487,-0.000062,-0.000026
-0.01026,0.000716,2808.592384,5.395901,0.01028,-0.022533,0.002472,-0.000071,-0.000026
-0.009539,0.000726,2809.592239,5.398365,0.010204,-0.022559,0.002457,-0.000081,-0.000027
-0.008808,0.000736,2810.592094,5.400813,0.010119,-0.022586,0.002441,-0.00009,-0.000027
-0.008068,0.000745,2811.591949,5.403247,0.010025,-0.022613,0.002426,-0.000099,-0.000028
-0.007317,0.000755,2812.591804,5.405665,0.009922,-0.022641,0.002411,-0.000107,-0.000028
-0.006557,0.000765,2813.591659,5.408068,0.009811,-0.02267,0.002395,-0.000114,-0.000029
-0.005787,0.000775,2814.591514,5.410455,0.009695,-0.022699,0.00238,-0.000119,-0.000029
-0.005007,0.000786,2815.591368,5.412827,0.009574,-0.022728,0.002364,-0.000123,-0.000029
-0.004216,0.000796,2816.591223,5.415183,0.009449,-0.022757,0.002349,-0.000126,-0.00003
-0.003416,0.000806,2817.591078,5.417524,0.009323,-0.022787,0.002333,-0.000127,-0.00003
-0.002605,0.000816,2818.590933,5.419848,0.009195,-0.022816,0.002317,-0.000127,-0.000029
-0.001784,0.000826,2819.590788,5.422157,0.009068,-0.022846,0.002301,-0.000127,-0.000029
-0.000953,0.000836,2820.590643,5.424451,0.008942,-0.022874,0.002286,-0.000126,-0.000028
-0.000112,0.000846,2821.590498,5.426728,0.008817,-0.022902,0.00227,-0.000124,-0.000027
0.000739,0.000856,2822.590353,5.428989,0.008695,-0.022929,0.002254,-0.000122,-0.000026
0.001599,0.000866,2823.590208,5.431235,0.008574,-0.022954,0.002238,-0.000119,-0.000025
0.00247,0.000875,2824.590062,5.433464,0.008456,-0.022979,0.002222,-0.000117,-0.000024
0.00335,0.000885,2825.589917,5.435678,0.008339,-0.023002,0.002206,-0.000116,-0.000023
0.004239,0.000895,2826.589772,5.437875,0.008224,-0.023024,0.00219,-0.000115,-0.000021
0.005139,0.000904,2827.589627,5.440056,0.008109,-0.023045,0.002174,-0.000115,-0.00002
0.006047,0.000914,2828.589482,5.442222,0.007993,-0.023064,0.002157,-0.000116,-0.000019
0.006965,0.000923,2829.589337,5.444371,0.007875,-0.023082,0.002141,-0.000119,-0.000018
0.007893,0.000933,2830.589192,5.446504,0.007755,-0.023099,0.002125,-0.000123,-0.000016
0.00883,0.000942,2831.589047,5.448621,0.00763,-0.023115,0.002109,-0.000128,-0.000015
0.009777,0.000951,2832.588902,5.450721,0.007499,-0.02313,0.002093,-0.000134,-0.000014
0.010733,0.000961,2833.588756,5.452806,0.007362,-0.023143,0.002077,-0.00014,-0.000013
0.011698,0.000971,2834.588611,5.454874,0.007218,-0.023156,0.002061,-0.000147,-0.000012
0.012674,0.00098,2835.588466,5.456927,0.007068,-0.023168,0.002045,-0.000154,-0.000011
0.013659,0.00099,2836.588321,5.458963,0.00691,-0.023179,0.002028,-0.00016,-0.000011
0.014653,0.001,2837.588176,5.460983,0.006747,-0.023189,0.002012,-0.000166,-0.00001
0.015658,0.001009,2838.588031,5.462987,0.006579,-0.023199,0.001996,-0.000171,-0.00001
0.016672,0.001019,2839.587886,5.464975,0.006407,-0.023208,0.00198,-0.000174,-0.000009
0.017695,0.001029,2840.587741,5.466947,0.006232,-0.023218,0.001964,-0.000176,-0.000009
0.018729,0.001038,2841.587596,5.468903,0.006055,-0.023227,0.001948,-0.000177,-0.000009
0.019772,0.001048,2842.58745,5.470842,0.005878,-0.023236,0.001932,-0.000178,-0.00001
0.020824,0.001057,2843.587305,5.472766,0.0057,-0.023246,0.001916,-0.000178,-0.00001
0.021886,0.001067,2844.58716,5.474673,0.005521,-0.023256,0.0019,-0.000179,-0.00001
0.022957,0.001076,2845.587015,5.476564,0.005342,-0.023267,0.001884,-0.000179,-0.000011
0.024037,0.001085,2846.58687,5.47844,0.005163,-0.023278,0.001868,-0.00018,-0.000011
0.025127,0.001095,2847.586725,5.480299,0.004981,-0.023289,0.001852,-0.000182,-0.000011
0.026226,0.001104,2848.58658,5.482143,0.004798,-0.023301,0.001836,-0.000184,-0.000012
0.027335,0.001113,2849.586435,5.48397,0.004613,-0.023312,0.00182,-0.000187,-0.000012
0.028452,0.001123,2850.58629,5.485782,0.004425,-0.023324,0.001804,-0.000189,-0.000012
0.029579,0.001132,2851.586144,5.487577,0.004234,-0.023336,0.001788,-0.000192,-0.000011
0.030716,0.001141,2852.585999,5.489357,0.004041,-0.023347,0.001772,-0.000194,-0.000011
0.031861,0.001151,2853.585854,5.491121,0.003847,-0.023358,0.001756,-0.000195,-0.000011
0.033017,0.00116,2854.585709,5.492869,0.003651,-0.023368,0.001741,-0.000196,-0.00001
0.034181,0.001169,2855.585564,5.494602,0.003455,-0.023378,0.001725,-0.000196,-0.000009
0.035355,0.001179,2856.585419,5.496318,0.003259,-0.023387,0.001709,-0.000195,-0.000009
0.036538,0.001188,2857.585274,5.498019,0.003064,-0.023395,0.001693,-0.000194,-0.000008
0.037731,0.001197,2858.585129,5.499705,0.002871,-0.023403,0.001678,-0.000192,-0.000007
0.038932,0.001207,2859.584984,5.501375,0.002681,-0.02341,0.001662,-0.000189,-0.000006
0.040143,0.001216,2860.584838,5.503029,0.002493,-0.023416,0.001647,-0.000186,-0.000006
0.041364,0.001225,2861.584693,5.504668,0.002309,-0.023421,0.001631,-0.000182,-0.000005
0.042593,0.001234,2862.584548,5.506292,0.002128,-0.023426,0.001616,-0.000178,-0.000005
0.043832,0.001243,2863.584403,5.5079,0.001952,-0.02343,0.001601,-0.000174,-0.000004
0.045079,0.001252,2864.584258,5.509493,0.001781,-0.023434,0.001586,-0.000169,-0.000004
0.046335,0.001261,2865.584113,5.51107,0.001614,-0.023438,0.00157,-0.000164,-0.000003
0.0476,0.00127,2866.583968,5.512633,0.001452,-0.023441,0.001555,-0.000159,-0.000003
0.048874,0.001278,2867.583823,5.51418,0.001296,-0.023444,0.00154,-0.000155,-0.000003
0.050156,0.001287,2868.583678,5.515713,0.001143,-0.023447,0.001525,-0.00015,-0.000003
0.051446,0.001295,2869.583533,5.517231,0.000995,-0.02345,0.00151,-0.000146,-0.000003
0.052745,0.001303,2870.583387,5.518733,0.000851,-0.023454,0.001496,-0.000142,-0.000003
0.054052,0.001311,2871.583242,5.520221,0.00071,-0.023457,0.001481,-0.00014,-0.000004
0.055367,0.001319,2872.583097,5.521694,0.000572,-0.023461,0.001466,-0.000137,-0.000004
0.05669,0.001327,2873.582952,5.523153,0.000436,-0.023466,0.001452,-0.000135,-0.000005
0.058021,0.001335,2874.582807,5.524597,0.000302,-0.023471,0.001437,-0.000133,-0.000006
0.059359,0.001343,2875.582662,5.526027,0.000169,-0.023477,0.001423,-0.000132,-0.000006
0.060706,0.001351,2876.582517,5.527442,0.000039,-0.023484,0.001408,-0.00013,-0.000007
0.06206,0.001358,2877.582372,5.528843,-0.00009,-0.023491,0.001394,-0.000128,-0.000007
0.063421,0.001366,2878.582227,5.530229,-0.000217,-0.023498,0.00138,-0.000125,-0.000007
0.064791,0.001373,2879.582081,5.531602,-0.00034,-0.023505,0.001365,-0.000122,-0.000008
0.066167,0.001381,2880.581936,5.53296,-0.000461,-0.023513,0.001351,-0.000118,-0.000008
0.067551,0.001388,2881.581791,5.534304,-0.000576,-0.02352,0.001337,-0.000113,-0.000008
0.068942,0.001395,2882.581646,5.535634,-0.000686,-0.023528,0.001323,-0.000107,-0.000007
0.070341,0.001402,2883.581501,5.536951,-0.00079,-0.023535,0.00131,-0.0001,-0.000007
0.071746,0.001409,2884.581356,5.538253,-0.000887,-0.023542,0.001296,-0.000093,-0.000007
0.073158,0.001416,2885.581211,5.539542,-0.000976,-0.023549,0.001282,-0.000084,-0.000007
0.074576,0.001422,2886.581066,5.540817,-0.001055,-0.023556,0.001269,-0.000075,-0.000007
0.076001,0.001428,2887.580921,5.542079,-0.001126,-0.023562,0.001255,-0.000066,-0.000006
0.077432,0.001434,2888.580775,5.543327,-0.001188,-0.023569,0.001242,-0.000056,-0.000006
0.078869,0.00144,2889.58063,5.544562,-0.001239,-0.023575,0.001228,-0.000047,-0.000006
0.080312,0.001446,2890.580485,5.545783,-0.001281,-0.023581,0.001215,-0.000037,-0.000006
0.08176,0.001451,2891.58034,5.546992,-0.001314,-0.023588,0.001202,-0.000028,-0.000007
0.083214,0.001456,2892.580195,5.548187,-0.001337,-0.023594,0.001189,-0.000019,-0.000007
0.084672,0.001461,2893.58005,5.549369,-0.001352,-0.023601,0.001176,-0.00001,-0.000007
0.086136,0.001466,2894.579905,5.550538,-0.001358,-0.023609,0.001163,-0.000003,-0.000008
0.087604,0.001471,2895.57976,5.551694,-0.001357,-0.023616,0.00115,0.000005,-0.000008
0.089076,0.001475,2896.579615,5.552838,-0.001349,-0.023624,0.001137,0.000011,-0.000008
0.090553,0.001479,2897.579469,5.553969,-0.001335,-0.023633,0.001125,0.000017,-0.000009
0.092034,0.001483,2898.579324,5.555087,-0.001315,-0.023642,0.001112,0.000023,-0.000009
0.093518,0.001487,2899.579179,5.556193,-0.001289,-0.023651,0.0011,0.000028,-0.000009
0.095007,0.00149,2900.579034,5.557287,-0.001258,-0.023661,0.001088,0.000033,-0.00001
0.096498,0.001494,2901.578889,5.558369,-0.001223,-0.023671,0.001076,0.000037,-0.00001
0.097993,0.001497,2902.578744,5.559438,-0.001184,-0.023681,0.001063,0.000042,-0.000011
0.099491,0.0015,2903.578599,5.560495,-0.00114,-0.023693,0.001051,0.000046,-0.000012
0.100992,0.001503,2904.578454,5.561541,-0.001092,-0.023704,0.00104,0.00005,-0.000012
0.102496,0.001505,2905.578309,5.562574,-0.001041,-0.023717,0.001028,0.000053,-0.000013
0.104002,0.001508,2906.578163,5.563596,-0.000986,-0.02373,0.001016,0.000057,-0.000014
0.105511,0.00151,2907.578018,5.564606,-0.000927,-0.023745,0.001005,0.00006,-0.000015
0.107021,0.001512,2908.577873,5.565605,-0.000866,-0.02376,0.000993,0.000063,-0.000016
0.108533,0.001514,2909.577728,5.566592,-0.000801,-0.023776,0.000982,0.000066,-0.000016
0.110047,0.001515,2910.577583,5.567568,-0.000734,-0.023793,0.00097,0.000068,-0.000017
0.111563,0.001516,2911.577438,5.568533,-0.000665,-0.02381,0.000959,0.000071,-0.000018
0.113079,0.001518,2912.577293,5.569486,-0.000593,-0.023829,0.000948,0.000073,-0.000019
0.114597,0.001519,2913.577148,5.570429,-0.00052,-0.023848,0.000937,0.000075,-0.00002
0.116116,0.001519,2914.577003,5.57136,-0.000444,-0.023869,0.000926,0.000076,-0.00002
0.117635,0.00152,2915.576857,5.572281,-0.000367,-0.023889,0.000915,0.000078,-0.000021
0.119155,0.00152,2916.576712,5.573191,-0.000288,-0.023911,0.000905,0.00008,-0.000022
0.120675,0.001521,2917.576567,5.57409,-0.000208,-0.023933,0.000894,0.000081,-0.000022
0.122195,0.001521,2918.576422,5.574979,-0.000126,-0.023955,0.000883,0.000082,-0.000022
0.123715,0.001521,2919.576277,5.575857,-0.000043,-0.023977,0.000873,0.000084,-0.000023
0.125235,0.00152,2920.576132,5.576725,0.000041,-0.024,0.000863,0.000085,-0.000023
0.126755,0.00152,2921.575987,5.577582,0.000127,-0.024023,0.000852,0.000086,-0.000023
0.128274,0.001519,2922.575842,5.578429,0.000214,-0.024046,0.000842,0.000088,-0.000023
0.129792,0.001518,2923.575697,5.579266,0.000303,-0.024069,0.000832,0.000089,-0.000023
0.13131,0.001517,2924.575551,5.580094,0.000392,-0.024092,0.000822,0.00009,-0.000023
0.132826,0.001516,2925.575406,5.580911,0.000482,-0.024115,0.000812,0.000091,-0.000023
0.134341,0.001515,2926.575261,5.581718,0.000573,-0.024138,0.000803,0.000091,-0.000023
0.135855,0.001513,2927.575116,5.582516,0.000664,-0.02416,0.000793,0.000092,-0.000022
0.137367,0.001512,2928.574971,5.583304,0.000756,-0.024183,0.000783,0.000092,-0.000022
0.138877,0.00151,2929.574826,5.584083,0.000848,-0.024205,0.000774,0.000092,-0.000022
0.140386,0.001508,2930.574681,5.584852,0.000939,-0.024227,0.000765,0.000092,-0.000022
0.141892,0.001506,2931.574536,5.585612,0.00103,-0.024248,0.000755,0.000091,-0.000021
0.143397,0.001504,2932.574391,5.586362,0.001121,-0.024269,0.000746,0.00009,-0.000021
0.144899,0.001501,2933.574245,5.587104,0.001211,-0.02429,0.000737,0.000089,-0.00002
0.146398,0.001499,2934.5741,5.587836,0.001299,-0.02431,0.000728,0.000088,-0.00002
0.147895,0.001496,2935.573955,5.588559,0.001386,-0.02433,0.000719,0.000086,-0.000019
0.14939,0.001493,2936.57381,5.589274,0.001472,-0.024349,0.00071,0.000084,-0.000019
0.150881,0.00149,2937.573665,5.58998,0.001555,-0.024368,0.000702,0.000082,-0.000018
0.15237,0.001487,2938.57352,5.590677,0.001636,-0.024386,0.000693,0.00008,-0.000018
0.153855,0.001484,2939.573375,5.591365,0.001714,-0.024403,0.000684,0.000077,-0.000017
0.155337,0.001481,2940.57323,5.592046,0.00179,-0.02442,0.000676,0.000074,-0.000017
0.156816,0.001478,2941.573085,5.592717,0.001863,-0.024436,0.000668,0.000071,-0.000016
0.158292,0.001474,2942.572939,5.593381,0.001932,-0.024452,0.00066,0.000068,-0.000015
0.159764,0.001471,2943.572794,5.594036,0.001998,-0.024467,0.000651,0.000064,-0.000014
0.161232,0.001467,2944.572649,5.594683,0.002059,-0.024481,0.000643,0.00006,-0.000014
0.162697,0.001463,2945.572504,5.595323,0.002117,-0.024494,0.000635,0.000056,-0.000013
0.164157,0.001459,2946.572359,5.595954,0.002171,-0.024506,0.000628,0.000051,-0.000012
0.165614,0.001455,2947.572214,5.596578,0.002219,-0.024518,0.00062,0.000047,-0.000011
0.167067,0.001451,2948.572069,5.597194,0.002264,-0.024529,0.000612,0.000042,-0.00001
0.168515,0.001447,2949.571924,5.597803,0.002303,-0.024539,0.000605,0.000037,-0.00001
0.169959,0.001442,2950.571779,5.598404,0.002337,-0.024548,0.000597,0.000032,-0.000009
0.171398,0.001438,2951.571633,5.598997,0.002366,-0.024557,0.00059,0.000026,-0.000008
0.172833,0.001433,2952.571488,5.599584,0.00239,-0.024564,0.000583,0.000021,-0.000007
0.174264,0.001428,2953.571343,5.600163,0.002408,-0.024571,0.000576,0.000016,-0.000006
0.175689,0.001423,2954.571198,5.600735,0.002421,-0.024577,0.000569,0.00001,-0.000005
0.17711,0.001418,2955.571053,5.6013,0.002428,-0.024582,0.000562,0.000004,-0.000005
0.178525,0.001413,2956.570908,5.601858,0.002429,-0.024586,0.000555,-0.000002,-0.000004
0.179935,0.001408,2957.570763,5.602409,0.002425,-0.024589,0.000548,-0.000007,-0.000003
0.181341,0.001403,2958.570618,5.602954,0.002414,-0.024592,0.000541,-0.000013,-0.000002
0.18274,0.001397,2959.570473,5.603492,0.002398,-0.024594,0.000535,-0.000019,-0.000002
0.184135,0.001392,2960.570327,5.604023,0.002376,-0.024595,0.000528,-0.000025,-0.000001
0.185524,0.001386,2961.570182,5.604548,0.002347,-0.024595,0.000522,-0.000031,0
0.186907,0.001381,2962.570037,5.605067,0.002313,-0.024595,0.000515,-0.000037,0
0.188284,0.001375,2963.569892,5.605579,0.002272,-0.024595,0.000509,-0.000043,0.000001
0.189656,0.001369,2964.569747,5.606085,0.002226,-0.024593,0.000503,-0.000049,0.000002
0.191022,0.001363,2965.569602,5.606585,0.002174,-0.024592,0.000497,-0.000055,0.000002
0.192381,0.001357,2966.569457,5.607079,0.002115,-0.024589,0.000491,-0.000061,0.000003
0.193735,0.001351,2967.569312,5.607566,0.002051,-0.024586,0.000485,-0.000067,0.000003
0.195082,0.001345,2968.569167,5.608049,0.001982,-0.024583,0.000479,-0.000072,0.000003
0.196424,0.001338,2969.569021,5.608525,0.001907,-0.02458,0.000473,-0.000078,0.000004
0.197758,0.001332,2970.568876,5.608995,0.001827,-0.024576,0.000468,-0.000083,0.000004
0.199087,0.001325,2971.568731,5.60946,0.001741,-0.024571,0.000462,-0.000088,0.000004
0.200409,0.001319,2972.568586,5.60992,0.001651,-0.024567,0.000457,-0.000093,0.000005
0.201724,0.001312,2973.568441,5.610373,0.001556,-0.024562,0.000451,-0.000097,0.000005
0.203032,0.001306,2974.568296,5.610822,0.001456,-0.024557,0.000446,-0.000102,0.000005
0.204334,0.001299,2975.568151,5.611265,0.001352,-0.024552,0.000441,-0.000106,0.000005
0.205629,0.001292,2976.568006,5.611703,0.001244,-0.024546,0.000435,-0.00011,0.000005
0.206918,0.001285,2977.567861,5.612136,0.001133,-0.024541,0.00043,-0.000113,0.000005
0.208199,0.001278,2978.567715,5.612563,0.001018,-0.024536,0.000425,-0.000116,0.000005
0.209473,0.001271,2979.56757,5.612986,0.000901,-0.02453,0.00042,-0.000119,0.000005
0.210741,0.001264,2980.567425,5.613404,0.00078,-0.024525,0.000415,-0.000122,0.000005
0.212001,0.001257,2981.56728,5.613816,0.000657,-0.02452,0.00041,-0.000124,0.000005
0.213254,0.00125,2982.567135,5.614224,0.000533,-0.024515,0.000406,-0.000126,0.000005
0.2145,0.001242,2983.56699,5.614628,0.000406,-0.024511,0.000401,-0.000127,0.000005
0.215738,0.001235,2984.566845,5.615026,0.000278,-0.024506,0.000396,-0.000129,0.000004
0.216969,0.001228,2985.5667,5.61542,0.000149,-0.024502,0.000392,-0.000129,0.000004
0.218193,0.00122,2986.566555,5.61581,0.00002,-0.024499,0.000387,-0.00013,0.000003
0.219409,0.001213,2987.566409,5.616195,-0.00011,-0.024495,0.000383,-0.00013,0.000003
0.220618,0.001205,2988.566264,5.616576,-0.00024,-0.024492,0.000379,-0.00013,0.000003
0.221819,0.001198,2989.566119,5.616952,-0.000369,-0.02449,0.000374,-0.000129,0.000002
0.223013,0.00119,2990.565974,5.617324,-0.000498,-0.024488,0.00037,-0.000128,0.000002
0.224199,0.001182,2991.565829,5.617693,-0.000625,-0.024487,0.000366,-0.000127,0.000001
0.225377,0.001174,2992.565684,5.618056,-0.000751,-0.024486,0.000362,-0.000125,0
0.226547,0.001167,2993.565539,5.618416,-0.000875,-0.024486,0.000358,-0.000123,0
0.22771,0.001159,2994.565394,5.618773,-0.000997,-0.024487,0.000354,-0.000121,-0.000001
0.228864,0.001151,2995.565249,5.619125,-0.001117,-0.024489,0.00035,-0.000118,-0.000002
0.230011,0.001143,2996.565103,5.619473,-0.001234,-0.024491,0.000347,-0.000115,-0.000003
0.231149,0.001135,2997.564958,5.619818,-0.001347,-0.024494,0.000343,-0.000112,-0.000003
0.232279,0.001126,2998.564813,5.620159,-0.001458,-0.024498,0.000339,-0.000109,-0.000004
0.233401,0.001118,2999.564668,5.620496,-0.001565,-0.024502,0.000336,-0.000105,-0.000005
0.234515,0.00111,3000.564523,5.62083,-0.001668,-0.024508,0.000332,-0.000101,-0.000006
0.235621,0.001102,3001.564378,5.62116,-0.001767,-0.024514,0.000329,-0.000097,-0.000007
0.236718,0.001093,3002.564233,5.621487,-0.001862,-0.024521,0.000325,-0.000093,-0.000008
0.237807,0.001085,3003.564088,5.621811,-0.001952,-0.024529,0.000322,-0.000088,-0.000009
0.238887,0.001076,3004.563943,5.622131,-0.002038,-0.024538,0.000319,-0.000083,-0.000009
0.239959,0.001068,3005.563797,5.622448,-0.002119,-0.024548,0.000316,-0.000078,-0.00001
0.241023,0.001059,3006.563652,5.622762,-0.002194,-0.024559,0.000313,-0.000073,-0.000011
0.242078,0.001051,3007.563507,5.623073,-0.002265,-0.02457,0.00031,-0.000068,-0.000012
0.243124,0.001042,3008.563362,5.623381,-0.002331,-0.024583,0.000307,-0.000063,-0.000013
0.244162,0.001034,3009.563217,5.623686,-0.002391,-0.024596,0.000304,-0.000058,-0.000014
0.245191,0.001025,3010.563072,5.623989,-0.002446,-0.024611,0.000301,-0.000052,-0.000015
0.246211,0.001016,3011.562927,5.624288,-0.002495,-0.024626,0.000298,-0.000047,-0.000016
0.247223,0.001008,3012.562782,5.624585,-0.002539,-0.024642,0.000295,-0.000041,-0.000016
0.248226,0.000999,3013.562637,5.624879,-0.002577,-0.024659,0.000293,-0.000036,-0.000017
0.24922,0.00099,3014.562491,5.62517,-0.00261,-0.024676,0.00029,-0.00003,-0.000018
0.250206,0.000981,3015.562346,5.625459,-0.002637,-0.024695,0.000288,-0.000024,-0.000019
0.251183,0.000973,3016.562201,5.625745,-0.002659,-0.024714,0.000285,-0.000019,-0.000019
0.252151,0.000964,3017.562056,5.626029,-0.002675,-0.024734,0.000283,-0.000014,-0.00002
0.25311,0.000955,3018.561911,5.626311,-0.002686,-0.024754,0.000281,-0.000008,-0.000021
0.25406,0.000946,3019.561766,5.626591,-0.002692,-0.024775,0.000278,-0.000003,-0.000021
0.255001,0.000937,3020.561621,5.626868,-0.002692,-0.024797,0.000276,0.000002,-0.000022
0.255933,0.000928,3021.561476,5.627143,-0.002688,-0.024819,0.000274,0.000007,-0.000023
0.256857,0.000919,3022.561331,5.627416,-0.002678,-0.024842,0.000272,0.000012,-0.000023
0.257771,0.00091,3023.561185,5.627688,-0.002663,-0.024865,0.00027,0.000017,-0.000023
0.258676,0.000901,3024.56104,5.627957,-0.002644,-0.024889,0.000268,0.000022,-0.000024
0.259573,0.000892,3025.560895,5.628224,-0.00262,-0.024913,0.000267,0.000026,-0.000024
0.26046,0.000883,3026.56075,5.62849,-0.002592,-0.024937,0.000265,0.00003,-0.000024
0.261338,0.000874,3027.560605,5.628754,-0.00256,-0.024962,0.000263,0.000034,-0.000025
0.262207,0.000864,3028.56046,5.629017,-0.002523,-0.024986,0.000262,0.000038,-0.000025
0.263066,0.000855,3029.560315,5.629278,-0.002483,-0.025011,0.00026,0.000042,-0.000025
0.263917,0.000846,3030.56017,5.629537,-0.002439,-0.025036,0.000259,0.000046,-0.000025
0.264758,0.000837,3031.560025,5.629795,-0.002392,-0.025061,0.000257,0.000049,-0.000025
0.265589,0.000827,3032.559879,5.630052,-0.002341,-0.025086,0.000256,0.000052,-0.000025
0.266412,0.000818,3033.559734,5.630307,-0.002287,-0.02511,0.000255,0.000055,-0.000025
0.267225,0.000808,3034.559589,5.630562,-0.00223,-0.025135,0.000254,0.000058,-0.000024
0.268028,0.000799,3035.559444,5.630815,-0.002171,-0.025159,0.000253,0.000061,-0.000024
0.268822,0.000789,3036.559299,5.631067,-0.002109,-0.025183,0.000252,0.000063,-0.000024
0.269606,0.00078,3037.559154,5.631318,-0.002045,-0.025206,0.000251,0.000065,-0.000023
0.270381,0.00077,3038.559009,5.631568,-0.001979,-0.025229,0.00025,0.000067,-0.000023
0.271146,0.00076,3039.558864,5.631817,-0.00191,-0.025251,0.000249,0.000069,-0.000022
0.271901,0.000751,3040.558719,5.632065,-0.00184,-0.025273,0.000248,0.000071,-0.000021
0.272647,0.000741,3041.558573,5.632313,-0.001769,-0.025294,0.000247,0.000072,-0.000021
0.273383,0.000731,3042.558428,5.632559,-0.001696,-0.025314,0.000246,0.000073,-0.00002
0.274109,0.000722,3043.558283,5.632806,-0.001623,-0.025333,0.000246,0.000074,-0.000019
0.274826,0.000712,3044.558138,5.633051,-0.001548,-0.025351,0.000245,0.000075,-0.000018
0.275532,0.000702,3045.557993,5.633296,-0.001472,-0.025369,0.000245,0.000076,-0.000017
0.276229,0.000692,3046.557848,5.633541,-0.001396,-0.025385,0.000244,0.000077,-0.000016
0.276917,0.000682,3047.557703,5.633785,-0.001319,-0.0254,0.000244,0.000077,-0.000015
0.277594,0.000673,3048.557558,5.634028,-0.001242,-0.025414,0.000244,0.000077,-0.000013
0.278262,0.000663,3049.557413,5.634272,-0.001165,-0.025427,0.000243,0.000077,-0.000012
0.27892,0.000653,3050.557267,5.634515,-0.001088,-0.025438,0.000243,0.000077,-0.000011
0.279568,0.000643,3051.557122,5.634758,-0.001011,-0.025448,0.000243,0.000077,-0.000009
0.280206,0.000634,3052.556977,5.635001,-0.000934,-0.025457,0.000243,0.000077,-0.000008
0.280835,0.000624,3053.556832,5.635243,-0.000858,-0.025464,0.000243,0.000076,-0.000006
0.281454,0.000614,3054.556687,5.635486,-0.000782,-0.025469,0.000243,0.000076,-0.000005
0.282063,0.000605,3055.556542,5.635729,-0.000706,-0.025473,0.000243,0.000075,-0.000003
0.282663,0.000595,3056.556397,5.635971,-0.000632,-0.025475,0.000243,0.000074,-0.000001
0.283253,0.000585,3057.556252,5.636214,-0.000558,-0.025476,0.000243,0.000073,0
0.283833,0.000576,3058.556107,5.636457,-0.000485,-0.025474,0.000243,0.000073,0.000002
0.284403,0.000566,3059.555961,5.636701,-0.000413,-0.025471,0.000244,0.000072,0.000004
0.284964,0.000556,3060.555816,5.636944,-0.000342,-0.025466,0.000244,0.000071,0.000006
0.285515,0.000546,3061.555671,5.637188,-0.000272,-0.025459,0.000244,0.000069,0.000008
0.286057,0.000537,3062.555526,5.637433,-0.000203,-0.02545,0.000245,0.000068,0.00001
0.286588,0.000527,3063.555381,5.637678,-0.000135,-0.025439,0.000245,0.000067,0.000012
0.28711,0.000517,3064.555236,5.637923,-0.000069,-0.025427,0.000246,0.000066,0.000014
0.287622,0.000507,3065.555091,5.638169,-0.000003,-0.025412,0.000246,0.000065,0.000016
0.288124,0.000497,3066.554946,5.638416,0.00006,-0.025395,0.000247,0.000063,0.000018
0.288615,0.000487,3067.554801,5.638664,0.000123,-0.025376,0.000248,0.000062,0.00002
0.289097,0.000477,3068.554655,5.638912,0.000184,-0.025354,0.000249,0.000061,0.000022
0.289569,0.000467,3069.55451,5.639161,0.000244,-0.025331,0.000249,0.000059,0.000024
0.290031,0.000457,3070.554365,5.639411,0.000303,-0.025306,0.00025,0.000058,0.000026
0.290483,0.000447,3071.55422,5.639661,0.00036,-0.025278,0.000251,0.000056,0.000029
0.290924,0.000436,3072.554075,5.639913,0.000416,-0.025248,0.000252,0.000055,0.000031
0.291355,0.000426,3073.55393,5.640165,0.00047,-0.025217,0.000253,0.000054,0.000033
0.291776,0.000416,3074.553785,5.640419,0.000523,-0.025183,0.000254,0.000052,0.000035
0.292187,0.000406,3075.55364,5.640673,0.000575,-0.025146,0.000255,0.000051,0.000037
0.292588,0.000396,3076.553495,5.640929,0.000625,-0.025108,0.000256,0.00005,0.000039
0.292978,0.000385,3077.553349,5.641186,0.000674,-0.025068,0.000257,0.000048,0.000042
0.293358,0.000375,3078.553204,5.641444,0.000721,-0.025025,0.000259,0.000047,0.000044
0.293728,0.000365,3079.553059,5.641703,0.000767,-0.02498,0.00026,0.000045,0.000046
0.294087,0.000354,3080.552914,5.641963,0.000812,-0.024933,0.000261,0.000044,0.000048
0.294437,0.000344,3081.552769,5.642225,0.000856,-0.024884,0.000262,0.000043,0.00005
0.294776,0.000334,3082.552624,5.642488,0.000898,-0.024833,0.000264,0.000041,0.000052
0.295104,0.000324,3083.552479,5.642752,0.000939,-0.02478,0.000265,0.00004,0.000054
0.295423,0.000314,3084.552334,5.643018,0.000978,-0.024725,0.000266,0.000039,0.000056
0.295731,0.000303,3085.552189,5.643285,0.001016,-0.024668,0.000268,0.000038,0.000058
0.29603,0.000293,3086.552043,5.643554,0.001053,-0.02461,0.000269,0.000036,0.00006
0.296318,0.000283,3087.551898,5.643824,0.001089,-0.024549,0.000271,0.000035,0.000062
0.296595,0.000273,3088.551753,5.644096,0.001124,-0.024486,0.000273,0.000034,0.000064
0.296863,0.000263,3089.551608,5.644369,0.001158,-0.024422,0.000274,0.000033,0.000065
0.29712,0.000252,3090.551463,5.644644,0.00119,-0.024355,0.000276,0.000032,0.000067
0.297368,0.000242,3091.551318,5.64492,0.001221,-0.024288,0.000277,0.000031,0.000069
0.297605,0.000232,3092.551173,5.645199,0.001252,-0.024218,0.000279,0.00003,0.00007
0.297831,0.000222,3093.551028,5.645479,0.001281,-0.024147,0.000281,0.000029,0.000072
0.298048,0.000212,3094.550883,5.645761,0.001309,-0.024074,0.000283,0.000028,0.000074
0.298255,0.000201,3095.550738,5.646044,0.001336,-0.024,0.000285,0.000027,0.000075
0.298451,0.000191,3096.550592,5.64633,0.001363,-0.023924,0.000287,0.000026,0.000076
0.298637,0.000181,3097.550447,5.646617,0.001388,-0.023847,0.000288,0.000025,0.000078
0.298813,0.000171,3098.550302,5.646907,0.001413,-0.023769,0.00029,0.000024,0.000079
0.298978,0.000161,3099.550157,5.647198,0.001436,-0.023689,0.000292,0.000023,0.00008
0.299134,0.00015,3100.550012,5.647491,0.001459,-0.023608,0.000294,0.000022,0.000081
0.299279,0.00014,3101.549867,5.647787,0.001481,-0.023526,0.000296,0.000021,0.000083
0.299414,0.00013,3102.549722,5.648084,0.001502,-0.023443,0.000299,0.000021,0.000084
0.299539,0.00012,3103.549577,5.648384,0.001522,-0.023359,0.000301,0.00002,0.000085
0.299653,0.000109,3104.549432,5.648686,0.001542,-0.023274,0.000303,0.000019,0.000085
0.299757,0.000099,3105.549286,5.648989,0.001561,-0.023188,0.000305,0.000019,0.000086
0.299851,0.000089,3106.549141,5.649295,0.001579,-0.023102,0.000307,0.000018,0.000087
0.299935,0.000079,3107.548996,5.649604,0.001596,-0.023014,0.000309,0.000017,0.000088
0.300009,0.000068,3108.548851,5.649914,0.001613,-0.022926,0.000312,0.000016,0.000088
0.300072,0.000058,3109.548706,5.650227,0.001629,-0.022838,0.000314,0.000016,0.000089
0.300125,0.000048,3110.548561,5.650542,0.001644,-0.022749,0.000316,0.000015,0.000089
0.300167,0.000037,3111.548416,5.65086,0.001658,-0.022659,0.000319,0.000014,0.00009
0.3002,0.000027,3112.548271,5.65118,0.001672,-0.022569,0.000321,0.000013,0.00009
0.300222,0.000017,3113.548126,5.651502,0.001684,-0.022478,0.000324,0.000012,0.000091
0.300233,0.000007,3114.54798,5.651827,0.001696,-0.022387,0.000326,0.000011,0.000091
0.300235,-0.000004,3115.547835,5.652154,0.001706,-0.022296,0.000329,0.00001,0.000091
0.300226,-0.000014,3116.54769,5.652484,0.001715,-0.022204,0.000331,0.000009,0.000092
0.300207,-0.000024,3117.547545,5.652817,0.001723,-0.022113,0.000334,0.000008,0.000092
0.300178,-0.000035,3118.5474,5.653151,0.001731,-0.02202,0.000336,0.000007,0.000092
0.300138,-0.000045,3119.547255,5.653489,0.001737,-0.021928,0.000339,0.000006,0.000092
0.300088,-0.000055,3120.54711,5.653829,0.001742,-0.021836,0.000341,0.000005,0.000092
0.300028,-0.000065,3121.546965,5.654171,0.001746,-0.021743,0.000344,0.000004,0.000092
0.299957,-0.000076,3122.54682,5.654517,0.00175,-0.021651,0.000347,0.000004,0.000093
0.299877,-0.000086,3123.546674,5.654865,0.001754,-0.021559,0.000349,0.000003,0.000092
0.299786,-0.000096,3124.546529,5.655215,0.001757,-0.021466,0.000352,0.000003,0.000092
0.299685,-0.000106,3125.546384,5.655569,0.001759,-0.021374,0.000355,0.000003,0.000092
0.299574,-0.000116,3126.546239,5.655925,0.001762,-0.021282,0.000358,0.000003,0.000092
0.299452,-0.000127,3127.546094,5.656284,0.001765,-0.02119,0.00036,0.000003,0.000092
0.29932,-0.000137,3128.545949,5.656645,0.001768,-0.021099,0.000363,0.000003,0.000091
0.299178,-0.000147,3129.545804,5.65701,0.001771,-0.021008,0.000366,0.000003,0.000091
0.299026,-0.000157,3130.545659,5.657377,0.001774,-0.020917,0.000369,0.000003,0.00009
0.298864,-0.000168,3131.545514,5.657747,0.001777,-0.020828,0.000372,0.000003,0.000089
0.298691,-0.000178,3132.545368,5.65812,0.001779,-0.020739,0.000375,0.000003,0.000089
0.298508,-0.000188,3133.545223,5.658496,0.001782,-0.02065,0.000377,0.000002,0.000088
0.298315,-0.000198,3134.545078,5.658875,0.001784,-0.020563,0.00038,0.000002,0.000087
0.298112,-0.000208,3135.544933,5.659257,0.001786,-0.020477,0.000383,0.000001,0.000086
0.297899,-0.000218,3136.544788,5.659641,0.001787,-0.020391,0.000386,0.000001,0.000085
0.297676,-0.000228,3137.544643,5.660029,0.001787,-0.020307,0.000389,0,0.000084
0.297443,-0.000238,3138.544498,5.66042,0.001786,-0.020224,0.000392,-0.000001,0.000082
0.297199,-0.000248,3139.544353,5.660813,0.001784,-0.020142,0.000395,-0.000002,0.000081
0.296946,-0.000258,3140.544208,5.66121,0.001782,-0.020062,0.000398,-0.000003,0.000079
0.296683,-0.000268,3141.544062,5.66161,0.001778,-0.019984,0.000401,-0.000004,0.000078
0.29641,-0.000278,3142.543917,5.662012,0.001774,-0.019907,0.000404,-0.000005,0.000076
0.296127,-0.000288,3143.543772,5.662418,0.001768,-0.019832,0.000407,-0.000006,0.000074
0.295834,-0.000298,3144.543627,5.662827,0.001762,-0.019759,0.000411,-0.000006,0.000072
0.295531,-0.000308,3145.543482,5.663239,0.001756,-0.019689,0.000414,-0.000007,0.000069
0.295219,-0.000318,3146.543337,5.663654,0.001749,-0.01962,0.000417,-0.000007,0.000067
0.294897,-0.000327,3147.543192,5.664073,0.001743,-0.019554,0.00042,-0.000007,0.000065
0.294564,-0.000337,3148.543047,5.664494,0.001736,-0.019491,0.000423,-0.000007,0.000062
0.294222,-0.000347,3149.542902,5.664919,0.001729,-0.01943,0.000426,-0.000007,0.000059
0.29387,-0.000357,3150.542756,5.665347,0.001722,-0.019372,0.00043,-0.000007,0.000057
0.293508,-0.000367,3151.542611,5.665778,0.001715,-0.019317,0.000433,-0.000007,0.000054
0.293136,-0.000377,3152.542466,5.666212,0.001708,-0.019264,0.000436,-0.000007,0.000051
0.292755,-0.000387,3153.542321,5.66665,0.0017,-0.019214,0.000439,-0.000008,0.000049
0.292363,-0.000397,3154.542176,5.667091,0.001691,-0.019167,0.000443,-0.00001,0.000046
0.291961,-0.000407,3155.542031,5.667535,0.001681,-0.019122,0.000446,-0.000012,0.000044
0.291549,-0.000417,3156.541886,5.667983,0.001668,-0.01908,0.000449,-0.000014,0.000041
0.291127,-0.000427,3157.541741,5.668434,0.001652,-0.01904,0.000453,-0.000017,0.000038
0.290695,-0.000437,3158.541596,5.668888,0.001633,-0.019003,0.000456,-0.000021,0.000036
0.290253,-0.000447,3159.54145,5.669346,0.00161,-0.018968,0.000459,-0.000025,0.000033
0.289801,-0.000457,3160.541305,5.669807,0.001583,-0.018936,0.000463,-0.000029,0.000031
0.289339,-0.000467,3161.54116,5.670271,0.001552,-0.018907,0.000466,-0.000033,0.000028
0.288868,-0.000477,3162.541015,5.670739,0.001518,-0.01888,0.000469,-0.000037,0.000026
0.288386,-0.000487,3163.54087,5.67121,0.00148,-0.018856,0.000473,-0.00004,0.000023
0.287895,-0.000496,3164.540725,5.671685,0.001438,-0.018834,0.000476,-0.000043,0.00002
0.287393,-0.000506,3165.54058,5.672162,0.001394,-0.018815,0.00048,-0.000045,0.000018
0.286882,-0.000516,3166.540435,5.672644,0.001349,-0.018799,0.000483,-0.000046,0.000015
0.286362,-0.000526,3167.54029,5.673128,0.001302,-0.018785,0.000486,-0.000047,0.000012
0.285831,-0.000536,3168.540144,5.673616,0.001255,-0.018774,0.00049,-0.000047,0.00001
0.285291,-0.000545,3169.539999,5.674108,0.001209,-0.018766,0.000493,-0.000046,0.000007
0.284741,-0.000555,3170.539854,5.674602,0.001164,-0.018761,0.000496,-0.000044,0.000004
0.284181,-0.000565,3171.539709,5.6751,0.001122,-0.018758,0.0005,-0.000041,0.000001
0.283611,-0.000575,3172.539564,5.675602,0.001082,-0.018758,0.000503,-0.000038,-0.000002
0.283032,-0.000584,3173.539419,5.676107,0.001047,-0.018761,0.000507,-0.000034,-0.000004
0.282443,-0.000594,3174.539274,5.676615,0.001015,-0.018767,0.00051,-0.00003,-0.000007
0.281844,-0.000604,3175.539129,5.677126,0.000987,-0.018776,0.000513,-0.000025,-0.00001
0.281235,-0.000614,3176.538984,5.677641,0.000964,-0.018787,0.000517,-0.000021,-0.000013
0.280616,-0.000624,3177.538838,5.678159,0.000945,-0.018802,0.00052,-0.000017,-0.000016
0.279988,-0.000634,3178.538693,5.678681,0.000931,-0.018819,0.000523,-0.000012,-0.000019
0.279349,-0.000643,3179.538548,5.679206,0.00092,-0.018839,0.000527,-0.000009,-0.000021
0.278701,-0.000653,3180.538403,5.679734,0.000913,-0.018862,0.00053,-0.000005,-0.000024
0.278043,-0.000663,3181.538258,5.680265,0.000909,-0.018887,0.000533,-0.000003,-0.000027
0.277375,-0.000673,3182.538113,5.6808,0.000908,-0.018916,0.000537,0,-0.00003
0.276698,-0.000683,3183.537968,5.681338,0.000908,-0.018946,0.00054,0.000001,-0.000032
0.276011,-0.000692,3184.537823,5.68188,0.00091,-0.01898,0.000543,0.000003,-0.000035
0.275314,-0.000702,3185.537678,5.682425,0.000913,-0.019016,0.000547,0.000003,-0.000037
0.274607,-0.000712,3186.537532,5.682973,0.000917,-0.019054,0.00055,0.000004,-0.000039
0.273891,-0.000721,3187.537387,5.683525,0.00092,-0.019095,0.000554,0.000003,-0.000042
0.273165,-0.000731,3188.537242,5.68408,0.000923,-0.019137,0.000557,0.000003,-0.000044
0.272429,-0.000741,3189.537097,5.684639,0.000925,-0.019183,0.00056,0.000001,-0.000046
0.271684,-0.00075,3190.536952,5.685201,0.000926,-0.01923,0.000564,0,-0.000049
0.270929,-0.00076,3191.536807,5.685766,0.000924,-0.01928,0.000567,-0.000003,-0.000051
0.270165,-0.000769,3192.536662,5.686335,0.000921,-0.019332,0.000571,-0.000005,-0.000053
0.269391,-0.000779,3193.536517,5.686907,0.000914,-0.019386,0.000574,-0.000008,-0.000055
0.268607,-0.000788,3194.536372,5.687483,0.000904,-0.019442,0.000577,-0.000012,-0.000057
0.267814,-0.000798,3195.536226,5.688062,0.00089,-0.0195,0.000581,-0.000015,-0.00006
0.267012,-0.000807,3196.536081,5.688645,0.000873,-0.019561,0.000584,-0.000019,-0.000062
0.2662,-0.000817,3197.535936,5.689231,0.000852,-0.019624,0.000588,-0.000023,-0.000064
0.265379,-0.000826,3198.535791,5.68982,0.000828,-0.019688,0.000591,-0.000026,-0.000066
0.264548,-0.000835,3199.535646,5.690413,0.0008,-0.019755,0.000594,-0.00003,-0.000068
0.263708,-0.000845,3200.535501,5.691009,0.000768,-0.019824,0.000598,-0.000032,-0.00007
0.262859,-0.000854,3201.535356,5.691608,0.000735,-0.019895,0.000601,-0.000035,-0.000072
0.262001,-0.000863,3202.535211,5.692211,0.000699,-0.019968,0.000605,-0.000036,-0.000074
0.261134,-0.000872,3203.535066,5.692817,0.000663,-0.020042,0.000608,-0.000037,-0.000075
0.260257,-0.000882,3204.53492,5.693427,0.000626,-0.020118,0.000611,-0.000037,-0.000077
0.259371,-0.000891,3205.534775,5.694039,0.00059,-0.020195,0.000614,-0.000035,-0.000078
0.258476,-0.0009,3206.53463,5.694655,0.000556,-0.020274,0.000618,-0.000034,-0.000079
0.257572,-0.000909,3207.534485,5.695274,0.000523,-0.020354,0.000621,-0.000031,-0.00008
0.256659,-0.000918,3208.53434,5.695897,0.000494,-0.020434,0.000624,-0.000028,-0.000081
0.255736,-0.000927,3209.534195,5.696523,0.000467,-0.020516,0.000627,-0.000025,-0.000081
0.254805,-0.000936,3210.53405,5.697151,0.000444,-0.020597,0.000631,-0.000021,-0.000082
0.253864,-0.000946,3211.533905,5.697783,0.000425,-0.020679,0.000634,-0.000018,-0.000082
0.252914,-0.000955,3212.53376,5.698419,0.000408,-0.020761,0.000637,-0.000015,-0.000082
0.251955,-0.000964,3213.533614,5.699057,0.000394,-0.020843,0.00064,-0.000013,-0.000082
0.250986,-0.000973,3214.533469,5.699698,0.000382,-0.020925,0.000643,-0.000011,-0.000082
0.250009,-0.000982,3215.533324,5.700343,0.000371,-0.021006,0.000646,-0.00001,-0.000081
0.249023,-0.000991,3216.533179,5.700991,0.000362,-0.021087,0.000649,-0.000009,-0.000081
0.248027,-0.001,3217.533034,5.701641,0.000352,-0.021168,0.000652,-0.000009,-0.000081
0.247023,-0.001009,3218.532889,5.702295,0.000343,-0.021249,0.000655,-0.00001,-0.00008
0.24601,-0.001018,3219.532744,5.702952,0.000333,-0.021329,0.000659,-0.000011,-0.00008
0.244988,-0.001027,3220.532599,5.703612,0.000321,-0.021409,0.000662,-0.000012,-0.00008
0.243957,-0.001035,3221.532454,5.704275,0.000309,-0.021488,0.000665,-0.000013,-0.000079
0.242917,-0.001044,3222.532308,5.704941,0.000295,-0.021567,0.000668,-0.000014,-0.000079
0.241869,-0.001053,3223.532163,5.70561,0.00028,-0.021646,0.000671,-0.000016,-0.000078
0.240813,-0.001061,3224.532018,5.706282,0.000264,-0.021724,0.000674,-0.000017,-0.000078
0.239748,-0.00107,3225.531873,5.706957,0.000246,-0.021802,0.000677,-0.000018,-0.000078
0.238674,-0.001078,3226.531728,5.707635,0.000228,-0.021879,0.000679,-0.000019,-0.000077
0.237593,-0.001086,3227.531583,5.708316,0.000209,-0.021956,0.000682,-0.000019,-0.000077
0.236503,-0.001094,3228.531438,5.708999,0.00019,-0.022032,0.000685,-0.000019,-0.000076
0.235404,-0.001103,3229.531293,5.709686,0.000172,-0.022107,0.000688,-0.000018,-0.000075
0.234298,-0.001111,3230.531148,5.710375,0.000155,-0.022182,0.000691,-0.000016,-0.000074
0.233183,-0.001119,3231.531002,5.711068,0.000139,-0.022256,0.000694,-0.000015,-0.000073
0.23206,-0.001127,3232.530857,5.711763,0.000126,-0.022329,0.000697,-0.000012,-0.000072
0.23093,-0.001135,3233.530712,5.712461,0.000114,-0.022401,0.000699,-0.00001,-0.000071
0.229791,-0.001143,3234.530567,5.713161,0.000105,-0.022471,0.000702,-0.000008,-0.00007
0.228643,-0.001151,3235.530422,5.713865,0.000099,-0.02254,0.000705,-0.000006,-0.000068
0.227488,-0.00116,3236.530277,5.714571,0.000094,-0.022608,0.000707,-0.000004,-0.000067
0.226325,-0.001167,3237.530132,5.715279,0.000092,-0.022674,0.00071,-0.000002,-0.000065
0.225154,-0.001175,3238.529987,5.715991,0.00009,-0.022738,0.000713,-0.000001,-0.000063
0.223975,-0.001183,3239.529842,5.716704,0.00009,-0.022801,0.000715,0,-0.000061
0.222788,-0.001191,3240.529696,5.717421,0.00009,-0.022861,0.000718,0,-0.000059
0.221594,-0.001199,3241.529551,5.71814,0.00009,-0.022919,0.00072,0.000001,-0.000057
0.220391,-0.001206,3242.529406,5.718861,0.000091,-0.022975,0.000723,0.000001,-0.000055
0.219182,-0.001214,3243.529261,5.719585,0.000093,-0.023028,0.000725,0.000001,-0.000052
0.217964,-0.001222,3244.529116,5.720312,0.000094,-0.023079,0.000728,0.000002,-0.000049
0.216739,-0.001229,3245.528971,5.721041,0.000096,-0.023127,0.00073,0.000002,-0.000047
0.215507,-0.001236,3246.528826,5.721772,0.000098,-0.023172,0.000733,0.000003,-0.000044
0.214267,-0.001244,3247.528681,5.722506,0.000101,-0.023214,0.000735,0.000003,-0.000041
0.21302,-0.001251,3248.528536,5.723242,0.000105,-0.023253,0.000737,0.000004,-0.000038
0.211766,-0.001258,3249.52839,5.723981,0.000109,-0.023289,0.00074,0.000004,-0.000034
0.210505,-0.001265,3250.528245,5.724721,0.000113,-0.023322,0.000742,0.000005,-0.000031
0.209236,-0.001272,3251.5281,5.725464,0.000118,-0.023352,0.000744,0.000004,-0.000028
0.207961,-0.001279,3252.527955,5.726209,0.000122,-0.023378,0.000746,0.000004,-0.000025
0.206678,-0.001286,3253.52781,5.726957,0.000125,-0.023401,0.000749,0.000003,-0.000021
0.205389,-0.001293,3254.527665,5.727706,0.000128,-0.023421,0.000751,0.000002,-0.000018
0.204093,-0.0013,3255.52752,5.728458,0.000129,-0.023438,0.000753,0,-0.000015
0.20279,-0.001307,3256.527375,5.729212,0.000128,-0.023452,0.000755,-0.000001,-0.000013
0.20148,-0.001313,3257.52723,5.729968,0.000126,-0.023463,0.000757,-0.000003,-0.00001
0.200164,-0.00132,3258.527084,5.730726,0.000123,-0.023472,0.000759,-0.000004,-0.000008
0.198842,-0.001326,3259.526939,5.731485,0.000118,-0.023479,0.000761,-0.000005,-0.000006
0.197513,-0.001333,3260.526794,5.732247,0.000114,-0.023484,0.000763,-0.000005,-0.000004
0.196177,-0.001339,3261.526649,5.733011,0.000109,-0.023487,0.000765,-0.000005,-0.000002
0.194836,-0.001345,3262.526504,5.733776,0.000104,-0.023489,0.000767,-0.000004,-0.000001
0.193488,-0.001351,3263.526359,5.734544,0.0001,-0.023489,0.000768,-0.000004,0
0.192134,-0.001357,3264.526214,5.735313,0.000097,-0.023488,0.00077,-0.000004,0.000001
0.190774,-0.001364,3265.526069,5.736084,0.000093,-0.023487,0.000772,-0.000004,0.000002
0.189408,-0.00137,3266.525924,5.736856,0.000089,-0.023485,0.000774,-0.000004,0.000002
0.188036,-0.001376,3267.525778,5.737631,0.000085,-0.023482,0.000775,-0.000005,0.000003
0.186657,-0.001381,3268.525633,5.738406,0.00008,-0.023479,0.000777,-0.000006,0.000003
0.185274,-0.001387,3269.525488,5.739184,0.000073,-0.023477,0.000778,-0.000007,0.000003
0.183884,-0.001393,3270.525343,5.739963,0.000065,-0.023474,0.00078,-0.000009,0.000002
0.182489,-0.001398,3271.525198,5.740743,0.000055,-0.023472,0.000781,-0.000011,0.000002
0.181088,-0.001404,3272.525053,5.741525,0.000043,-0.023471,0.000783,-0.000012,0.000001
0.179683,-0.001409,3273.524908,5.742308,0.00003,-0.02347,0.000784,-0.000014,0
0.178272,-0.001414,3274.524763,5.743092,0.000016,-0.02347,0.000785,-0.000015,-0.000001
0.176855,-0.001419,3275.524618,5.743878,0.000001,-0.023471,0.000786,-0.000015,-0.000002
0.175434,-0.001424,3276.524472,5.744665,-0.000014,-0.023473,0.000788,-0.000015,-0.000003
0.174008,-0.001429,3277.524327,5.745453,-0.00003,-0.023476,0.000789,-0.000015,-0.000003
0.172577,-0.001434,3278.524182,5.746242,-0.000044,-0.02348,0.00079,-0.000014,-0.000004
0.171142,-0.001438,3279.524037,5.747032,-0.000058,-0.023485,0.000791,-0.000014,-0.000005
0.169701,-0.001443,3280.523892,5.747823,-0.000072,-0.02349,0.000792,-0.000013,-0.000005
0.168256,-0.001448,3281.523747,5.748615,-0.000085,-0.023496,0.000793,-0.000013,-0.000006
0.166807,-0.001452,3282.523602,5.749409,-0.000097,-0.023501,0.000794,-0.000013,-0.000006
0.165353,-0.001457,3283.523457,5.750202,-0.00011,-0.023507,0.000794,-0.000013,-0.000005
0.163894,-0.001461,3284.523312,5.750997,-0.000123,-0.023512,0.000795,-0.000014,-0.000005
0.162431,-0.001465,3285.523166,5.751793,-0.000138,-0.023517,0.000796,-0.000015,-0.000004
0.160965,-0.001469,3286.523021,5.752589,-0.000153,-0.02352,0.000797,-0.000016,-0.000003
0.159494,-0.001473,3287.522876,5.753385,-0.00017,-0.023523,0.000797,-0.000017,-0.000002
0.158019,-0.001477,3288.522731,5.754183,-0.000188,-0.023524,0.000798,-0.000019,0
0.15654,-0.001481,3289.522586,5.75498,-0.000207,-0.023523,0.000798,-0.00002,0.000002
0.155058,-0.001484,3290.522441,5.755779,-0.000228,-0.023521,0.000798,-0.000021,0.000003
0.153573,-0.001488,3291.522296,5.756577,-0.00025,-0.023516,0.000799,-0.000022,0.000005
0.152084,-0.001491,3292.522151,5.757376,-0.000272,-0.02351,0.000799,-0.000022,0.000007
0.150592,-0.001494,3293.522006,5.758175,-0.000294,-0.023501,0.000799,-0.000022,0.000009
0.149097,-0.001497,3294.52186,5.758974,-0.000317,-0.023491,0.000799,-0.000022,0.000011
0.147599,-0.0015,3295.521715,5.759774,-0.000338,-0.023478,0.000799,-0.000021,0.000013
0.146098,-0.001502,3296.52157,5.760573,-0.000359,-0.023464,0.000799,-0.00002,0.000015
0.144595,-0.001505,3297.521425,5.761372,-0.000379,-0.023448,0.000799,-0.000019,0.000017
0.143089,-0.001508,3298.52128,5.762171,-0.000397,-0.023431,0.000799,-0.000017,0.000019
0.141581,-0.00151,3299.521135,5.76297,-0.000413,-0.023411,0.000799,-0.000015,0.00002
0.14007,-0.001512,3300.52099,5.763769,-0.000426,-0.02339,0.000799,-0.000013,0.000022
0.138557,-0.001514,3301.520845,5.764567,-0.000438,-0.023368,0.000798,-0.000011,0.000023
0.137042,-0.001516,3302.5207,5.765365,-0.000448,-0.023344,0.000798,-0.000009,0.000025
0.135526,-0.001518,3303.520554,5.766163,-0.000456,-0.023319,0.000797,-0.000007,0.000026
0.134007,-0.00152,3304.520409,5.76696,-0.000462,-0.023292,0.000797,-0.000005,0.000027
0.132487,-0.001521,3305.520264,5.767756,-0.000466,-0.023264,0.000796,-0.000003,0.000028
0.130965,-0.001523,3306.520119,5.768552,-0.000468,-0.023235,0.000795,-0.000002,0.000029
0.129442,-0.001524,3307.519974,5.769346,-0.00047,-0.023205,0.000794,-0.000001,0.00003
0.127919,-0.001525,3308.519829,5.77014,-0.00047,-0.023175,0.000794,0.000001,0.000031
0.126394,-0.001526,3309.519684,5.770933,-0.000469,-0.023143,0.000793,0.000001,0.000032
0.124868,-0.001526,3310.519539,5.771725,-0.000467,-0.023111,0.000792,0.000002,0.000033
0.123342,-0.001527,3311.519394,5.772516,-0.000464,-0.023078,0.000791,0.000003,0.000033
0.121815,-0.001527,3312.519248,5.773306,-0.000462,-0.023044,0.000789,0.000003,0.000034
0.120288,-0.001527,3313.519103,5.774095,-0.000459,-0.02301,0.000788,0.000003,0.000034
0.118761,-0.001528,3314.518958,5.774882,-0.000456,-0.022976,0.000787,0.000003,0.000034
0.117234,-0.001528,3315.518813,5.775668,-0.000453,-0.022942,0.000786,0.000003,0.000035
0.115707,-0.001527,3316.518668,5.776453,-0.00045,-0.022907,0.000784,0.000002,0.000035
0.11418,-0.001527,3317.518523,5.777237,-0.000448,-0.022872,0.000783,0.000002,0.000035
0.112653,-0.001527,3318.518378,5.77802,-0.000447,-0.022838,0.000782,0.000001,0.000035
0.111127,-0.001526,3319.518233,5.778801,-0.000446,-0.022803,0.000781,0.000001,0.000035
0.109602,-0.001525,3320.518088,5.779581,-0.000445,-0.022769,0.000779,0,0.000034
0.108077,-0.001525,3321.517943,5.780359,-0.000446,-0.022734,0.000778,-0.000002,0.000034
0.106553,-0.001524,3322.517797,5.781137,-0.000449,-0.0227,0.000777,-0.000003,0.000034
0.10503,-0.001523,3323.517652,5.781913,-0.000452,-0.022666,0.000776,-0.000004,0.000034
0.103508,-0.001522,3324.517507,5.782688,-0.000457,-0.022632,0.000774,-0.000006,0.000034
0.101987,-0.001521,3325.517362,5.783461,-0.000464,-0.022599,0.000773,-0.000008,0.000033
0.100466,-0.001521,3326.517217,5.784234,-0.000473,-0.022566,0.000772,-0.000009,0.000033
0.098947,-0.00152,3327.517072,5.785006,-0.000482,-0.022533,0.000771,-0.000011,0.000032
0.097428,-0.001519,3328.516927,5.785776,-0.000494,-0.022501,0.00077,-0.000012,0.000032
0.09591,-0.001517,3329.516782,5.786546,-0.000506,-0.02247,0.000769,-0.000013,0.000031
0.094394,-0.001516,3330.516637,5.787315,-0.000519,-0.022439,0.000769,-0.000013,0.00003
0.09288,-0.001514,3331.516491,5.788083,-0.000532,-0.02241,0.000768,-0.000013,0.000029
0.091367,-0.001512,3332.516346,5.78885,-0.000545,-0.022381,0.000767,-0.000013,0.000028
0.089857,-0.001509,3333.516201,5.789617,-0.000559,-0.022353,0.000766,-0.000013,0.000027
0.088349,-0.001507,3334.516056,5.790383,-0.000572,-0.022327,0.000766,-0.000013,0.000026
0.086845,-0.001504,3335.515911,5.791148,-0.000584,-0.022301,0.000765,-0.000012,0.000025
0.085343,-0.001501,3336.515766,5.791913,-0.000596,-0.022277,0.000765,-0.000011,0.000023
0.083844,-0.001497,3337.515621,5.792678,-0.000607,-0.022255,0.000765,-0.000011,0.000022
0.082349,-0.001494,3338.515476,5.793443,-0.000617,-0.022233,0.000764,-0.00001,0.000021
0.080858,-0.00149,3339.515331,5.794207,-0.000627,-0.022213,0.000764,-0.000009,0.000019
0.07937,-0.001486,3340.515185,5.794971,-0.000636,-0.022195,0.000764,-0.000009,0.000018
0.077887,-0.001482,3341.51504,5.795735,-0.000644,-0.022178,0.000764,-0.000008,0.000016
0.076407,-0.001477,3342.514895,5.796499,-0.000652,-0.022162,0.000764,-0.000008,0.000015
0.074933,-0.001473,3343.51475,5.797263,-0.00066,-0.022148,0.000764,-0.000008,0.000013
0.073463,-0.001468,3344.514605,5.798027,-0.000668,-0.022135,0.000764,-0.000008,0.000012
0.071998,-0.001462,3345.51446,5.798791,-0.000675,-0.022124,0.000764,-0.000007,0.00001
0.070539,-0.001457,3346.514315,5.799555,-0.000683,-0.022115,0.000765,-0.000007,0.000009
0.069086,-0.001451,3347.51417,5.80032,-0.00069,-0.022107,0.000765,-0.000007,0.000007
0.067639,-0.001444,3348.514025,5.801085,-0.000697,-0.0221,0.000765,-0.000007,0.000006
0.066198,-0.001437,3349.513879,5.801849,-0.000704,-0.022095,0.000765,-0.000007,0.000004
0.064765,-0.001429,3350.513734,5.802614,-0.000711,-0.022092,0.000765,-0.000007,0.000003
0.06334,-0.001421,3351.513589,5.803379,-0.000719,-0.02209,0.000765,-0.000008,0.000001
0.061924,-0.001412,3352.513444,5.804144,-0.000727,-0.022089,0.000765,-0.000008,0
0.060517,-0.001402,3353.513299,5.804909,-0.000735,-0.02209,0.000765,-0.000008,-0.000001
0.05912,-0.001392,3354.513154,5.805673,-0.000744,-0.022091,0.000765,-0.000009,-0.000002
0.057734,-0.001381,3355.513009,5.806438,-0.000753,-0.022094,0.000764,-0.000009,-0.000003
0.05636,-0.001369,3356.512864,5.807202,-0.000763,-0.022098,0.000764,-0.00001,-0.000004
0.054998,-0.001356,3357.512719,5.807966,-0.000773,-0.022102,0.000764,-0.000011,-0.000005
0.053649,-0.001342,3358.512573,5.808729,-0.000784,-0.022107,0.000763,-0.000011,-0.000005
0.052314,-0.001328,3359.512428,5.809492,-0.000795,-0.022113,0.000763,-0.000011,-0.000006
0.050993,-0.001314,3360.512283,5.810254,-0.000806,-0.022119,0.000762,-0.000012,-0.000006
0.049687,-0.001299,3361.512138,5.811016,-0.000818,-0.022125,0.000761,-0.000012,-0.000007
0.048396,-0.001283,3362.511993,5.811777,-0.000829,-0.022132,0.000761,-0.000011,-0.000007
0.047121,-0.001268,3363.511848,5.812537,-0.000841,-0.02214,0.00076,-0.000011,-0.000008
0.045861,-0.001252,3364.511703,5.813296,-0.000852,-0.022148,0.000759,-0.000011,-0.000008
0.044617,-0.001237,3365.511558,5.814055,-0.000862,-0.022156,0.000758,-0.00001,-0.000009
0.043388,-0.001222,3366.511413,5.814813,-0.000872,-0.022165,0.000758,-0.00001,-0.000009
0.042174,-0.001207,3367.511267,5.815571,-0.000882,-0.022175,0.000757,-0.000009,-0.00001
0.040974,-0.001192,3368.511122,5.816327,-0.000891,-0.022185,0.000757,-0.000009,-0.00001
0.039789,-0.001178,3369.510977,5.817083,-0.000899,-0.022196,0.000756,-0.000009,-0.000011
0.038618,-0.001164,3370.510832,5.817839,-0.000908,-0.022207,0.000756,-0.000008,-0.000012
0.037462,-0.001149,3371.510687,5.818595,-0.000916,-0.022219,0.000755,-0.000008,-0.000012
0.036322,-0.001133,3372.510542,5.81935,-0.000925,-0.022232,0.000755,-0.000008,-0.000013
0.035197,-0.001117,3373.510397,5.820105,-0.000933,-0.022245,0.000755,-0.000009,-0.000013
0.034089,-0.0011,3374.510252,5.82086,-0.000942,-0.022259,0.000755,-0.000009,-0.000014
0.032997,-0.001084,3375.510107,5.821615,-0.00095,-0.022273,0.000755,-0.000009,-0.000014
0.031922,-0.001067,3376.509961,5.82237,-0.000959,-0.022287,0.000755,-0.000009,-0.000014
0.030863,-0.001051,3377.509816,5.823125,-0.000968,-0.022302,0.000756,-0.000009,-0.000015
0.029821,-0.001034,3378.509671,5.823881,-0.000977,-0.022316,0.000756,-0.000009,-0.000015
0.028795,-0.001018,3379.509526,5.824637,-0.000986,-0.022331,0.000757,-0.000009,-0.000015
0.027785,-0.001002,3380.509381,5.825394,-0.000994,-0.022346,0.000757,-0.000008,-0.000015
0.026792,-0.000985,3381.509236,5.826152,-0.001002,-0.022361,0.000758,-0.000008,-0.000015
0.025815,-0.000969,3382.509091,5.82691,-0.001009,-0.022376,0.000759,-0.000007,-0.000015
0.024855,-0.000952,3383.508946,5.82767,-0.001016,-0.02239,0.00076,-0.000007,-0.000015
0.023911,-0.000936,3384.508801,5.82843,-0.001023,-0.022405,0.000761,-0.000006,-0.000014
0.022983,-0.00092,3385.508655,5.829193,-0.001029,-0.022419,0.000763,-0.000006,-0.000014
0.022072,-0.000903,3386.50851,5.829956,-0.001035,-0.022433,0.000764,-0.000006,-0.000014
0.021177,-0.000887,3387.508365,5.830721,-0.00104,-0.022447,0.000766,-0.000005,-0.000014
0.020298,-0.000871,3388.50822,5.831489,-0.001046,-0.02246,0.000768,-0.000005,-0.000013
0.019436,-0.000855,3389.508075,5.832258,-0.001051,-0.022474,0.000771,-0.000005,-0.000013
0.018589,-0.000838,3390.50793,5.83303,-0.001056,-0.022487,0.000773,-0.000005,-0.000013
0.017759,-0.000822,3391.507785,5.833804,-0.001062,-0.022499,0.000776,-0.000006,-0.000013
0.016945,-0.000806,3392.50764,5.834581,-0.001068,-0.022512,0.000779,-0.000006,-0.000012
0.016147,-0.00079,3393.507495,5.835362,-0.001073,-0.022524,0.000782,-0.000005,-0.000012
0.015365,-0.000774,3394.507349,5.836145,-0.001078,-0.022535,0.000786,-0.000005,-0.000012
0.014598,-0.000759,3395.507204,5.836933,-0.001083,-0.022547,0.00079,-0.000005,-0.000011
0.013847,-0.000743,3396.507059,5.837725,-0.001088,-0.022558,0.000794,-0.000004,-0.000011
0.013112,-0.000727,3397.506914,5.838522,-0.001091,-0.022569,0.000799,-0.000003,-0.000011
0.012393,-0.000712,3398.506769,5.839323,-0.001094,-0.022579,0.000804,-0.000003,-0.00001
0.011688,-0.000697,3399.506624,5.84013,-0.001096,-0.022589,0.00081,-0.000002,-0.00001
0.011,-0.000681,3400.506479,5.840942,-0.001098,-0.022598,0.000816,-0.000001,-0.000009
0.010326,-0.000666,3401.506334,5.841761,-0.001098,-0.022607,0.000822,0,-0.000009
0.009667,-0.000651,3402.506189,5.842587,-0.001098,-0.022616,0.000829,0.000001,-0.000008
0.009024,-0.000636,3403.506043,5.843419,-0.001097,-0.022624,0.000837,0.000001,-0.000008
0.008395,-0.000622,3404.505898,5.84426,-0.001096,-0.022632,0.000845,0.000002,-0.000007
0.00778,-0.000607,3405.505753,5.845109,-0.001094,-0.022639,0.000854,0.000002,-0.000007
0.00718,-0.000593,3406.505608,5.845968,-0.001092,-0.022645,0.000863,0.000003,-0.000006
0.006594,-0.000579,3407.505463,5.846836,-0.001089,-0.022651,0.000873,0.000003,-0.000006
0.006022,-0.000565,3408.505318,5.847714,-0.001085,-0.022657,0.000884,0.000004,-0.000006
0.005464,-0.000552,3409.505173,5.848604,-0.001082,-0.022662,0.000896,0.000004,-0.000005
0.004919,-0.000539,3410.505028,5.849506,-0.001077,-0.022667,0.000908,0.000005,-0.000005
0.004387,-0.000526,3411.504883,5.85042,-0.001072,-0.022672,0.000921,0.000005,-0.000005
0.003868,-0.000513,3412.504737,5.851348,-0.001067,-0.022677,0.000935,0.000006,-0.000004
0.00336,-0.000501,3413.504592,5.852291,-0.001061,-0.022681,0.000951,0.000006,-0.000004
0.002865,-0.00049,3414.504447,5.85325,-0.001054,-0.022685,0.000967,0.000007,-0.000004
0.002381,-0.000479,3415.504302,5.854225,-0.001047,-0.022688,0.000984,0.000008,-0.000004
0.001908,-0.000468,3416.504157,5.855218,-0.001039,-0.022692,0.001002,0.000008,-0.000003
0.001445,-0.000458,3417.504012,5.856229,-0.00103,-0.022695,0.001022,0.000009,-0.000003
0.000992,-0.000448,3418.503867,5.857261,-0.001021,-0.022698,0.001042,0.00001,-0.000003
0.000548,-0.000439,3419.503722,5.858314,-0.00101,-0.022701,0.001064,0.000011,-0.000003
0.000114,-0.000431,3420.503577,5.859389,-0.000999,-0.022704,0.001087,0.000012,-0.000003
-0.000313,-0.000422,3421.503431,5.860489,-0.000987,-0.022707,0.001112,0.000013,-0.000003
-0.000731,-0.000415,3422.503286,5.861613,-0.000974,-0.02271,0.001137,0.000014,-0.000003
-0.001142,-0.000407,3423.503141,5.862764,-0.00096,-0.022713,0.001165,0.000015,-0.000003
-0.001545,-0.0004,3424.502996,5.863942,-0.000945,-0.022717,0.001193,0.000016,-0.000003
-0.001942,-0.000393,3425.502851,5.865151,-0.000928,-0.02272,0.001223,0.000017,-0.000003
-0.002332,-0.000387,3426.502706,5.86639,-0.00091,-0.022723,0.001255,0.000018,-0.000003
-0.002715,-0.00038,3427.502561,5.867661,-0.000891,-0.022726,0.001289,0.00002,-0.000004
-0.003092,-0.000374,3428.502416,5.868967,-0.000871,-0.02273,0.001323,0.000021,-0.000004
-0.003462,-0.000367,3429.502271,5.870309,-0.000849,-0.022734,0.00136,0.000023,-0.000004
-0.003826,-0.000361,3430.502125,5.871688,-0.000826,-0.022738,0.001398,0.000024,-0.000004
-0.004185,-0.000356,3431.50198,5.873106,-0.000801,-0.022742,0.001438,0.000026,-0.000005
-0.004539,-0.000352,3432.501835,5.874565,-0.000774,-0.022747,0.00148,0.000028,-0.000005
-0.00489,-0.000349,3433.50169,5.876067,-0.000745,-0.022752,0.001524,0.000029,-0.000005
-0.005238,-0.000347,3434.501545,5.877613,-0.000715,-0.022758,0.001569,0.000031,-0.000006
-0.005583,-0.000344,3435.5014,5.879206,-0.000683,-0.022764,0.001617,0.000033,-0.000006
-0.005926,-0.000342,3436.501255,5.880847,-0.00065,-0.02277,0.001666,0.000034,-0.000007
-0.006268,-0.000341,3437.50111,5.882538,-0.000615,-0.022778,0.001717,0.000036,-0.000008
-0.006608,-0.00034,3438.500965,5.884282,-0.000578,-0.022786,0.001771,0.000038,-0.000008
-0.006947,-0.000339,3439.500819,5.88608,-0.000539,-0.022794,0.001826,0.000039,-0.000009
-0.007286,-0.000338,3440.500674,5.887935,-0.000499,-0.022804,0.001884,0.000041,-0.00001
-0.007624,-0.000338,3441.500529,5.889848,-0.000457,-0.022814,0.001943,0.000043,-0.000011
-0.007962,-0.000338,3442.500384,5.891822,-0.000413,-0.022825,0.002005,0.000045,-0.000012
-0.0083,-0.000339,3443.500239,5.893859,-0.000367,-0.022837,0.00207,0.000047,-0.000013
-0.00864,-0.00034,3444.500094,5.895961,-0.000318,-0.022851,0.002136,0.00005,-0.000014
-0.00898,-0.000341,3445.499949,5.898132,-0.000267,-0.022865,0.002205,0.000052,-0.000015
-0.009322,-0.000343,3446.499804,5.900372,-0.000213,-0.022881,0.002276,0.000055,-0.000016
-0.009665,-0.000345,3447.499659,5.902685,-0.000157,-0.022898,0.00235,0.000058,-0.000018
-0.010011,-0.000347,3448.499513,5.905073,-0.000097,-0.022916,0.002426,0.000061,-0.000019
-0.01036,-0.00035,3449.499368,5.907538,-0.000035,-0.022936,0.002505,0.000064,-0.00002
-0.010712,-0.000354,3450.499223,5.910083,0.00003,-0.022957,0.002587,0.000067,-0.000022
-0.011068,-0.000358,3451.499078,5.912712,0.000098,-0.02298,0.002671,0.00007,-0.000024
-0.011427,-0.000362,3452.498933,5.915425,0.000169,-0.023004,0.002757,0.000073,-0.000025
-0.011791,-0.000366,3453.498788,5.918227,0.000243,-0.02303,0.002847,0.000076,-0.000027
-0.01216,-0.000371,3454.498643,5.92112,0.000321,-0.023058,0.002939,0.000079,-0.000029
-0.012533,-0.000376,3455.498498,5.924106,0.000402,-0.023088,0.003034,0.000082,-0.000031
-0.012911,-0.000381,3456.498353,5.927189,0.000486,-0.02312,0.003132,0.000086,-0.000033
-0.013295,-0.000386,3457.498207,5.930371,0.000573,-0.023153,0.003233,0.00009,-0.000035
-0.013684,-0.000392,3458.498062,5.933656,0.000665,-0.023189,0.003337,0.000093,-0.000036
-0.014078,-0.000398,3459.497917,5.937046,0.00076,-0.023226,0.003444,0.000097,-0.000038
-0.014479,-0.000403,3460.497772,5.940545,0.00086,-0.023265,0.003554,0.000102,-0.00004
-0.014885,-0.000409,3461.497627,5.944155,0.000964,-0.023307,0.003667,0.000106,-0.000042
-0.015297,-0.000415,3462.497482,5.947879,0.001072,-0.02335,0.003783,0.00011,-0.000044
-0.015716,-0.000421,3463.497337,5.951721,0.001184,-0.023395,0.003902,0.000115,-0.000046
-0.01614,-0.000427,3464.497192,5.955683,0.001301,-0.023442,0.004024,0.000119,-0.000048
-0.01657,-0.000433,3465.497047,5.959769,0.001422,-0.02349,0.004149,0.000123,-0.00005
-0.017006,-0.000439,3466.496901,5.963981,0.001547,-0.023541,0.004277,0.000128,-0.000051
-0.017448,-0.000444,3467.496756,5.968324,0.001677,-0.023593,0.004409,0.000132,-0.000053
-0.017894,-0.000449,3468.496611,5.972799,0.001811,-0.023647,0.004543,0.000136,-0.000055
-0.018345,-0.000453,3469.496466,5.977411,0.00195,-0.023703,0.004681,0.000141,-0.000057
-0.0188,-0.000457,3470.496321,5.982161,0.002093,-0.023761,0.004821,0.000146,-0.000059
-0.019259,-0.00046,3471.496176,5.987053,0.002242,-0.023821,0.004965,0.000152,-0.000061
-0.019719,-0.000461,3472.496031,5.992091,0.002397,-0.023883,0.005111,0.000158,-0.000063
-0.020181,-0.000462,3473.495886,5.997276,0.002559,-0.023947,0.005261,0.000165,-0.000065
-0.020643,-0.000462,3474.495741,6.002613,0.002728,-0.024013,0.005413,0.000174,-0.000067
-0.021104,-0.00046,3475.495595,6.008103,0.002906,-0.024082,0.005569,0.000183,-0.000069
-0.021562,-0.000456,3476.49545,6.01375,0.003095,-0.024152,0.005727,0.000194,-0.000072
-0.022016,-0.000452,3477.495305,6.019557,0.003294,-0.024225,0.005888,0.000206,-0.000074
-0.022465,-0.000445,3478.49516,6.025526,0.003506,-0.0243,0.006052,0.000218,-0.000076
-0.022906,-0.000437,3479.495015,6.03166,0.003731,-0.024377,0.006218,0.000232,-0.000078
-0.023339,-0.000428,3480.49487,6.037962,0.003971,-0.024456,0.006387,0.000246,-0.000081
-0.023762,-0.000417,3481.494725,6.044434,0.004224,-0.024538,0.006559,0.00026,-0.000083
-0.024172,-0.000404,3482.49458,6.051079,0.00449,-0.024622,0.006733,0.000273,-0.000085
-0.02457,-0.00039,3483.494435,6.0579,0.004769,-0.024708,0.00691,0.000284,-0.000087
-0.024952,-0.000374,3484.494289,6.064899,0.005057,-0.024796,0.007089,0.000292,-0.000089
-0.025318,-0.000357,3485.494144,6.072078,0.005351,-0.024885,0.007271,0.000296,-0.000091
-0.025666,-0.000338,3486.493999,6.079439,0.005646,-0.024977,0.007454,0.000295,-0.000092
-0.025994,-0.000317,3487.493854,6.086986,0.005937,-0.025069,0.00764,0.000287,-0.000093
-0.026299,-0.000294,3488.493709,6.094719,0.006217,-0.025163,0.007828,0.000273,-0.000095
-0.026581,-0.000269,3489.493564,6.102641,0.00648,-0.025258,0.008018,0.000252,-0.000095
-0.026837,-0.000241,3490.493419,6.110754,0.006717,-0.025354,0.00821,0.000223,-0.000096
-0.027063,-0.000211,3491.493274,6.119059,0.006923,-0.02545,0.008403,0.000188,-0.000096
-0.027257,-0.000177,3492.493129,6.127559,0.00709,-0.025545,0.008598,0.000147,-0.000096
-0.027416,-0.00014,3493.492983,6.136254,0.007215,-0.025641,0.008795,0.000103,-0.000095
-0.027536,-0.0001,3494.492838,6.145146,0.007296,-0.025736,0.008992,0.000057,-0.000095
-0.027614,-0.000056,3495.492693,6.154236,0.007331,-0.02583,0.00919,0.000013,-0.000094
-0.027647,-0.000009,3496.492548,6.163524,0.007322,-0.025923,0.009389,-0.00003,-0.000093
-0.027632,0.00004,3497.492403,6.173012,0.007274,-0.026015,0.009589,-0.000067,-0.000091
-0.027565,0.000092,3498.492258,6.182699,0.00719,-0.026105,0.009788,-0.0001,-0.00009
-0.027446,0.000146,3499.492113,6.192585,0.007077,-0.026195,0.009987,-0.000126,-0.000089
-0.027272,0.000201,3500.491968,6.202671,0.006941,-0.026283,0.010186,-0.000146,-0.000088
-0.027043,0.000257,3501.491823,6.212954,0.006788,-0.026371,0.010384,-0.00016,-0.000087
-0.026757,0.000313,3502.491677,6.223435,0.006624,-0.026457,0.01058,-0.000169,-0.000087
-0.026417,0.000368,3503.491532,6.23411,0.006453,-0.026544,0.010775,-0.000172,-0.000086
-0.026021,0.000422,3504.491387,6.24498,0.006281,-0.02663,0.010967,-0.000173,-0.000086
-0.025573,0.000474,3505.491242,6.25604,0.006109,-0.026715,0.011156,-0.000171,-0.000085
-0.025075,0.000522,3506.491097,6.267288,0.005938,-0.026799,0.011343,-0.00017,-0.000084
-0.024529,0.000568,3507.490952,6.27872,0.005769,-0.026883,0.011526,-0.000169,-0.000083
-0.023939,0.000611,3508.490807,6.290334,0.005599,-0.026965,0.011705,-0.000171,-0.000082
-0.023309,0.00065,3509.490662,6.302124,0.005425,-0.027047,0.011879,-0.000176,-0.000081
-0.022641,0.000686,3510.490517,6.314086,0.005245,-0.027127,0.012049,-0.000184,-0.000079
-0.021938,0.000719,3511.490371,6.326216,0.005055,-0.027205,0.012213,-0.000196,-0.000078
-0.021204,0.000749,3512.490226,6.338506,0.004853,-0.027283,0.012372,-0.000209,-0.000077
-0.02044,0.000779,3513.490081,6.350952,0.004636,-0.02736,0.012524,-0.000224,-0.000077
-0.019646,0.000807,3514.489936,6.363547,0.004405,-0.027437,0.01267,-0.000238,-0.000077
-0.018825,0.000835,3515.489791,6.376285,0.004161,-0.027514,0.012809,-0.00025,-0.000076
-0.017976,0.000863,3516.489646,6.389158,0.003907,-0.02759,0.012941,-0.000258,-0.000076
-0.017098,0.000891,3517.489501,6.402159,0.003648,-0.027666,0.013066,-0.00026,-0.000076
-0.016193,0.000919,3518.489356,6.415283,0.003389,-0.027742,0.013184,-0.000257,-0.000076
-0.015261,0.000945,3519.489211,6.42852,0.003137,-0.027818,0.013295,-0.000249,-0.000076
-0.014304,0.000969,3520.489065,6.441865,0.002894,-0.027894,0.013399,-0.000236,-0.000076
-0.013325,0.000989,3521.48892,6.45531,0.002666,-0.027969,0.013496,-0.000221,-0.000075
-0.012328,0.001005,3522.488775,6.468849,0.002452,-0.028045,0.013586,-0.000206,-0.000075
-0.011317,0.001015,3523.48863,6.482475,0.002253,-0.02812,0.01367,-0.000192,-0.000075
-0.010299,0.001019,3524.488485,6.496182,0.002067,-0.028195,0.013748,-0.000181,-0.000075
-0.009281,0.001016,3525.48834,6.509964,0.00189,-0.028271,0.01382,-0.000174,-0.000076
-0.008269,0.001007,3526.488195,6.523815,0.001717,-0.028346,0.013886,-0.000172,-0.000076
-0.007269,0.000992,3527.48805,6.53773,0.001543,-0.028422,0.013947,-0.000176,-0.000076
-0.006286,0.000973,3528.487905,6.551704,0.001362,-0.028498,0.014003,-0.000186,-0.000076
-0.005323,0.000952,3529.487759,6.565731,0.001168,-0.028573,0.014054,-0.000202,-0.000075
-0.004383,0.00093,3530.487614,6.579806,0.000955,-0.028648,0.014101,-0.000223,-0.000075
-0.003463,0.000911,3531.487469,6.593926,0.00072,-0.028723,0.014143,-0.000248,-0.000074
-0.00256,0.000895,3532.487324,6.608086,0.000458,-0.028797,0.014181,-0.000275,-0.000074
-0.00167,0.000887,3533.487179,6.622281,0.00017,-0.02887,0.014214,-0.000302,-0.000073
-0.000785,0.000885,3534.487034,6.636508,-0.000145,-0.028943,0.014244,-0.000328,-0.000072
0.000102,0.000891,3535.486889,6.650764,-0.000484,-0.029014,0.01427,-0.000349,-0.000071
0.001,0.000904,3536.486744,6.665043,-0.00084,-0.029084,0.014293,-0.000364,-0.000068
0.001912,0.000922,3537.486599,6.679343,-0.001207,-0.029151,0.014312,-0.000371,-0.000066
0.002845,0.000943,3538.486453,6.69366,-0.001579,-0.029214,0.014327,-0.000372,-0.000062
0.003799,0.000964,3539.486308,6.707992,-0.001948,-0.029275,0.01434,-0.000366,-0.000058
0.004772,0.000982,3540.486163,6.722335,-0.002308,-0.029331,0.014351,-0.000355,-0.000055
0.005762,0.000995,3541.486018,6.736688,-0.002655,-0.029385,0.014358,-0.00034,-0.000052
0.006761,0.001002,3542.485873,6.751047,-0.002987,-0.029435,0.014364,-0.000324,-0.00005
0.007763,0.001002,3543.485728,6.765411,-0.003304,-0.029485,0.014368,-0.000309,-0.00005
0.008763,0.000997,3544.485583,6.779779,-0.003606,-0.029535,0.014371,-0.000295,-0.000051
0.009755,0.000986,3545.485438,6.794149,-0.003896,-0.029588,0.014373,-0.000284,-0.000054
0.010735,0.000973,3546.485293,6.80852,-0.004175,-0.029643,0.014374,-0.000274,-0.000058
0.0117,0.000958,3547.485148,6.822891,-0.004445,-0.029703,0.014374,-0.000266,-0.000063
0.012651,0.000943,3548.485002,6.837263,-0.004707,-0.029769,0.014374,-0.000259,-0.000068
0.013586,0.000928,3549.484857,6.851635,-0.004962,-0.02984,0.014374,-0.000252,-0.000075
0.014506,0.000913,3550.484712,6.866008,-0.005211,-0.029919,0.014375,-0.000245,-0.000082
0.015411,0.000898,3551.484567,6.880381,-0.005453,-0.030004,0.014375,-0.000238,-0.000088
0.016301,0.000881,3552.484422,6.894754,-0.005688,-0.030095,0.014377,-0.000231,-0.000095
0.017173,0.000864,3553.484277,6.90913,-0.005916,-0.030194,0.014378,-0.000224,-0.000102
0.018027,0.000844,3554.484132,6.923507,-0.006137,-0.030298,0.014381,-0.000218,-0.000108
0.018861,0.000824,3555.483987,6.937887,-0.006353,-0.030409,0.014383,-0.000213,-0.000114
0.019673,0.000802,3556.483842,6.95227,-0.006564,-0.030525,0.014387,-0.00021,-0.000119
0.020464,0.000781,3557.483696,6.966657,-0.006773,-0.030647,0.014391,-0.000209,-0.000125
0.021235,0.00076,3558.483551,6.981047,-0.006982,-0.030774,0.014395,-0.000209,-0.00013
0.021985,0.000743,3559.483406,6.995442,-0.007193,-0.030908,0.014399,-0.000212,-0.000136
0.02272,0.000728,3560.483261,7.009842,-0.007406,-0.031047,0.014404,-0.000215,-0.000143
0.023442,0.000718,3561.483116,7.024247,-0.007624,-0.031194,0.014409,-0.00022,-0.000151
0.024156,0.000712,3562.482971,7.038656,-0.007845,-0.031349,0.014414,-0.000224,-0.000159
0.024866,0.00071,3563.482826,7.05307,-0.008071,-0.031513,0.014419,-0.000227,-0.000168
0.025576,0.000712,3564.482681,7.067489,-0.008298,-0.031685,0.014423,-0.000229,-0.000177
0.02629,0.000716,3565.482536,7.081912,-0.008527,-0.031866,0.014427,-0.000228,-0.000186
0.027009,0.000723,3566.48239,7.096339,-0.008754,-0.032056,0.014431,-0.000226,-0.000195
0.027735,0.00073,3567.482245,7.110769,-0.008977,-0.032255,0.014434,-0.000221,-0.000203
0.028468,0.000736,3568.4821,7.125203,-0.009194,-0.032461,0.014437,-0.000213,-0.000209
0.029206,0.00074,3569.481955,7.13964,-0.009403,-0.032673,0.01444,-0.000204,-0.000215
0.029946,0.000741,3570.48181,7.15408,-0.009601,-0.03289,0.014443,-0.000193,-0.000219
0.030685,0.000737,3571.481665,7.168522,-0.009787,-0.03311,0.014446,-0.00018,-0.000222
0.031418,0.00073,3572.48152,7.182966,-0.009961,-0.033332,0.014448,-0.000168,-0.000223
0.032143,0.000719,3573.481375,7.197414,-0.010123,-0.033555,0.01445,-0.000155,-0.000222
0.032854,0.000703,3574.48123,7.211863,-0.010272,-0.033777,0.014453,-0.000143,-0.000221
0.033547,0.000684,3575.481084,7.226314,-0.010409,-0.033997,0.014455,-0.000131,-0.00022
0.03422,0.000662,3576.480939,7.240768,-0.010534,-0.034216,0.014456,-0.00012,-0.000218
0.034869,0.000637,3577.480794,7.255222,-0.010648,-0.034432,0.014458,-0.000109,-0.000215
0.035492,0.000611,3578.480649,7.269679,-0.010752,-0.034646,0.014459,-0.000099,-0.000213
0.036089,0.000584,3579.480504,7.284136,-0.010846,-0.034857,0.01446,-0.00009,-0.00021
0.036659,0.000557,3580.480359,7.298594,-0.010932,-0.035065,0.01446,-0.000081,-0.000207
0.037202,0.00053,3581.480214,7.313052,-0.011009,-0.03527,0.014461,-0.000074,-0.000204
0.037718,0.000504,3582.480069,7.327512,-0.01108,-0.035472,0.014462,-0.000067,-0.000201
0.038209,0.00048,3583.479924,7.341972,-0.011145,-0.035671,0.014462,-0.000062,-0.000198
0.038678,0.000459,3584.479778,7.356432,-0.011204,-0.035868,0.014463,-0.000057,-0.000195
0.039127,0.000439,3585.479633,7.370894,-0.011258,-0.036061,0.014464,-0.000052,-0.000192
0.039557,0.000422,3586.479488,7.385356,-0.011308,-0.036251,0.014465,-0.000048,-0.000189
0.039972,0.000408,3587.479343,7.399819,-0.011354,-0.036439,0.014465,-0.000043,-0.000187
0.040372,0.000395,3588.479198,7.414282,-0.011394,-0.036624,0.014466,-0.000038,-0.000184
0.040761,0.000384,3589.479053,7.428746,-0.011429,-0.036807,0.014466,-0.000032,-0.000181
0.041139,0.000373,3590.478908,7.44321,-0.011458,-0.036986,0.014466,-0.000026,-0.000178
0.041507,0.000363,3591.478763,7.457675,-0.01148,-0.037162,0.014467,-0.000019,-0.000175
0.041864,0.000352,3592.478618,7.47214,-0.011495,-0.037335,0.014467,-0.000011,-0.000171
0.04221,0.000339,3593.478472,7.486606,-0.011502,-0.037504,0.014468,-0.000003,-0.000168
0.042541,0.000324,3594.478327,7.501072,-0.011501,-0.037671,0.014469,0.000006,-0.000165
0.042857,0.000306,3595.478182,7.515539,-0.011491,-0.037834,0.014469,0.000015,-0.000162
0.043153,0.000285,3596.478037,7.530006,-0.011472,-0.037995,0.01447,0.000024,-0.00016
0.043425,0.00026,3597.477892,7.544474,-0.011443,-0.038154,0.01447,0.000033,-0.000158
0.043671,0.000231,3598.477747,7.558942,-0.011405,-0.038311,0.01447,0.000043,-0.000156
0.043885,0.000198,3599.477602,7.573411,-0.011357,-0.038467,0.01447,0.000053,-0.000156
0.044064,0.00016,3600.477457,7.587879,-0.011299,-0.038622,0.01447,0.000063,-0.000155
0.044203,0.000118,3601.477312,7.602347,-0.011231,-0.038777,0.01447,0.000072,-0.000155
0.044299,0.000074,3602.477166,7.616815,-0.011155,-0.038932,0.01447,0.00008,-0.000155
0.04435,0.000028,3603.477021,7.631282,-0.011072,-0.039086,0.014469,0.000085,-0.000154
0.044355,-0.000017,3604.476876,7.645748,-0.010987,-0.03924,0.014468,0.000086,-0.000153
0.044317,-0.000059,3605.476731,7.660212,-0.010901,-0.039392,0.014466,0.000084,-0.000151
0.044239,-0.000095,3606.476586,7.674675,-0.010821,-0.039542,0.014463,0.000077,-0.000149
0.04413,-0.000122,3607.476441,7.689134,-0.010749,-0.039689,0.01446,0.000067,-0.000146
0.043998,-0.000141,3608.476296,7.70359,-0.010687,-0.039832,0.014456,0.000055,-0.000141
0.043851,-0.000151,3609.476151,7.718041,-0.010638,-0.039971,0.014451,0.000043,-0.000136
0.043699,-0.000153,3610.476006,7.732487,-0.0106,-0.040103,0.014445,0.000033,-0.00013
0.043547,-0.000149,3611.47586,7.746927,-0.01057,-0.040229,0.014439,0.000026,-0.000122
0.043401,-0.000143,3612.475715,7.76136,-0.010545,-0.040348,0.014431,0.000025,-0.000115
0.043262,-0.000136,3613.47557,7.775784,-0.010518,-0.040459,0.014422,0.000029,-0.000107
0.043129,-0.000132,3614.475425,7.790198,-0.010484,-0.040562,0.014411,0.000039,-0.000099
0.042998,-0.000132,3615.47528,7.804601,-0.010438,-0.040657,0.014399,0.000054,-0.000091
0.042863,-0.000139,3616.475135,7.818992,-0.010374,-0.040744,0.014386,0.000073,-0.000084
0.042718,-0.000152,3617.47499,7.833369,-0.01029,-0.040824,0.014371,0.000095,-0.000077
0.042556,-0.000173,3618.474845,7.84773,-0.010184,-0.040899,0.014355,0.000118,-0.000071
0.042371,-0.0002,3619.4747,7.862075,-0.010056,-0.040968,0.014338,0.000138,-0.000066
0.042156,-0.000231,3620.474554,7.876402,-0.00991,-0.041032,0.01432,0.000155,-0.000062
0.041908,-0.000265,3621.474409,7.89071,-0.009749,-0.041092,0.0143,0.000167,-0.000058
0.041626,-0.000299,3622.474264,7.904998,-0.009578,-0.041148,0.01428,0.000174,-0.000055
0.04131,-0.000333,3623.474119,7.919264,-0.009402,-0.041201,0.014258,0.000178,-0.000051
0.040962,-0.000363,3624.473974,7.933509,-0.009225,-0.041251,0.014235,0.000178,-0.000048
0.040585,-0.000391,3625.473829,7.94773,-0.009047,-0.041297,0.014211,0.000177,-0.000045
0.040182,-0.000415,3626.473684,7.961927,-0.00887,-0.04134,0.014187,0.000176,-0.000041
0.039757,-0.000435,3627.473539,7.976099,-0.008694,-0.041379,0.014162,0.000176,-0.000038
0.039313,-0.000453,3628.473394,7.990246,-0.008518,-0.041416,0.014136,0.000176,-0.000035
0.038853,-0.000468,3629.473248,8.004366,-0.008341,-0.041449,0.014109,0.000178,-0.000031
0.038378,-0.000482,3630.473103,8.01846,-0.008161,-0.041478,0.014082,0.00018,-0.000028
0.03789,-0.000495,3631.472958,8.032526,-0.007979,-0.041504,0.014054,0.000183,-0.000024
0.03739,-0.000506,3632.472813,8.046563,-0.007795,-0.041525,0.014025,0.000186,-0.000019
0.036879,-0.000517,3633.472668,8.060571,-0.007607,-0.041542,0.013995,0.000189,-0.000014
0.036357,-0.000527,3634.472523,8.074548,-0.007417,-0.041554,0.013964,0.000191,-0.000009
0.035825,-0.000537,3635.472378,8.088494,-0.007226,-0.04156,0.013932,0.000191,-0.000004
0.035285,-0.000546,3636.472233,8.102407,-0.007035,-0.041561,0.013899,0.000191,0.000002
0.034735,-0.000554,3637.472088,8.116287,-0.006845,-0.041556,0.013865,0.00019,0.000008
0.034177,-0.000562,3638.471942,8.130131,-0.006656,-0.041546,0.013829,0.000188,0.000013
0.033612,-0.00057,3639.471797,8.14394,-0.006469,-0.041529,0.013792,0.000186,0.000019
0.033039,-0.000577,3640.471652,8.157712,-0.006284,-0.041508,0.013754,0.000184,0.000025
0.032459,-0.000584,3641.471507,8.171444,-0.006101,-0.04148,0.013715,0.000182,0.00003
0.031872,-0.00059,3642.471362,8.185137,-0.00592,-0.041448,0.013674,0.00018,0.000035
0.031279,-0.000596,3643.471217,8.198787,-0.005741,-0.04141,0.013631,0.000179,0.00004
0.030681,-0.000601,3644.471072,8.212394,-0.005563,-0.041367,0.013587,0.000178,0.000045
0.030077,-0.000607,3645.470927,8.225957,-0.005385,-0.04132,0.013542,0.000178,0.00005
0.029468,-0.000611,3646.470782,8.239474,-0.005208,-0.041268,0.013496,0.000178,0.000054
0.028855,-0.000616,3647.470636,8.252944,-0.005029,-0.041211,0.013448,0.000179,0.000059
0.028237,-0.000621,3648.470491,8.266365,-0.00485,-0.04115,0.013398,0.00018,0.000064
0.027614,-0.000625,3649.470346,8.279736,-0.00467,-0.041083,0.013348,0.000181,0.00007
0.026987,-0.000629,3650.470201,8.293056,-0.004489,-0.04101,0.013296,0.000181,0.000076
0.026356,-0.000633,3651.470056,8.306324,-0.004308,-0.04093,0.013243,0.000181,0.000084
0.025722,-0.000636,3652.469911,8.319537,-0.004127,-0.040842,0.013188,0.000181,0.000091
0.025084,-0.000639,3653.469766,8.332695,-0.003946,-0.040747,0.013132,0.000181,0.000099
0.024444,-0.000642,3654.469621,8.345797,-0.003765,-0.040644,0.013075,0.000181,0.000107
0.023802,-0.000644,3655.469476,8.358842,-0.003585,-0.040533,0.013017,0.000181,0.000115
0.023157,-0.000646,3656.46933,8.371828,-0.003404,-0.040414,0.012958,0.000182,0.000123
0.022511,-0.000647,3657.469185,8.384754,-0.003221,-0.040288,0.012898,0.000183,0.00013
0.021863,-0.000649,3658.46904,8.397621,-0.003037,-0.040154,0.012837,0.000186,0.000137
0.021213,-0.000651,3659.468895,8.410425,-0.00285,-0.040013,0.012775,0.000188,0.000144
0.020561,-0.000653,3660.46875,8.423167,-0.002661,-0.039867,0.012712,0.000191,0.00015
0.019907,-0.000654,3661.468605,8.435845,-0.002469,-0.039714,0.012648,0.000193,0.000156
0.019253,-0.000655,3662.46846,8.448458,-0.002276,-0.039556,0.012582,0.000193,0.000161
0.018598,-0.000655,3663.468315,8.461005,-0.002084,-0.039392,0.012516,0.000192,0.000166
0.017944,-0.000654,3664.46817,8.473486,-0.001893,-0.039223,0.012449,0.00019,0.000171
0.017291,-0.000652,3665.468024,8.485899,-0.001706,-0.03905,0.012381,0.000185,0.000176
0.01664,-0.00065,3666.467879,8.498243,-0.001524,-0.038871,0.012312,0.000178,0.000181
0.015992,-0.000647,3667.467734,8.510519,-0.00135,-0.038688,0.012243,0.00017,0.000186
0.015347,-0.000643,3668.467589,8.522725,-0.001186,-0.0385,0.012172,0.00016,0.000191
0.014706,-0.000639,3669.467444,8.534859,-0.00103,-0.038307,0.0121,0.00015,0.000196
0.01407,-0.000634,3670.467299,8.546921,-0.000885,-0.038108,0.012028,0.000141,0.000201
0.013439,-0.000629,3671.467154,8.558911,-0.000748,-0.037904,0.011954,0.000133,0.000207
0.012812,-0.000625,3672.467009,8.570826,-0.000619,-0.037695,0.01188,0.000126,0.000212
0.012189,-0.000621,3673.466864,8.582666,-0.000496,-0.03748,0.011804,0.000121,0.000218
0.011569,-0.000618,3674.466718,8.59443,-0.000376,-0.037259,0.011727,0.000118,0.000224
0.010953,-0.000616,3675.466573,8.606117,-0.000258,-0.037032,0.01165,0.000117,0.00023
0.010337,-0.000615,3676.466428,8.617726,-0.00014,-0.0368,0.011571,0.000118,0.000235
0.009722,-0.000616,3677.466283,8.629256,-0.000021,-0.036562,0.011492,0.00012,0.00024
0.009106,-0.000618,3678.466138,8.640705,0.000099,-0.036319,0.011411,0.000122,0.000245
0.008486,-0.000621,3679.465993,8.652073,0.000222,-0.036071,0.011329,0.000123,0.00025
0.007864,-0.000625,3680.465848,8.663359,0.000345,-0.035819,0.011245,0.000124,0.000255
0.007236,-0.00063,3681.465703,8.67456,0.000468,-0.035562,0.01116,0.000123,0.000259
0.006604,-0.000635,3682.465558,8.685676,0.00059,-0.035301,0.011074,0.00012,0.000263
0.005967,-0.00064,3683.465412,8.696704,0.000708,-0.035036,0.010986,0.000116,0.000267
0.005325,-0.000644,3684.465267,8.707644,0.000821,-0.034767,0.010896,0.00011,0.00027
0.00468,-0.000648,3685.465122,8.718493,0.000927,-0.034495,0.010805,0.000102,0.000274
0.004031,-0.00065,3686.464977,8.72925,0.001025,-0.03422,0.010712,0.000094,0.000277
0.00338,-0.000652,3687.464832,8.739913,0.001114,-0.033942,0.010617,0.000085,0.00028
0.002728,-0.000652,3688.464687,8.750481,0.001194,-0.033661,0.010521,0.000075,0.000283
0.002077,-0.000651,3689.464542,8.760951,0.001264,-0.033376,0.010422,0.000066,0.000286
0.001426,-0.00065,3690.464397,8.771321,0.001325,-0.033089,0.010322,0.000056,0.000289
0.000778,-0.000647,3691.464252,8.78159,0.001377,-0.032799,0.010219,0.000048,0.000292
0.000133,-0.000643,3692.464106,8.791754,0.001421,-0.032506,0.010114,0.00004,0.000295
-0.000508,-0.000639,3693.463961,8.801813,0.001457,-0.03221,0.010007,0.000033,0.000298
-0.001145,-0.000634,3694.463816,8.811763,0.001487,-0.03191,0.009897,0.000027,0.000302
-0.001777,-0.000629,3695.463671,8.821603,0.001512,-0.031606,0.009785,0.000023,0.000305
-0.002404,-0.000625,3696.463526,8.831331,0.001534,-0.031299,0.009672,0.000021,0.000309
-0.003026,-0.00062,3697.463381,8.840943,0.001554,-0.030988,0.009556,0.00002,0.000313
-0.003645,-0.000617,3698.463236,8.85044,0.001575,-0.030674,0.009439,0.000021,0.000316
-0.00426,-0.000613,3699.463091,8.859818,0.001597,-0.030356,0.00932,0.000023,0.00032
-0.004871,-0.000611,3700.462946,8.869076,0.001621,-0.030034,0.0092,0.000026,0.000324
-0.005481,-0.000609,3701.4628,8.878214,0.00165,-0.029708,0.009078,0.000031,0.000327
-0.006089,-0.000607,3702.462655,8.887229,0.001683,-0.029379,0.008955,0.000036,0.000331
-0.006695,-0.000605,3703.46251,8.896121,0.001722,-0.029047,0.008831,0.000041,0.000334
-0.007298,-0.000603,3704.462365,8.904888,0.001765,-0.028712,0.008706,0.000046,0.000337
-0.0079,-0.0006,3705.46222,8.913529,0.001814,-0.028374,0.00858,0.000051,0.000339
-0.008497,-0.000596,3706.462075,8.922045,0.001868,-0.028034,0.008454,0.000056,0.000342
-0.00909,-0.00059,3707.46193,8.930434,0.001925,-0.027691,0.008327,0.000059,0.000344
-0.009677,-0.000583,3708.461785,8.938696,0.001986,-0.027346,0.0082,0.000062,0.000346
-0.010256,-0.000574,3709.46164,8.946832,0.002048,-0.026999,0.008073,0.000063,0.000348
-0.010824,-0.000563,3710.461494,8.95484,0.002112,-0.026649,0.007946,0.000064,0.00035
-0.011381,-0.00055,3711.461349,8.962722,0.002174,-0.026298,0.00782,0.000062,0.000353
-0.011923,-0.000534,3712.461204,8.970477,0.002235,-0.025944,0.007694,0.000059,0.000355
-0.012449,-0.000517,3713.461059,8.978107,0.002291,-0.025588,0.007568,0.000054,0.000358
-0.012956,-0.000497,3714.460914,8.985612,0.002341,-0.025228,0.007444,0.000047,0.000361
-0.013442,-0.000476,3715.460769,8.992992,0.002384,-0.024866,0.00732,0.000039,0.000364
-0.013906,-0.000452,3716.460624,9.00025,0.002419,-0.0245,0.007197,0.00003,0.000368
-0.014345,-0.000426,3717.460479,9.007384,0.002444,-0.024129,0.007075,0.000021,0.000373
-0.014758,-0.000399,3718.460334,9.014398,0.00246,-0.023754,0.006954,0.000012,0.000377
-0.015143,-0.00037,3719.460188,9.021291,0.002469,-0.023374,0.006835,0.000005,0.000383
-0.015498,-0.00034,3720.460043,9.028066,0.002472,-0.022989,0.006717,0.000002,0.000389
-0.015823,-0.000309,3721.459898,9.034723,0.002474,-0.022597,0.0066,0.000002,0.000395
-0.016116,-0.000278,3722.459753,9.041265,0.002478,-0.022199,0.006485,0.000007,0.000401
-0.016379,-0.000247,3723.459608,9.047693,0.002491,-0.021795,0.006372,0.000017,0.000407
-0.016611,-0.000216,3724.459463,9.054009,0.002515,-0.021385,0.006261,0.000031,0.000413
-0.016812,-0.000186,3725.459318,9.060214,0.002555,-0.020969,0.006151,0.000048,0.000419
-0.016983,-0.000156,3726.459173,9.06631,0.002613,-0.020548,0.006043,0.000068,0.000424
-0.017124,-0.000126,3727.459028,9.072299,0.002692,-0.020121,0.005937,0.00009,0.000429
-0.017236,-0.000098,3728.458882,9.078184,0.002793,-0.019691,0.005834,0.000112,0.000433
-0.017319,-0.00007,3729.458737,9.083966,0.002917,-0.019256,0.005732,0.000135,0.000436
-0.017375,-0.000043,3730.458592,9.089647,0.003064,-0.018819,0.005632,0.000158,0.000439
-0.017405,-0.000016,3731.458447,9.09523,0.003232,-0.01838,0.005535,0.000179,0.000441
-0.017409,0.000009,3732.458302,9.100716,0.003421,-0.017938,0.005439,0.0002,0.000442
-0.017388,0.000033,3733.458157,9.106108,0.003631,-0.017495,0.005346,0.00022,0.000444
-0.017343,0.000056,3734.458012,9.111407,0.00386,-0.017052,0.005255,0.000239,0.000444
-0.017275,0.000079,3735.457867,9.116617,0.004108,-0.016607,0.005166,0.000256,0.000445
-0.017186,0.0001,3736.457722,9.121738,0.004372,-0.016161,0.005079,0.000273,0.000446
-0.017076,0.00012,3737.457576,9.126774,0.004653,-0.015714,0.004994,0.000288,0.000447
-0.016947,0.000139,3738.457431,9.131726,0.004948,-0.015267,0.004912,0.000302,0.000448
-0.0168,0.000156,3739.457286,9.136597,0.005256,-0.014818,0.004831,0.000314,0.00045
-0.016635,0.000173,3740.457141,9.141388,0.005574,-0.014367,0.004753,0.000323,0.000452
-0.016453,0.000189,3741.456996,9.146102,0.005901,-0.013914,0.004677,0.000331,0.000454
-0.016257,0.000204,3742.456851,9.150742,0.006234,-0.013459,0.004603,0.000335,0.000457
-0.016046,0.000218,3743.456706,9.155308,0.006571,-0.013001,0.004531,0.000337,0.00046
-0.015822,0.000231,3744.456561,9.159803,0.006908,-0.01254,0.004461,0.000337,0.000463
-0.015585,0.000243,3745.456416,9.16423,0.007244,-0.012075,0.004393,0.000335,0.000467
-0.015336,0.000254,3746.45627,9.168589,0.007576,-0.011607,0.004327,0.000331,0.000471
-0.015077,0.000265,3747.456125,9.172884,0.007904,-0.011134,0.004263,0.000325,0.000475
-0.014806,0.000275,3748.45598,9.177116,0.008227,-0.010657,0.004202,0.000319,0.000479
-0.014526,0.000285,3749.455835,9.181287,0.008542,-0.010175,0.004142,0.000312,0.000484
-0.014237,0.000293,3750.45569,9.185399,0.008851,-0.009689,0.004084,0.000306,0.000489
-0.01394,0.000302,3751.455545,9.189455,0.009153,-0.009198,0.004028,0.000299,0.000494
-0.013634,0.00031,3752.4554,9.193456,0.009449,-0.008702,0.003974,0.000293,0.000498
-0.013321,0.000317,3753.455255,9.197403,0.009738,-0.008201,0.003923,0.000287,0.000503
-0.013,0.000324,3754.45511,9.201301,0.010022,-0.007696,0.003873,0.000281,0.000508
-0.012673,0.00033,3755.454964,9.205149,0.0103,-0.007186,0.003825,0.000276,0.000512
-0.01234,0.000336,3756.454819,9.208951,0.010573,-0.006672,0.00378,0.00027,0.000516
-0.012002,0.000341,3757.454674,9.212708,0.010841,-0.006154,0.003736,0.000265,0.00052
-0.011659,0.000345,3758.454529,9.216423,0.011103,-0.005632,0.003695,0.00026,0.000524
-0.011313,0.000348,3759.454384,9.220098,0.01136,-0.005107,0.003656,0.000254,0.000527
-0.010963,0.00035,3760.454239,9.223734,0.011611,-0.004578,0.003619,0.000248,0.00053
-0.010613,0.000351,3761.454094,9.227335,0.011857,-0.004047,0.003584,0.000242,0.000533
-0.010261,0.000351,3762.453949,9.230902,0.012096,-0.003513,0.003551,0.000236,0.000536
-0.009912,0.000349,3763.453804,9.234438,0.012328,-0.002976,0.003521,0.000229,0.000538
-0.009565,0.000345,3764.453658,9.237943,0.012554,-0.002437,0.003492,0.000222,0.00054
-0.009222,0.00034,3765.453513,9.241422,0.012772,-0.001895,0.003466,0.000215,0.000542
-0.008886,0.000332,3766.453368,9.244874,0.012983,-0.001352,0.003441,0.000207,0.000544
-0.008558,0.000323,3767.453223,9.248303,0.013185,-0.000808,0.003418,0.000199,0.000546
-0.00824,0.000313,3768.453078,9.25171,0.01338,-0.000262,0.003397,0.00019,0.000547
-0.007934,0.000301,3769.452933,9.255097,0.013566,0.000286,0.003377,0.000182,0.000548
-0.007639,0.000288,3770.452788,9.258464,0.013743,0.000834,0.003358,0.000173,0.000549
-0.007357,0.000276,3771.452643,9.261813,0.013912,0.001383,0.003341,0.000164,0.000549
-0.007087,0.000264,3772.452498,9.265145,0.014071,0.001932,0.003324,0.000154,0.000549
-0.006828,0.000255,3773.452352,9.268461,0.01422,0.002481,0.003308,0.000145,0.000549
-0.006577,0.000248,3774.452207,9.27176,0.01436,0.00303,0.003292,0.000135,0.000549
-0.00633,0.000247,3775.452062,9.275043,0.01449,0.003579,0.003276,0.000125,0.000549
-0.006082,0.00025,3776.451917,9.27831,0.01461,0.004128,0.003259,0.000115,0.000548
-0.005828,0.000258,3777.451772,9.28156,0.01472,0.004675,0.003242,0.000105,0.000547
-0.005564,0.000269,3778.451627,9.284792,0.014819,0.005221,0.003224,0.000094,0.000546
-0.00529,0.00028,3779.451482,9.288006,0.014908,0.005766,0.003204,0.000084,0.000544
-0.005005,0.000291,3780.451337,9.291199,0.014986,0.006309,0.003184,0.000073,0.000542
-0.004709,0.000301,3781.451192,9.294371,0.015053,0.00685,0.003161,0.000062,0.00054
-0.004403,0.000309,3782.451047,9.29752,0.01511,0.007389,0.003137,0.000051,0.000537
-0.004091,0.000316,3783.450901,9.300644,0.015156,0.007925,0.003112,0.00004,0.000535
-0.003773,0.000319,3784.450756,9.303742,0.015191,0.008458,0.003084,0.00003,0.000532
-0.003453,0.000321,3785.450611,9.30681,0.015215,0.008987,0.003054,0.000019,0.000528
-0.003132,0.00032,3786.450466,9.309848,0.015229,0.009514,0.003023,0.000008,0.000524
-0.002814,0.000317,3787.450321,9.312854,0.015231,0.010036,0.002989,-0.000003,0.00052
-0.002499,0.000312,3788.450176,9.315825,0.015224,0.010554,0.002954,-0.000013,0.000516
-0.00219,0.000305,3789.450031,9.31876,0.015205,0.011068,0.002917,-0.000024,0.000511
-0.001889,0.000298,3790.449886,9.321656,0.015177,0.011576,0.002878,-0.000034,0.000506
-0.001595,0.000289,3791.449741,9.324513,0.015138,0.01208,0.002837,-0.000044,0.000501
-0.001311,0.00028,3792.449595,9.327329,0.015089,0.012578,0.002795,-0.000054,0.000496
-0.001036,0.00027,3793.44945,9.330101,0.01503,0.013071,0.002751,-0.000064,0.00049
-0.000772,0.00026,3794.449305,9.33283,0.014961,0.013558,0.002706,-0.000073,0.000484
-0.000517,0.00025,3795.44916,9.335513,0.014883,0.014038,0.00266,-0.000083,0.000477
-0.000272,0.00024,3796.449015,9.338149,0.014795,0.014512,0.002613,-0.000092,0.000471
-0.000037,0.00023,3797.44887,9.340737,0.014699,0.01498,0.002565,-0.000101,0.000464
0.000189,0.000221,3798.448725,9.343277,0.014593,0.01544,0.002516,-0.00011,0.000457
0.000406,0.000213,3799.44858,9.345767,0.014478,0.015894,0.002465,-0.000119,0.00045
0.000614,0.000204,3800.448435,9.348207,0.014356,0.01634,0.002415,-0.000127,0.000442
0.000815,0.000197,3801.448289,9.350596,0.014224,0.016778,0.002363,-0.000135,0.000435
0.001008,0.000189,3802.448144,9.352932,0.014085,0.017209,0.002311,-0.000143,0.000427
0.001194,0.000183,3803.447999,9.355217,0.013939,0.017632,0.002259,-0.00015,0.000419
0.001373,0.000176,3804.447854,9.357449,0.013785,0.018047,0.002205,-0.000157,0.000411
0.001546,0.00017,3805.447709,9.359627,0.013625,0.018454,0.002152,-0.000164,0.000403
0.001714,0.000165,3806.447564,9.361751,0.013458,0.018853,0.002098,-0.00017,0.000395
0.001876,0.000159,3807.447419,9.363822,0.013286,0.019244,0.002043,-0.000175,0.000386
0.002033,0.000154,3808.447274,9.365837,0.013109,0.019625,0.001989,-0.00018,0.000377
0.002185,0.000149,3809.447129,9.367798,0.012926,0.019998,0.001933,-0.000185,0.000368
0.002332,0.000145,3810.446983,9.369703,0.012739,0.020362,0.001878,-0.000189,0.000359
0.002474,0.00014,3811.446838,9.371553,0.012548,0.020717,0.001822,-0.000193,0.00035
0.002612,0.000136,3812.446693,9.373347,0.012354,0.021062,0.001766,-0.000196,0.000341
0.002746,0.000131,3813.446548,9.375085,0.012156,0.021398,0.00171,-0.0002,0.000331
0.002875,0.000127,3814.446403,9.376767,0.011955,0.021725,0.001654,-0.000203,0.000322
0.003,0.000123,3815.446258,9.378392,0.011751,0.022042,0.001597,-0.000205,0.000313
0.00312,0.000118,3816.446113,9.37996,0.011544,0.02235,0.00154,-0.000207,0.000303
0.003236,0.000114,3817.445968,9.381471,0.011336,0.022648,0.001483,-0.000209,0.000294
0.003348,0.00011,3818.445823,9.382926,0.011126,0.022937,0.001426,-0.00021,0.000284
0.003455,0.000105,3819.445677,9.384323,0.010916,0.023216,0.001369,-0.000211,0.000275
0.003558,0.000101,3820.445532,9.385662,0.010704,0.023486,0.001311,-0.000212,0.000265
0.003657,0.000097,3821.445387,9.386944,0.010492,0.023746,0.001254,-0.000212,0.000256
0.003751,0.000092,3822.445242,9.388169,0.010281,0.023997,0.001196,-0.000211,0.000246
0.003841,0.000088,3823.445097,9.389336,0.01007,0.024239,0.001138,-0.000211,0.000237
0.003927,0.000084,3824.444952,9.390445,0.00986,0.024471,0.001081,-0.00021,0.000227
0.004009,0.00008,3825.444807,9.391497,0.009651,0.024694,0.001023,-0.000209,0.000218
0.004086,0.000075,3826.444662,9.392491,0.009443,0.024907,0.000965,-0.000207,0.000209
0.004159,0.000071,3827.444517,9.393426,0.009237,0.025111,0.000907,-0.000205,0.0002
0.004229,0.000067,3828.444371,9.394305,0.009032,0.025306,0.000849,-0.000204,0.000191
0.004294,0.000063,3829.444226,9.395125,0.00883,0.025492,0.000792,-0.000201,0.000182
0.004355,0.000059,3830.444081,9.395888,0.00863,0.025669,0.000734,-0.000199,0.000173
0.004413,0.000056,3831.443936,9.396593,0.008432,0.025837,0.000676,-0.000196,0.000164
0.004467,0.000052,3832.443791,9.39724,0.008238,0.025997,0.000619,-0.000193,0.000155
0.004517,0.000048,3833.443646,9.39783,0.008047,0.026148,0.000561,-0.000189,0.000147
0.004563,0.000045,3834.443501,9.398362,0.00786,0.02629,0.000504,-0.000185,0.000138
0.004607,0.000042,3835.443356,9.398838,0.007677,0.026424,0.000447,-0.000181,0.00013
0.004647,0.000038,3836.443211,9.399255,0.007499,0.026549,0.000389,-0.000176,0.000121
0.004683,0.000035,3837.443065,9.399616,0.007325,0.026666,0.000332,-0.000172,0.000113
0.004717,0.000032,3838.44292,9.39992,0.007156,0.026774,0.000275,-0.000167,0.000105
0.004748,0.000029,3839.442775,9.400167,0.006991,0.026875,0.000219,-0.000162,0.000096
0.004776,0.000027,3840.44263,9.400357,0.006832,0.026967,0.000162,-0.000157,0.000088
0.004802,0.000024,3841.442485,9.400491,0.006677,0.027052,0.000106,-0.000153,0.000081
0.004824,0.000022,3842.44234,9.400569,0.006527,0.027128,0.00005,-0.000148,0.000073
0.004845,0.000019,3843.442195,9.400591,0.006381,0.027198,-0.000006,-0.000143,0.000065
0.004863,0.000017,3844.44205,9.400556,0.00624,0.027259,-0.000062,-0.000139,0.000058
0.004879,0.000015,3845.441905,9.400466,0.006103,0.027314,-0.000118,-0.000134,0.000051
0.004892,0.000013,3846.441759,9.400321,0.005971,0.027362,-0.000173,-0.00013,0.000045
0.004904,0.000011,3847.441614,9.40012,0.005844,0.027403,-0.000228,-0.000125,0.000038
0.004914,0.000009,3848.441469,9.399864,0.005721,0.027438,-0.000283,-0.00012,0.000032
0.004921,0.000007,3849.441324,9.399554,0.005604,0.027467,-0.000338,-0.000115,0.000026
0.004927,0.000005,3850.441179,9.399189,0.005491,0.02749,-0.000392,-0.00011,0.00002
0.004932,0.000004,3851.441034,9.39877,0.005383,0.027507,-0.000446,-0.000105,0.000014
0.004934,0.000002,3852.440889,9.398297,0.005281,0.027518,-0.0005,-0.0001,0.000009
0.004936,0.000001,3853.440744,9.39777,0.005183,0.027524,-0.000554,-0.000095,0.000003
0.004936,-0.000001,3854.440599,9.39719,0.005091,0.027524,-0.000607,-0.00009,-0.000002
0.004934,-0.000002,3855.440453,9.396557,0.005003,0.027519,-0.00066,-0.000086,-0.000007
0.004932,-0.000003,3856.440308,9.395871,0.004919,0.02751,-0.000712,-0.000081,-0.000012
0.004928,-0.000004,3857.440163,9.395132,0.00484,0.027495,-0.000765,-0.000077,-0.000017
0.004923,-0.000005,3858.440018,9.394342,0.004766,0.027476,-0.000817,-0.000072,-0.000021
0.004917,-0.000006,3859.439873,9.393499,0.004696,0.027453,-0.000868,-0.000068,-0.000026
0.004911,-0.000007,3860.439728,9.392606,0.004629,0.027425,-0.00092,-0.000064,-0.00003
0.004904,-0.000008,3861.439583,9.391661,0.004568,0.027393,-0.000971,-0.00006,-0.000034
0.004896,-0.000008,3862.439438,9.390665,0.004511,0.027357,-0.001021,-0.000055,-0.000038
0.004887,-0.000009,3863.439293,9.389619,0.004458,0.027318,-0.001071,-0.00005,-0.000041
0.004878,-0.000009,3864.439147,9.388523,0.00441,0.027275,-0.001121,-0.000046,-0.000045
0.004869,-0.00001,3865.439002,9.387377,0.004366,0.027228,-0.001171,-0.000041,-0.000049
0.004859,-0.00001,3866.438857,9.386182,0.004327,0.027177,-0.00122,-0.000037,-0.000052
0.004849,-0.00001,3867.438712,9.384938,0.004292,0.027123,-0.001268,-0.000033,-0.000056
0.004839,-0.00001,3868.438567,9.383646,0.00426,0.027066,-0.001317,-0.00003,-0.000059
0.004829,-0.00001,3869.438422,9.382306,0.004231,0.027005,-0.001364,-0.000027,-0.000062
0.004818,-0.00001,3870.438277,9.380918,0.004206,0.026941,-0.001412,-0.000024,-0.000065
0.004808,-0.00001,3871.438132,9.379482,0.004182,0.026875,-0.001459,-0.000022,-0.000068
0.004798,-0.00001,3872.437987,9.378,0.004161,0.026806,-0.001505,-0.00002,-0.000071
0.004788,-0.00001,3873.437841,9.376472,0.004142,0.026734,-0.001552,-0.000019,-0.000073
0.004778,-0.00001,3874.437696,9.374898,0.004124,0.02666,-0.001597,-0.000017,-0.000075
0.004769,-0.000009,3875.437551,9.373278,0.004107,0.026584,-0.001643,-0.000016,-0.000077
0.00476,-0.000009,3876.437406,9.371614,0.004091,0.026506,-0.001687,-0.000015,-0.000079
0.004751,-0.000008,3877.437261,9.369904,0.004077,0.026426,-0.001732,-0.000014,-0.000081
0.004743,-0.000008,3878.437116,9.368151,0.004063,0.026345,-0.001776,-0.000013,-0.000082
0.004735,-0.000007,3879.436971,9.366354,0.00405,0.026262,-0.001819,-0.000012,-0.000083
0.004728,-0.000007,3880.436826,9.364514,0.004038,0.026178,-0.001862,-0.000011,-0.000084
0.004722,-0.000006,3881.436681,9.362631,0.004028,0.026094,-0.001904,-0.00001,-0.000085
0.004716,-0.000005,3882.436535,9.360706,0.004018,0.026008,-0.001946,-0.000009,-0.000086
0.004712,-0.000004,3883.43639,9.35874,0.00401,0.025922,-0.001987,-0.000008,-0.000087
0.004708,-0.000003,3884.436245,9.356732,0.004003,0.025835,-0.002028,-0.000006,-0.000087
0.004706,-0.000002,3885.4361,9.354684,0.003997,0.025747,-0.002069,-0.000005,-0.000088
0.004705,0,3886.435955,9.352596,0.003992,0.025659,-0.002109,-0.000004,-0.000089
0.004705,0.000001,3887.43581,9.350468,0.003988,0.02557,-0.002148,-0.000004,-0.000089
0.004707,0.000003,3888.435665,9.348301,0.003985,0.025481,-0.002187,-0.000003,-0.000089
0.004711,0.000004,3889.43552,9.346095,0.003981,0.025391,-0.002225,-0.000004,-0.00009
0.004716,0.000006,3890.435375,9.343852,0.003978,0.025301,-0.002263,-0.000004,-0.00009
0.004723,0.000008,3891.435229,9.341571,0.003973,0.025211,-0.0023,-0.000005,-0.00009
0.004732,0.00001,3892.435084,9.339254,0.003968,0.025121,-0.002336,-0.000006,-0.00009
0.004744,0.000012,3893.434939,9.3369,0.003962,0.025031,-0.002372,-0.000007,-0.00009
0.004757,0.000014,3894.434794,9.334511,0.003955,0.024941,-0.002407,-0.000008,-0.00009
0.004772,0.000017,3895.434649,9.332086,0.003946,0.024851,-0.002442,-0.000009,-0.00009
0.00479,0.000019,3896.434504,9.329627,0.003937,0.024762,-0.002476,-0.00001,-0.000089
0.00481,0.000021,3897.434359,9.327135,0.003927,0.024673,-0.00251,-0.000011,-0.000089
0.004832,0.000023,3898.434214,9.324609,0.003915,0.024584,-0.002542,-0.000012,-0.000088
0.004856,0.000025,3899.434069,9.322051,0.003903,0.024496,-0.002575,-0.000012,-0.000088
0.004882,0.000027,3900.433923,9.319461,0.003891,0.024409,-0.002606,-0.000013,-0.000087
0.004909,0.000028,3901.433778,9.31684,0.003878,0.024322,-0.002637,-0.000013,-0.000087
0.004939,0.00003,3902.433633,9.314189,0.003864,0.024235,-0.002667,-0.000013,-0.000086
0.004969,0.000031,3903.433488,9.311507,0.003851,0.024149,-0.002696,-0.000013,-0.000086
0.005,0.000032,3904.433343,9.308797,0.003838,0.024063,-0.002725,-0.000013,-0.000085
0.005032,0.000032,3905.433198,9.306058,0.003825,0.023978,-0.002753,-0.000013,-0.000085
0.005064,0.000032,3906.433053,9.303292,0.003811,0.023894,-0.002781,-0.000013,-0.000084
0.005096,0.000032,3907.432908,9.300498,0.003798,0.02381,-0.002807,-0.000014,-0.000084
0.005127,0.000031,3908.432763,9.297678,0.003784,0.023727,-0.002834,-0.000014,-0.000083
0.005158,0.00003,3909.432617,9.294832,0.003769,0.023644,-0.002859,-0.000015,-0.000082
0.005188,0.000029,3910.432472,9.291961,0.003753,0.023562,-0.002884,-0.000017,-0.000082
0.005217,0.000028,3911.432327,9.289065,0.003735,0.023481,-0.002909,-0.000019,-0.000081
0.005244,0.000027,3912.432182,9.286145,0.003714,0.0234,-0.002933,-0.000022,-0.00008
0.00527,0.000025,3913.432037,9.283201,0.003691,0.02332,-0.002956,-0.000025,-0.00008
0.005294,0.000024,3914.431892,9.280234,0.003664,0.02324,-0.002979,-0.000029,-0.000079
0.005318,0.000022,3915.431747,9.277243,0.003633,0.023161,-0.003002,-0.000033,-0.000079
0.005339,0.000021,3916.431602,9.27423,0.003598,0.023083,-0.003025,-0.000038,-0.000078
0.00536,0.00002,3917.431457,9.271194,0.003557,0.023005,-0.003048,-0.000044,-0.000078
0.00538,0.00002,3918.431311,9.268136,0.00351,0.022928,-0.00307,-0.00005,-0.000077
0.0054,0.00002,3919.431166,9.265055,0.003456,0.022851,-0.003092,-0.000058,-0.000077
0.005421,0.000021,3920.431021,9.261952,0.003394,0.022774,-0.003115,-0.000066,-0.000076
0.005442,0.000022,3921.430876,9.258827,0.003323,0.022698,-0.003137,-0.000076,-0.000076
0.005465,0.000024,3922.430731,9.255679,0.003242,0.022623,-0.00316,-0.000086,-0.000075
0.00549,0.000026,3923.430586,9.252509,0.00315,0.022548,-0.003182,-0.000098,-0.000075
0.005518,0.000029,3924.430441,9.249315,0.003046,0.022474,-0.003205,-0.00011,-0.000074
0.005549,0.000033,3925.430296,9.246099,0.002929,0.022401,-0.003229,-0.000124,-0.000073
0.005585,0.000038,3926.430151,9.242859,0.002799,0.022328,-0.003252,-0.000138,-0.000072
0.005625,0.000043,3927.430005,9.239595,0.002654,0.022258,-0.003276,-0.000152,-0.00007
0.005671,0.000049,3928.42986,9.236307,0.002495,0.022188,-0.0033,-0.000166,-0.000069
0.005724,0.000056,3929.429715,9.232995,0.002323,0.02212,-0.003325,-0.000179,-0.000067
0.005784,0.000063,3930.42957,9.229658,0.002138,0.022054,-0.00335,-0.000192,-0.000065
0.005851,0.000071,3931.429425,9.226296,0.00194,0.021989,-0.003375,-0.000204,-0.000064
0.005925,0.000078,3932.42928,9.222908,0.001731,0.021926,-0.003401,-0.000215,-0.000062
0.006008,0.000086,3933.429135,9.219495,0.00151,0.021864,-0.003426,-0.000226,-0.000061
0.006098,0.000094,3934.42899,9.216056,0.001279,0.021803,-0.003452,-0.000237,-0.00006
0.006195,0.000101,3935.428845,9.212591,0.001037,0.021743,-0.003478,-0.000247,-0.00006
0.0063,0.000108,3936.428699,9.2091,0.000785,0.021683,-0.003505,-0.000258,-0.00006
0.006411,0.000114,3937.428554,9.205583,0.000521,0.021624,-0.003531,-0.000268,-0.00006
0.006527,0.000119,3938.428409,9.20204,0.000248,0.021564,-0.003557,-0.000278,-0.00006
0.006647,0.000122,3939.428264,9.198471,-0.000034,0.021504,-0.003582,-0.000287,-0.00006
0.006772,0.000126,3940.428119,9.194876,-0.000325,0.021445,-0.003608,-0.000294,-0.00006
0.006899,0.000128,3941.427974,9.191256,-0.000621,0.021384,-0.003634,-0.000299,-0.00006
0.007028,0.000131,3942.427829,9.18761,-0.000921,0.021324,-0.003659,-0.000301,-0.000061
0.00716,0.000133,3943.427684,9.18394,-0.001222,0.021263,-0.003684,-0.000301,-0.000061
0.007294,0.000135,3944.427539,9.180244,-0.00152,0.021202,-0.003708,-0.000297,-0.000061
0.007431,0.000138,3945.427393,9.176524,-0.001814,0.021141,-0.003733,-0.00029,-0.000061
0.00757,0.000141,3946.427248,9.17278,-0.002099,0.021079,-0.003756,-0.00028,-0.000062
0.007713,0.000143,3947.427103,9.169012,-0.002373,0.021018,-0.00378,-0.000268,-0.000062
0.007857,0.000145,3948.426958,9.165222,-0.002634,0.020956,-0.003803,-0.000255,-0.000062
0.008003,0.000146,3949.426813,9.161409,-0.002882,0.020895,-0.003825,-0.00024,-0.000061
0.008149,0.000147,3950.426668,9.157574,-0.003115,0.020834,-0.003847,-0.000226,-0.000061
0.008297,0.000147,3951.426523,9.153717,-0.003333,0.020774,-0.003868,-0.000212,-0.00006
0.008444,0.000147,3952.426378,9.149839,-0.003539,0.020715,-0.003889,-0.000199,-0.000058
0.00859,0.000147,3953.426233,9.14594,-0.003732,0.020658,-0.00391,-0.000188,-0.000056
0.008737,0.000146,3954.426087,9.142021,-0.003916,0.020603,-0.00393,-0.000179,-0.000054
0.008882,0.000145,3955.425942,9.138082,-0.004091,0.02055,-0.003949,-0.000171,-0.000051
0.009027,0.000144,3956.425797,9.134124,-0.004259,0.020501,-0.003968,-0.000165,-0.000048
0.009169,0.000142,3957.425652,9.130147,-0.004422,0.020455,-0.003987,-0.000161,-0.000044
0.00931,0.000139,3958.425507,9.126152,-0.00458,0.020413,-0.004005,-0.000156,-0.00004
0.009447,0.000135,3959.425362,9.122139,-0.004734,0.020376,-0.004023,-0.000151,-0.000035
0.00958,0.00013,3960.425217,9.118108,-0.004882,0.020344,-0.00404,-0.000145,-0.00003
0.009707,0.000125,3961.425072,9.114059,-0.005022,0.020316,-0.004057,-0.000136,-0.000025
0.009829,0.000118,3962.424927,9.109994,-0.005152,0.020294,-0.004074,-0.000123,-0.00002
0.009943,0.000111,3963.424781,9.105912,-0.005268,0.020277,-0.004091,-0.000108,-0.000014
0.01005,0.000102,3964.424636,9.101814,-0.005365,0.020266,-0.004107,-0.000088,-0.000009
0.010148,0.000094,3965.424491,9.0977,-0.005442,0.020259,-0.004123,-0.000065,-0.000004
0.010237,0.000085,3966.424346,9.09357,-0.005495,0.020256,-0.004138,-0.00004,0
0.010317,0.000075,3967.424201,9.089425,-0.005522,0.020258,-0.004154,-0.000014,0.000004
0.010388,0.000066,3968.424056,9.085264,-0.005523,0.020264,-0.004169,0.000012,0.000008
0.010449,0.000056,3969.423911,9.081088,-0.005498,0.020274,-0.004184,0.000037,0.000011
0.010501,0.000047,3970.423766,9.076897,-0.005449,0.020287,-0.004199,0.00006,0.000014
0.010543,0.000038,3971.423621,9.072691,-0.005379,0.020302,-0.004214,0.00008,0.000017
0.010577,0.000029,3972.423475,9.06847,-0.005291,0.020321,-0.004229,0.000096,0.00002
0.010602,0.000021,3973.42333,9.064234,-0.005189,0.020342,-0.004244,0.000108,0.000023
0.010619,0.000013,3974.423185,9.059983,-0.005077,0.020366,-0.004259,0.000116,0.000025
0.010628,0.000005,3975.42304,9.055718,-0.004958,0.020392,-0.004273,0.000121,0.000027
0.010629,-0.000003,3976.422895,9.051438,-0.004836,0.02042,-0.004288,0.000124,0.00003
0.010622,-0.000011,3977.42275,9.047143,-0.004712,0.020451,-0.004303,0.000124,0.000032
0.010607,-0.000019,3978.422605,9.042833,-0.004589,0.020484,-0.004318,0.000122,0.000034
0.010584,-0.000027,3979.42246,9.038509,-0.004468,0.020518,-0.004333,0.00012,0.000036
0.010553,-0.000035,3980.422315,9.034169,-0.00435,0.020555,-0.004348,0.000117,0.000037
0.010514,-0.000043,3981.422169,9.029814,-0.004234,0.020593,-0.004363,0.000114,0.000039
0.010466,-0.000052,3982.422024,9.025444,-0.004122,0.020633,-0.004378,0.000111,0.000041
0.01041,-0.00006,3983.421879,9.021059,-0.004012,0.020674,-0.004394,0.000109,0.000042
0.010345,-0.000069,3984.421734,9.016658,-0.003905,0.020717,-0.004409,0.000107,0.000044
0.010272,-0.000078,3985.421589,9.012242,-0.003799,0.020761,-0.004425,0.000105,0.000045
0.010189,-0.000087,3986.421444,9.007809,-0.003695,0.020807,-0.004441,0.000104,0.000047
0.010097,-0.000097,3987.421299,9.003361,-0.003591,0.020854,-0.004457,0.000104,0.000048
0.009995,-0.000107,3988.421154,8.998896,-0.003487,0.020903,-0.004473,0.000104,0.00005
0.009883,-0.000117,3989.421009,8.994415,-0.003384,0.020954,-0.00449,0.000104,0.000051
0.009762,-0.000127,3990.420863,8.989918,-0.003279,0.021006,-0.004507,0.000105,0.000053
0.00963,-0.000137,3991.420718,8.985403,-0.003174,0.02106,-0.004524,0.000105,0.000055
0.009488,-0.000148,3992.420573,8.980872,-0.003068,0.021115,-0.004541,0.000106,0.000056
0.009335,-0.000158,3993.420428,8.976323,-0.002961,0.021172,-0.004558,0.000108,0.000058
0.009171,-0.000169,3994.420283,8.971757,-0.002853,0.02123,-0.004576,0.000108,0.000059
0.008997,-0.000179,3995.420138,8.967173,-0.002745,0.02129,-0.004594,0.000109,0.000061
0.008814,-0.000188,3996.419993,8.962571,-0.002635,0.021351,-0.004612,0.00011,0.000062
0.008622,-0.000197,3997.419848,8.957951,-0.002524,0.021414,-0.00463,0.000111,0.000063
0.008421,-0.000205,3998.419703,8.953312,-0.002413,0.021477,-0.004649,0.000111,0.000064
0.008212,-0.000213,3999.419557,8.948654,-0.002302,0.021541,-0.004668,0.000112,0.000065
0.007995,-0.000221,4000.419412,8.943977,-0.00219,0.021607,-0.004688,0.000112,0.000066
0.007771,-0.000228,4001.419267,8.93928,-0.002077,0.021673,-0.004707,0.000113,0.000066
0.00754,-0.000235,4002.419122,8.934563,-0.001964,0.021739,-0.004728,0.000114,0.000067
0.007301,-0.000242,4003.418977,8.929826,-0.00185,0.021806,-0.004748,0.000114,0.000067
0.007055,-0.000249,4004.418832,8.925067,-0.001735,0.021874,-0.004769,0.000116,0.000067
0.006803,-0.000256,4005.418687,8.920288,-0.001619,0.021941,-0.004791,0.000117,0.000067
0.006544,-0.000262,4006.418542,8.915487,-0.001501,0.022008,-0.004813,0.000119,0.000067
0.006279,-0.000268,4007.418397,8.910663,-0.001382,0.022076,-0.004835,0.00012,0.000067
0.006008,-0.000274,4008.418252,8.905817,-0.001261,0.022143,-0.004858,0.000122,0.000067
0.005731,-0.000279,4009.418106,8.900948,-0.001138,0.02221,-0.004882,0.000124,0.000067
0.00545,-0.000285,4010.417961,8.896055,-0.001013,0.022276,-0.004906,0.000125,0.000066
0.005163,-0.000289,4011.417816,8.891137,-0.000888,0.022343,-0.00493,0.000127,0.000066
0.004871,-0.000294,4012.417671,8.886195,-0.00076,0.022409,-0.004955,0.000128,0.000066
0.004575,-0.000298,4013.417526,8.881228,-0.000632,0.022474,-0.004981,0.000129,0.000066
0.004275,-0.000302,4014.417381,8.876235,-0.000502,0.02254,-0.005007,0.00013,0.000065
0.003971,-0.000305,4015.417236,8.871215,-0.000371,0.022605,-0.005034,0.000131,0.000065
0.003664,-0.000308,4016.417091,8.866169,-0.000239,0.022671,-0.005061,0.000133,0.000065
0.003355,-0.000311,4017.416946,8.861095,-0.000106,0.022736,-0.005089,0.000134,0.000065
0.003043,-0.000313,4018.4168,8.855992,0.000029,0.022801,-0.005117,0.000136,0.000065
0.002729,-0.000315,4019.416655,8.850862,0.000166,0.022865,-0.005146,0.000138,0.000065
0.002413,-0.000316,4020.41651,8.845701,0.000304,0.02293,-0.005176,0.00014,0.000065
0.002096,-0.000317,4021.416365,8.840511,0.000445,0.022995,-0.005206,0.000142,0.000065
0.001779,-0.000318,4022.41622,8.835291,0.000587,0.023059,-0.005236,0.000144,0.000064
0.001462,-0.000318,4023.416075,8.83004,0.000732,0.023123,-0.005268,0.000146,0.000064
0.001144,-0.000317,4024.41593,8.824757,0.000878,0.023187,-0.005299,0.000147,0.000063
0.000827,-0.000316,4025.415785,8.819443,0.001026,0.02325,-0.005331,0.000149,0.000063
0.000512,-0.000315,4026.41564,8.814096,0.001176,0.023312,-0.005364,0.000151,0.000062
0.000199,-0.000312,4027.415494,8.808716,0.001327,0.023374,-0.005397,0.000152,0.000061
-0.000113,-0.00031,4028.415349,8.803303,0.00148,0.023434,-0.005431,0.000153,0.00006
-0.000421,-0.000307,4029.415204,8.797856,0.001634,0.023493,-0.005464,0.000154,0.000058
-0.000726,-0.000303,4030.415059,8.792375,0.001788,0.023551,-0.005499,0.000155,0.000057
-0.001026,-0.000299,4031.414914,8.78686,0.001944,0.023607,-0.005533,0.000156,0.000055
-0.001322,-0.000294,4032.414769,8.781311,0.002101,0.023661,-0.005568,0.000157,0.000053
-0.001613,-0.000288,4033.414624,8.775726,0.002259,0.023713,-0.005603,0.000159,0.000051
-0.001898,-0.000282,4034.414479,8.770107,0.002418,0.023762,-0.005638,0.000159,0.000048
-0.002178,-0.000276,4035.414334,8.764452,0.002578,0.02381,-0.005673,0.00016,0.000046
-0.00245,-0.000269,4036.414188,8.758762,0.002739,0.023854,-0.005708,0.000161,0.000043
-0.002716,-0.000263,4037.414043,8.753037,0.0029,0.023895,-0.005744,0.000162,0.00004
-0.002975,-0.000255,4038.413898,8.747277,0.003062,0.023933,-0.005779,0.000162,0.000036
-0.003227,-0.000248,4039.413753,8.74148,0.003224,0.023968,-0.005815,0.000162,0.000033
-0.003472,-0.000241,4040.413608,8.735649,0.003387,0.023999,-0.00585,0.000163,0.000029
-0.003709,-0.000234,4041.413463,8.729782,0.00355,0.024027,-0.005885,0.000164,0.000026
-0.00394,-0.000227,4042.413318,8.72388,0.003715,0.024051,-0.005921,0.000166,0.000022
-0.004163,-0.00022,4043.413173,8.717942,0.003882,0.024071,-0.005956,0.000168,0.000019
-0.00438,-0.000213,4044.413028,8.711969,0.004052,0.024088,-0.005991,0.000172,0.000016
-0.004589,-0.000206,4045.412882,8.705961,0.004226,0.024102,-0.006027,0.000176,0.000012
-0.004792,-0.000199,4046.412737,8.699918,0.004404,0.024113,-0.006062,0.000181,0.00001
-0.004988,-0.000192,4047.412592,8.69384,0.004587,0.024122,-0.006097,0.000186,0.000007
-0.005176,-0.000185,4048.412447,8.687726,0.004775,0.024128,-0.006132,0.000191,0.000005
-0.005357,-0.000177,4049.412302,8.681578,0.004969,0.024132,-0.006167,0.000196,0.000003
-0.00553,-0.000169,4050.412157,8.675394,0.005167,0.024135,-0.006202,0.0002,0.000002
-0.005694,-0.000159,4051.412012,8.669175,0.005368,0.024136,-0.006237,0.000203,0.000001
-0.005849,-0.000149,4052.411867,8.662921,0.005571,0.024137,-0.006273,0.000203,0.000001
-0.005992,-0.000138,4053.411722,8.656631,0.005773,0.024138,-0.006308,0.0002,0.000001
-0.006125,-0.000126,4054.411576,8.650306,0.005969,0.024139,-0.006344,0.000194,0.000002
-0.006244,-0.000113,4055.411431,8.643945,0.006157,0.024143,-0.00638,0.000182,0.000004
-0.006351,-0.000099,4056.411286,8.637548,0.006332,0.024148,-0.006416,0.000166,0.000007
-0.006443,-0.000085,4057.411141,8.631115,0.006487,0.024157,-0.006452,0.000144,0.000011
-0.006521,-0.000071,4058.410996,8.624645,0.006616,0.02417,-0.006489,0.000116,0.000015
-0.006584,-0.000056,4059.410851,8.618139,0.006715,0.024188,-0.006525,0.000082,0.000021
-0.006633,-0.000042,4060.410706,8.611596,0.006777,0.024211,-0.006562,0.000043,0.000027
-0.006669,-0.00003,4061.410561,8.605017,0.006799,0.024241,-0.006599,0,0.000033
-0.006693,-0.000018,4062.410416,8.598401,0.006776,0.024277,-0.006635,-0.000044,0.000039
-0.006705,-0.000008,4063.41027,8.591748,0.00671,0.02432,-0.006672,-0.000089,0.000046
-0.006709,0.000001,4064.410125,8.585059,0.006599,0.024369,-0.006709,-0.000132,0.000053
-0.006705,0.000008,4065.40998,8.578333,0.006447,0.024425,-0.006745,-0.000171,0.000059
-0.006694,0.000013,4066.409835,8.571571,0.006259,0.024487,-0.006781,-0.000205,0.000065
-0.006678,0.000018,4067.40969,8.564774,0.00604,0.024555,-0.006816,-0.000233,0.00007
-0.006658,0.000022,4068.409545,8.557941,0.005796,0.024627,-0.006851,-0.000254,0.000075
-0.006634,0.000027,4069.4094,8.551074,0.005536,0.024705,-0.006885,-0.000268,0.00008
-0.006605,0.000032,4070.409255,8.544173,0.005264,0.024786,-0.006919,-0.000276,0.000083
-0.00657,0.000038,4071.40911,8.537239,0.004987,0.024871,-0.006951,-0.000279,0.000086
-0.006528,0.000046,4072.408964,8.530273,0.004708,0.024957,-0.006983,-0.000279,0.000088
-0.006476,0.000057,4073.408819,8.523276,0.00443,0.025046,-0.007013,-0.000278,0.000089
-0.006413,0.00007,4074.408674,8.51625,0.004152,0.025135,-0.007042,-0.000277,0.00009
-0.006336,0.000085,4075.408529,8.509195,0.003875,0.025224,-0.007069,-0.000278,0.000089
-0.006243,0.000102,4076.408384,8.502114,0.003594,0.025314,-0.007095,-0.000283,0.000089
-0.006132,0.000121,4077.408239,8.495007,0.003307,0.025402,-0.00712,-0.000291,0.000088
-0.006001,0.000141,4078.408094,8.487877,0.003011,0.025488,-0.007142,-0.000302,0.000086
-0.00585,0.000161,4079.407949,8.480726,0.002701,0.025573,-0.007162,-0.000317,0.000084
-0.00568,0.00018,4080.407804,8.473556,0.002375,0.025656,-0.00718,-0.000335,0.000081
-0.005491,0.000197,4081.407658,8.46637,0.00203,0.025736,-0.007195,-0.000354,0.000079
-0.005286,0.000212,4082.407513,8.459169,0.001666,0.025813,-0.007208,-0.000373,0.000076
-0.005068,0.000224,4083.407368,8.451957,0.001284,0.025887,-0.007218,-0.000391,0.000072
-0.004839,0.000233,4084.407223,8.444737,0.000886,0.025958,-0.007225,-0.000405,0.000069
-0.004603,0.000238,4085.407078,8.43751,0.000477,0.026025,-0.00723,-0.000415,0.000066
-0.004364,0.00024,4086.406933,8.430281,0.00006,0.026089,-0.007231,-0.000419,0.000062
-0.004123,0.00024,4087.406788,8.423052,-0.000358,0.026149,-0.007229,-0.000418,0.000058
-0.003884,0.000238,4088.406643,8.415826,-0.000772,0.026205,-0.007225,-0.00041,0.000054
-0.003647,0.000235,4089.406498,8.408606,-0.001176,0.026257,-0.007217,-0.000398,0.00005
-0.003413,0.000232,4090.406352,8.401396,-0.001566,0.026306,-0.007206,-0.000381,0.000047
-0.003183,0.000228,4091.406207,8.394198,-0.001937,0.026351,-0.007192,-0.000361,0.000043
-0.002956,0.000225,4092.406062,8.387016,-0.002287,0.026392,-0.007174,-0.000339,0.000039
-0.002733,0.000222,4093.405917,8.379853,-0.002615,0.02643,-0.007154,-0.000317,0.000036
-0.002512,0.000219,4094.405772,8.372713,-0.002921,0.026465,-0.00713,-0.000296,0.000033
-0.002295,0.000216,4095.405627,8.365598,-0.003207,0.026497,-0.007102,-0.000277,0.000031
-0.002081,0.000212,4096.405482,8.358511,-0.003476,0.026526,-0.007072,-0.00026,0.000029
-0.00187,0.000208,4097.405337,8.351457,-0.003729,0.026555,-0.007039,-0.000247,0.000027
-0.001665,0.000203,4098.405192,8.344437,-0.00397,0.026581,-0.007003,-0.000235,0.000026
-0.001466,0.000195,4099.405046,8.337455,-0.004201,0.026608,-0.006963,-0.000226,0.000026
-0.001274,0.000187,4100.404901,8.330514,-0.004422,0.026634,-0.006921,-0.000217,0.000026
-0.001093,0.000176,4101.404756,8.323616,-0.004634,0.026661,-0.006876,-0.000207,0.000027
-0.000924,0.000163,4102.404611,8.316765,-0.004835,0.026688,-0.006829,-0.000194,0.000028
-0.000768,0.000148,4103.404466,8.309962,-0.00502,0.026717,-0.006778,-0.000177,0.000029
-0.000628,0.000132,4104.404321,8.303211,-0.005185,0.026747,-0.006725,-0.000154,0.000031
-0.000505,0.000115,4105.404176,8.296515,-0.005326,0.026779,-0.00667,-0.000127,0.000032
-0.000398,0.000098,4106.404031,8.289876,-0.005436,0.026811,-0.006611,-0.000094,0.000033
-0.000308,0.000081,4107.403886,8.283295,-0.005512,0.026845,-0.006551,-0.000058,0.000034
-0.000235,0.000066,4108.40374,8.276777,-0.005551,0.026879,-0.006488,-0.000019,0.000034
-0.000176,0.000052,4109.403595,8.270323,-0.005551,0.026913,-0.006422,0.000019,0.000034
-0.000131,0.000039,4110.40345,8.263936,-0.005513,0.026946,-0.006354,0.000057,0.000033
-0.000097,0.000029,4111.403305,8.257617,-0.005438,0.026978,-0.006284,0.000092,0.000031
-0.000071,0.000022,4112.40316,8.25137,-0.005331,0.027008,-0.006212,0.000122,0.000029
-0.000053,0.000016,4113.403015,8.245196,-0.005197,0.027036,-0.006138,0.000147,0.000026
-0.000038,0.000013,4114.40287,8.239097,-0.00504,0.02706,-0.006061,0.000166,0.000023
-0.000026,0.000012,4115.402725,8.233076,-0.004868,0.027082,-0.005983,0.000179,0.000019
-0.000014,0.000012,4116.40258,8.227135,-0.004685,0.027099,-0.005902,0.000187,0.000016
-0.000001,0.000014,4117.402434,8.221275,-0.004497,0.027113,-0.005819,0.000189,0.000012
0.000015,0.000017,4118.402289,8.215498,-0.00431,0.027122,-0.005735,0.000186,0.000008
0.000033,0.00002,4119.402144,8.209808,-0.004126,0.027128,-0.005648,0.000181,0.000004
0.000055,0.000024,4120.401999,8.204204,-0.003949,0.02713,-0.00556,0.000173,0
0.000081,0.000028,4121.401854,8.19869,-0.003781,0.027128,-0.00547,0.000164,-0.000004
0.000111,0.000032,4122.401709,8.193267,-0.003621,0.027122,-0.005378,0.000155,-0.000008
0.000145,0.000036,4123.401564,8.187937,-0.00347,0.027112,-0.005284,0.000146,-0.000012
0.000183,0.000041,4124.401419,8.182702,-0.003328,0.027099,-0.005188,0.000138,-0.000015
0.000226,0.000045,4125.401274,8.177563,-0.003193,0.027082,-0.005091,0.000131,-0.000018
0.000274,0.00005,4126.401128,8.172522,-0.003065,0.027062,-0.004992,0.000125,-0.000022
0.000326,0.000055,4127.400983,8.167582,-0.002942,0.027039,-0.004891,0.00012,-0.000025
0.000383,0.00006,4128.400838,8.162742,-0.002824,0.027012,-0.004789,0.000116,-0.000028
0.000445,0.000065,4129.400693,8.158006,-0.002709,0.026983,-0.004685,0.000113,-0.000031
0.000512,0.00007,4130.400548,8.153373,-0.002597,0.026951,-0.00458,0.00011,-0.000034
0.000585,0.000075,4131.400403,8.148847,-0.002488,0.026915,-0.004474,0.000108,-0.000036
0.000662,0.00008,4132.400258,8.144427,-0.002381,0.026878,-0.004367,0.000106,-0.000039
0.000745,0.000085,4133.400113,8.140115,-0.002275,0.026837,-0.004258,0.000105,-0.000042
0.000832,0.000089,4134.399968,8.135913,-0.002171,0.026794,-0.004149,0.000103,-0.000045
0.000922,0.000092,4135.399822,8.13182,-0.002069,0.026748,-0.004038,0.000101,-0.000047
0.001016,0.000095,4136.399677,8.127837,-0.00197,0.0267,-0.003928,0.000099,-0.00005
0.001111,0.000096,4137.399532,8.123965,-0.001872,0.026649,-0.003817,0.000097,-0.000052
0.001207,0.000096,4138.399387,8.120204,-0.001776,0.026595,-0.003706,0.000094,-0.000055
0.001301,0.000094,4139.399242,8.116554,-0.001683,0.026539,-0.003596,0.000092,-0.000057
0.001393,0.00009,4140.399097,8.113013,-0.001593,0.02648,-0.003486,0.000089,-0.00006
0.001481,0.000084,4141.398952,8.109582,-0.001505,0.026419,-0.003378,0.000086,-0.000062
0.001562,0.000077,4142.398807,8.106258,-0.00142,0.026355,-0.003271,0.000084,-0.000065
0.001634,0.000068,4143.398662,8.103039,-0.001338,0.026289,-0.003167,0.000081,-0.000067
0.001696,0.000056,4144.398516,8.099924,-0.001258,0.02622,-0.003065,0.000078,-0.00007
0.001747,0.000044,4145.398371,8.096908,-0.001181,0.026149,-0.002967,0.000076,-0.000072
0.001784,0.00003,4146.398226,8.093987,-0.001107,0.026076,-0.002874,0.000073,-0.000074
0.001807,0.000016,4147.398081,8.091158,-0.001035,0.026001,-0.002786,0.000071,-0.000077
0.001815,0.000001,4148.397936,8.088414,-0.000966,0.025923,-0.002704,0.000068,-0.000079
0.00181,-0.000012,4149.397791,8.085748,-0.000899,0.025843,-0.002628,0.000066,-0.000081
0.001791,-0.000025,4150.397646,8.083154,-0.000833,0.025761,-0.002561,0.000064,-0.000083
0.001761,-0.000035,4151.397501,8.080621,-0.00077,0.025678,-0.002504,0.000063,-0.000085
0.001722,-0.000042,4152.397356,8.078142,-0.000708,0.025592,-0.002456,0.000061,-0.000086
0.001678,-0.000046,4153.39721,8.075704,-0.000648,0.025505,-0.00242,0.00006,-0.000088
0.001632,-0.000046,4154.397065,8.073296,-0.000588,0.025416,-0.002397,0.000059,-0.00009
0.001587,-0.000043,4155.39692,8.070904,-0.000528,0.025326,-0.002387,0.000059,-0.000091
0.001547,-0.000036,4156.396775,8.068514,-0.000469,0.025234,-0.002393,0.000059,-0.000092
0.001515,-0.000028,4157.39663,8.06611,-0.000409,0.025141,-0.002416,0.00006,-0.000093
0.001491,-0.000021,4158.396485,8.063675,-0.000349,0.025048,-0.002456,0.000061,-0.000094
0.001473,-0.000016,4159.39634,8.061189,-0.000286,0.024953,-0.002515,0.000063,-0.000095
0.001457,-0.000016,4160.396195,8.058635,-0.000222,0.024858,-0.002595,0.000066,-0.000096
0.001439,-0.000022,4161.39605,8.055989,-0.000154,0.024762,-0.002697,0.000069,-0.000096
0.001411,-0.000034,4162.395904,8.053231,-0.000083,0.024666,-0.002821,0.000073,-0.000096
0.001369,-0.000052,4163.395759,8.050336,-0.000008,0.02457,-0.00297,0.000077,-0.000096
0.001305,-0.000077,4164.395614,8.047279,0.000071,0.024475,-0.003144,0.000082,-0.000096
0.001214,-0.000105,4165.395469,8.044035,0.000156,0.024379,-0.003345,0.000088,-0.000095
0.001094,-0.000136,4166.395324,8.040576,0.000247,0.024285,-0.003574,0.000093,-0.000094
0.000941,-0.00017,4167.395179,8.036873,0.000343,0.024191,-0.003833,0.0001,-0.000094
0.000753,-0.000205,4168.395034,8.032896,0.000446,0.024097,-0.004122,0.000106,-0.000093
0.000532,-0.000237,4169.394889,8.028615,0.000556,0.024005,-0.004442,0.000114,-0.000092
0.000281,-0.000264,4170.394744,8.023997,0.000674,0.023913,-0.004795,0.000121,-0.000091
0.000007,-0.000283,4171.394598,8.01901,0.000799,0.023822,-0.005181,0.000129,-0.00009
-0.000283,-0.000296,4172.394453,8.013619,0.000931,0.023732,-0.005602,0.000137,-0.00009
-0.000582,-0.0003,4173.394308,8.00779,0.001072,0.023643,-0.006057,0.000145,-0.000089
-0.000878,-0.000291,4174.394163,8.001488,0.001221,0.023554,-0.006548,0.000153,-0.000088
-0.001158,-0.000266,4175.394018,7.994678,0.001379,0.023466,-0.007074,0.000162,-0.000088
-0.001405,-0.000225,4176.393873,7.987325,0.001546,0.023379,-0.007635,0.000171,-0.000088
-0.001604,-0.000173,4177.393728,7.979393,0.001721,0.023291,-0.008231,0.000181,-0.000088
-0.001747,-0.00011,4178.393583,7.970848,0.001907,0.023203,-0.008861,0.000191,-0.000088
-0.001819,-0.000031,4179.393438,7.961657,0.002104,0.023114,-0.009523,0.000203,-0.000089
-0.001805,0.000062,4180.393292,7.951789,0.002314,0.023024,-0.010217,0.000216,-0.000091
-0.001691,0.000168,4181.393147,7.941212,0.002538,0.022932,-0.010939,0.000232,-0.000093
-0.001465,0.000286,4182.393002,7.929901,0.00278,0.022837,-0.011688,0.00025,-0.000096
-0.001117,0.000411,4183.392857,7.917829,0.003041,0.022738,-0.01246,0.000272,-0.0001
-0.00064,0.000542,4184.392712,7.904974,0.003325,0.022636,-0.013252,0.000297,-0.000105
-0.000033,0.000673,4185.392567,7.89132,0.003635,0.022527,-0.01406,0.000325,-0.000111
0.000705,0.000799,4186.392422,7.876852,0.003976,0.022413,-0.01488,0.000356,-0.000118
0.00156,0.000907,4187.392277,7.861561,0.004348,0.022291,-0.015707,0.000389,-0.000126
0.002508,0.000986,4188.392132,7.845441,0.004754,0.022161,-0.016537,0.000423,-0.000134
0.003522,0.001037,4189.391986,7.828493,0.005194,0.022022,-0.017363,0.000457,-0.000144
0.004573,0.001062,4190.391841,7.810724,0.005666,0.021874,-0.018182,0.000487,-0.000154
0.005635,0.001057,4191.391696,7.792142,0.006164,0.021714,-0.018986,0.00051,-0.000165
0.006675,0.001014,4192.391551,7.772766,0.006681,0.021544,-0.019772,0.000524,-0.000176
0.007647,0.000919,4193.391406,7.752615,0.007205,0.021362,-0.020534,0.000525,-0.000187
0.008497,0.000774,4194.391261,7.731717,0.007721,0.021169,-0.021268,0.000509,-0.000199
0.009183,0.000593,4195.391116,7.710103,0.008212,0.020965,-0.021968,0.000473,-0.00021
0.009672,0.000381,4196.390971,7.687807,0.008657,0.02075,-0.02263,0.000416,-0.000221
0.009935,0.000137,4197.390826,7.664869,0.009032,0.020524,-0.023252,0.000335,-0.00023
0.009932,-0.000149,4198.39068,7.641332,0.009314,0.02029,-0.023829,0.00023,-0.000238
0.009627,-0.000465,4199.390535,7.617241,0.00948,0.020049,-0.02436,0.000103,-0.000245
0.008998,-0.000795,4200.39039,7.592642,0.009511,0.019802,-0.024843,-0.000042,-0.000248
0.008037,-0.001127,4201.390245,7.567585,0.009389,0.019554,-0.025277,-0.000201,-0.000249
0.006747,-0.00145,4202.3901,7.542119,0.009106,0.019307,-0.025662,-0.000365,-0.000245
0.005144,-0.001752,4203.389955,7.516293,0.00866,0.019066,-0.025998,-0.000527,-0.000237
0.003253,-0.002023,4204.38981,7.490155,0.008057,0.018835,-0.026286,-0.00068,-0.000225
0.001111,-0.002255,4205.389665,7.463753,0.007309,0.018619,-0.026527,-0.000816,-0.000207
-0.001241,-0.002441,4206.38952,7.43713,0.006435,0.018423,-0.026725,-0.000933,-0.000185
-0.003754,-0.002579,4207.389374,7.410331,0.005454,0.018251,-0.026882,-0.001028,-0.000159
-0.006382,-0.002672,4208.389229,7.383393,0.004389,0.018107,-0.027001,-0.001103,-0.000129
-0.009084,-0.002727,4209.389084,7.356354,0.003257,0.017994,-0.027085,-0.00116,-0.000097
-0.011826,-0.002756,4210.388939,7.329246,0.002078,0.017914,-0.027139,-0.0012,-0.000063
-0.014589,-0.002772,4211.388794,7.302096,0.000865,0.01787,-0.027168,-0.001226,-0.000027
-0.017366,-0.002787,4212.388649,7.274929,-0.000367,0.017862,-0.027174,-0.001239,0.000011
-0.020162,-0.002812,4213.388504,7.247765,-0.001606,0.017891,-0.027162,-0.001238,0.000049
-0.022991,-0.002852,4214.388359,7.22062,-0.002836,0.01796,-0.027137,-0.001223,0.000089
-0.025868,-0.00291,4215.388214,7.193505,-0.004043,0.018069,-0.027101,-0.001191,0.000129
-0.028809,-0.00298,4216.388068,7.166428,-0.005208,0.018217,-0.02706,-0.00114,0.000168
-0.031825,-0.003056,4217.387923,7.139395,-0.006312,0.018405,-0.027014,-0.001067,0.000207
-0.034914,-0.003126,4218.387778,7.112408,-0.007332,0.018631,-0.026968,-0.000973,0.000244
-0.038064,-0.003175,4219.387633,7.085466,-0.008247,0.018893,-0.026923,-0.000858,0.000279
-0.041245,-0.003188,4220.387488,7.058568,-0.009038,0.019187,-0.02688,-0.000725,0.000309
-0.044416,-0.003152,4221.387343,7.031712,-0.009689,0.019509,-0.02684,-0.000577,0.000335
-0.047521,-0.003057,4222.387198,7.004894,-0.010188,0.019854,-0.026803,-0.00042,0.000355
-0.050499,-0.002897,4223.387053,6.978114,-0.010528,0.020217,-0.026766,-0.00026,0.000371
-0.053284,-0.002672,4224.386908,6.951371,-0.010709,0.020592,-0.026727,-0.000102,0.00038
-0.055816,-0.002391,4225.386762,6.924669,-0.010736,0.020975,-0.026684,0.000048,0.000385
-0.058043,-0.002064,4226.386617,6.898014,-0.01062,0.02136,-0.026633,0.000185,0.000385
-0.059929,-0.001714,4227.386472,6.871418,-0.010375,0.021743,-0.026568,0.000304,0.000381
-0.061466,-0.001368,4228.386327,6.844895,-0.010021,0.022121,-0.026485,0.000405,0.000374
-0.062675,-0.001063,4229.386182,6.818468,-0.009576,0.022489,-0.026377,0.000485,0.000364
-0.063615,-0.000836,4230.386037,6.792165,-0.009061,0.022847,-0.026238,0.000545,0.000351
-0.06438,-0.000718,4231.385892,6.766019,-0.008496,0.02319,-0.026062,0.000587,0.000337
-0.065089,-0.000723,4232.385747,6.740071,-0.007896,0.023519,-0.025842,0.000612,0.000321
-0.065862,-0.000844,4233.385602,6.714366,-0.007277,0.023831,-0.025574,0.000625,0.000304
-0.066805,-0.00106,4234.385457,6.688958,-0.006652,0.024126,-0.02525,0.000627,0.000287
-0.068001,-0.001345,4235.385311,6.663904,-0.006028,0.024404,-0.024867,0.00062,0.000269
-0.069504,-0.001669,4236.385166,6.639263,-0.005414,0.024664,-0.024421,0.000608,0.000251
-0.071337,-0.002005,4237.385021,6.615102,-0.004814,0.024906,-0.023909,0.000593,0.000234
-0.073502,-0.00233,4238.384876,6.591486,-0.00423,0.025132,-0.02333,0.000575,0.000217
-0.075978,-0.002624,4239.384731,6.568482,-0.003665,0.025341,-0.022684,0.000555,0.000201
-0.078725,-0.002873,4240.384586,6.546158,-0.00312,0.025534,-0.021972,0.000535,0.000186
-0.081695,-0.003067,4241.384441,6.524577,-0.002596,0.025713,-0.021196,0.000514,0.000172
-0.084828,-0.003201,4242.384296,6.503803,-0.002092,0.025879,-0.020359,0.000494,0.00016
-0.088063,-0.003271,4243.384151,6.483892,-0.001609,0.026033,-0.019467,0.000473,0.000149
-0.091336,-0.003278,4244.384005,6.464899,-0.001147,0.026177,-0.018525,0.000451,0.000139
-0.094588,-0.003228,4245.38386,6.44687,-0.000707,0.026312,-0.017538,0.00043,0.000131
-0.097764,-0.003128,4246.383715,6.429847,-0.000288,0.026439,-0.016514,0.000407,0.000124
-0.100819,-0.002985,4247.38357,6.413862,0.000108,0.02656,-0.015459,0.000385,0.000118
-0.103714,-0.00281,4248.383425,6.398944,0.00048,0.026675,-0.014381,0.000361,0.000114
-0.106422,-0.002611,4249.38328,6.385112,0.000829,0.026788,-0.013288,0.000337,0.000111
-0.108924,-0.002398,4250.383135,6.372377,0.001154,0.026898,-0.012186,0.000312,0.000109
-0.111209,-0.002179,4251.38299,6.360744,0.001452,0.027006,-0.011082,0.000286,0.000108
-0.113276,-0.001961,4252.382845,6.350213,0.001725,0.027114,-0.009984,0.00026,0.000108
-0.115129,-0.00175,4253.382699,6.340774,0.001971,0.027223,-0.008897,0.000233,0.000109
-0.116775,-0.00155,4254.382554,6.332413,0.00219,0.027333,-0.007827,0.000206,0.000111
-0.118229,-0.001363,4255.382409,6.325111,0.002382,0.027445,-0.006779,0.000178,0.000113
-0.119503,-0.00119,4256.382264,6.318845,0.002547,0.02756,-0.005756,0.000151,0.000116
-0.120605,-0.001013,4257.382119,6.313585,0.002685,0.027677,-0.004764,0.000124,0.000119
-0.121522,-0.000817,4258.381974,6.309302,0.002795,0.027798,-0.003804,0.000098,0.000123
-0.12223,-0.000594,4259.381829,6.305962,0.00288,0.027923,-0.002878,0.000072,0.000127
-0.122701,-0.000345,4260.381684,6.30353,0.002939,0.028052,-0.001987,0.000046,0.000131
-0.122913,-0.000075,4261.381539,6.301971,0.002973,0.028185,-0.001132,0.000022,0.000135
-0.122846,0.00021,4262.381393,6.301249,0.002983,0.028321,-0.000312,-0.000002,0.000139
-0.12249,0.000503,4263.381248,6.301331,0.00297,0.028462,0.000475,-0.000025,0.000143
-0.121842,0.000792,4264.381103,6.302183,0.002934,0.028606,0.00123,-0.000047,0.000146
-0.120909,0.00107,4265.380958,6.303776,0.002877,0.028754,0.001956,-0.000068,0.00015
-0.11971,0.001324,4266.380813,6.306081,0.002798,0.028906,0.002656,-0.000089,0.000153
-0.118272,0.001544,4267.380668,6.309075,0.002699,0.02906,0.003333,-0.00011,0.000156
-0.116638,0.001714,4268.380523,6.312738,0.002579,0.029217,0.003993,-0.00013,0.000158
-0.114864,0.00182,4269.380378,6.317052,0.00244,0.029376,0.004637,-0.00015,0.00016
-0.113023,0.001846,4270.380233,6.322006,0.00228,0.029536,0.005271,-0.000169,0.000161
-0.111201,0.00178,4271.380087,6.32759,0.002101,0.029697,0.005899,-0.000189,0.000161
-0.109491,0.001625,4272.379942,6.333799,0.001902,0.029859,0.006522,-0.000209,0.000161
-0.107972,0.001403,4273.379797,6.340632,0.001683,0.030019,0.007145,-0.000229,0.000161
-0.106698,0.001139,4274.379652,6.348087,0.001443,0.030179,0.007768,-0.000251,0.000159
-0.105698,0.000859,4275.379507,6.356167,0.001181,0.030338,0.008394,-0.000273,0.000157
-0.104977,0.000586,4276.379362,6.364875,0.000897,0.030493,0.009023,-0.000296,0.000154
-0.104517,0.00034,4277.379217,6.374213,0.000589,0.030646,0.009655,-0.00032,0.000151
-0.10428,0.000142,4278.379072,6.384182,0.000256,0.030795,0.010287,-0.000346,0.000147
-0.104211,0.000007,4279.378927,6.394783,-0.000103,0.030939,0.010918,-0.000373,0.000142
-0.10424,-0.000051,4280.378781,6.406014,-0.000489,0.031078,0.011546,-0.0004,0.000136
-0.104285,-0.000026,4281.378636,6.417868,-0.000903,0.031211,0.012166,-0.000428,0.00013
-0.104267,0.000075,4282.378491,6.430338,-0.001346,0.031337,0.012776,-0.000456,0.000123
-0.104116,0.000231,4283.378346,6.443408,-0.001816,0.031457,0.01337,-0.000483,0.000116
-0.103794,0.000418,4284.378201,6.457064,-0.002311,0.031569,0.013945,-0.000508,0.000108
-0.103271,0.000632,4285.378056,6.471283,-0.002828,0.031673,0.014497,-0.000528,0.0001
-0.10252,0.000871,4286.377911,6.48604,-0.003363,0.031768,0.015021,-0.000542,0.000091
-0.101518,0.001133,4287.377766,6.501305,-0.003907,0.031855,0.015514,-0.000548,0.000083
-0.100244,0.001414,4288.377621,6.517045,-0.004453,0.031933,0.015972,-0.000544,0.000073
-0.098681,0.00171,4289.377475,6.533225,-0.00499,0.032002,0.016393,-0.00053,0.000064
-0.096816,0.002016,4290.37733,6.549807,-0.005508,0.032061,0.016775,-0.000505,0.000054
-0.094642,0.002325,4291.377185,6.56675,-0.005996,0.032109,0.017116,-0.00047,0.000042
-0.092162,0.002626,4292.37704,6.584014,-0.006442,0.032145,0.017416,-0.000424,0.00003
-0.089388,0.00291,4293.376895,6.601557,-0.00684,0.032169,0.017675,-0.000371,0.000017
-0.086345,0.003161,4294.37675,6.619338,-0.007181,0.032178,0.017893,-0.000311,0.000001
-0.083072,0.003366,4295.376605,6.637318,-0.00746,0.03217,0.018072,-0.000248,-0.000017
-0.079625,0.003508,4296.37646,6.655459,-0.007676,0.032143,0.018215,-0.000184,-0.000037
-0.076073,0.003572,4297.376315,6.673725,-0.007828,0.032094,0.018324,-0.00012,-0.00006
-0.0725,0.003551,4298.376169,6.692085,-0.007918,0.032021,0.018402,-0.000059,-0.000086
-0.068992,0.003445,4299.376024,6.71051,-0.007949,0.031921,0.018453,-0.000003,-0.000114
-0.065626,0.003271,4300.375879,6.728975,-0.007926,0.031792,0.018482,0.000049,-0.000144
-0.062459,0.00305,4301.375734,6.747459,-0.007853,0.031632,0.018491,0.000096,-0.000176
-0.059528,0.002803,4302.375589,6.765944,-0.007736,0.031439,0.018485,0.000139,-0.00021
-0.05685,0.002548,4303.375444,6.784418,-0.007578,0.031211,0.018467,0.000178,-0.000245
-0.054426,0.002296,4304.375299,6.802869,-0.007381,0.030949,0.018441,0.000215,-0.000279
-0.052249,0.002057,4305.375154,6.821293,-0.007148,0.030654,0.018411,0.00025,-0.000313
-0.050301,0.001839,4306.375009,6.839685,-0.006883,0.030325,0.018379,0.00028,-0.000344
-0.04856,0.001646,4307.374863,6.858045,-0.006591,0.029969,0.018347,0.000305,-0.00037
-0.046997,0.001482,4308.374718,6.876375,-0.006276,0.029588,0.018318,0.000323,-0.000392
-0.045582,0.00135,4309.374573,6.894678,-0.005948,0.029189,0.018293,0.000334,-0.000406
-0.044284,0.001251,4310.374428,6.912958,-0.005611,0.028779,0.018273,0.000339,-0.000413
-0.043069,0.001184,4311.374283,6.931222,-0.005273,0.028368,0.018259,0.000338,-0.000411
-0.041906,0.001145,4312.374138,6.949474,-0.004937,0.027962,0.018251,0.000335,-0.000401
-0.040769,0.00113,4313.373993,6.96772,-0.004604,0.027571,0.018248,0.000331,-0.000382
-0.039639,0.001132,4314.373848,6.985967,-0.004273,0.027201,0.018251,0.00033,-0.000356
-0.038502,0.001142,4315.373703,7.004219,-0.003942,0.026862,0.018258,0.000331,-0.000323
-0.037354,0.001152,4316.373557,7.02248,-0.003608,0.026558,0.018269,0.000336,-0.000284
-0.036199,0.001155,4317.373412,7.040753,-0.003268,0.026295,0.018282,0.000344,-0.000241
-0.035048,0.001144,4318.373267,7.05904,-0.002918,0.026077,0.018297,0.000356,-0.000195
-0.033916,0.001115,4319.373122,7.077341,-0.002556,0.025905,0.018311,0.000369,-0.000149
-0.032824,0.001064,4320.372977,7.095655,-0.002179,0.02578,0.018323,0.000385,-0.000102
-0.031795,0.00099,4321.372832,7.113981,-0.001785,0.025702,0.018333,0.000401,-0.000056
-0.03085,0.000896,4322.372687,7.132314,-0.001377,0.025668,0.018338,0.000415,-0.000011
-0.030007,0.000786,4323.372542,7.150649,-0.000956,0.025677,0.018338,0.000426,0.00003
-0.029279,0.000667,4324.372397,7.16898,-0.000527,0.025726,0.018331,0.000432,0.000067
-0.028672,0.000547,4325.372251,7.187301,-0.000094,0.02581,0.018315,0.000434,0.0001
-0.028182,0.000434,4326.372106,7.205601,0.000339,0.025924,0.018291,0.000432,0.000129
-0.0278,0.000333,4327.371961,7.223872,0.000768,0.026066,0.018256,0.000427,0.000154
-0.02751,0.00025,4328.371816,7.242102,0.001193,0.02623,0.018209,0.000422,0.000174
-0.027292,0.000189,4329.371671,7.260279,0.001613,0.026412,0.01815,0.000418,0.00019
-0.027126,0.000149,4330.371526,7.27839,0.00203,0.026609,0.018077,0.000418,0.000203
-0.026988,0.00013,4331.371381,7.29642,0.002449,0.026816,0.017989,0.000421,0.000212
-0.02686,0.00013,4332.371236,7.314354,0.002873,0.027031,0.017885,0.000427,0.000218
-0.026722,0.000148,4333.371091,7.332176,0.003305,0.027252,0.017764,0.000436,0.000223
-0.026559,0.00018,4334.370945,7.349867,0.003746,0.027476,0.017624,0.000447,0.000226
-0.026358,0.000225,4335.3708,7.36741,0.004197,0.027703,0.017467,0.000455,0.000228
-0.026106,0.000279,4336.370655,7.384786,0.004654,0.027932,0.01729,0.000459,0.000229
-0.025796,0.000341,4337.37051,7.401977,0.005112,0.028161,0.017095,0.000456,0.000228
-0.025423,0.000406,4338.370365,7.418962,0.005562,0.028388,0.01688,0.000443,0.000226
-0.024983,0.000474,4339.37022,7.435723,0.005993,0.028612,0.016647,0.000419,0.000223
-0.024475,0.00054,4340.370075,7.452241,0.006393,0.028832,0.016394,0.000382,0.000217
-0.023903,0.000604,4341.36993,7.468498,0.00675,0.029045,0.016125,0.000332,0.000209
-0.023269,0.000662,4342.369785,7.484477,0.007052,0.02925,0.015838,0.000272,0.0002
-0.022581,0.000713,4343.369639,7.500161,0.007288,0.029445,0.015535,0.000202,0.00019
-0.021847,0.000754,4344.369494,7.515536,0.007453,0.029629,0.015219,0.000127,0.000179
-0.021076,0.000785,4345.369349,7.530588,0.00754,0.029802,0.014889,0.000048,0.000167
-0.02028,0.000804,4346.369204,7.545304,0.00755,0.029963,0.014549,-0.000028,0.000155
-0.019472,0.000811,4347.369059,7.559676,0.007486,0.030112,0.014199,-0.0001,0.000144
-0.018662,0.000806,4348.368914,7.573694,0.007355,0.030251,0.013842,-0.000163,0.000133
-0.017864,0.000788,4349.368769,7.587353,0.007166,0.030378,0.013479,-0.000215,0.000122
-0.017089,0.00076,4350.368624,7.600647,0.006932,0.030496,0.013113,-0.000254,0.000113
-0.016347,0.000722,4351.368479,7.613574,0.006665,0.030604,0.012745,-0.00028,0.000103
-0.015648,0.000676,4352.368333,7.626133,0.006378,0.030703,0.012377,-0.000294,0.000094
-0.014997,0.000625,4353.368188,7.638326,0.006082,0.030793,0.012012,-0.000298,0.000086
-0.0144,0.000569,4354.368043,7.650156,0.005787,0.030875,0.01165,-0.000292,0.000079
-0.013859,0.000513,4355.367898,7.661626,0.005501,0.030951,0.011294,-0.00028,0.000072
-0.013373,0.000458,4356.367753,7.672744,0.00523,0.031019,0.010945,-0.000263,0.000066
-0.012941,0.000407,4357.367608,7.683516,0.004976,0.031082,0.010604,-0.000244,0.00006
-0.012556,0.000362,4358.367463,7.693953,0.004742,0.031139,0.010272,-0.000224,0.000055
-0.012213,0.000326,4359.367318,7.704063,0.004527,0.031192,0.009952,-0.000205,0.00005
-0.011901,0.0003,4360.367173,7.71386,0.004331,0.03124,0.009643,-0.000188,0.000046
-0.011609,0.000286,4361.367027,7.723354,0.004151,0.031285,0.009348,-0.000172,0.000043
-0.011324,0.000286,4362.366882,7.73256,0.003985,0.031327,0.009067,-0.000159,0.000041
-0.011032,0.000301,4363.366737,7.741492,0.003831,0.031367,0.0088,-0.000148,0.000039
-0.010717,0.000332,4364.366592,7.750166,0.003687,0.031406,0.00855,-0.00014,0.000038
-0.010362,0.00038,4365.366447,7.758598,0.003551,0.031443,0.008316,-0.000133,0.000037
-0.009952,0.000443,4366.366302,7.766805,0.003421,0.03148,0.008101,-0.000127,0.000037
-0.009471,0.000523,4367.366157,7.774806,0.003295,0.031518,0.007904,-0.000124,0.000038
-0.008902,0.000616,4368.366012,7.78262,0.003173,0.031556,0.007727,-0.000121,0.000039
-0.008235,0.000721,4369.365867,7.790268,0.003052,0.031595,0.007571,-0.00012,0.00004
-0.007457,0.000835,4370.365721,7.797772,0.002931,0.031636,0.007438,-0.000121,0.000042
-0.006564,0.000952,4371.365576,7.805154,0.00281,0.031679,0.007329,-0.000122,0.000044
-0.005555,0.001067,4372.365431,7.81244,0.002687,0.031723,0.007244,-0.000124,0.000046
-0.004434,0.001173,4373.365286,7.819654,0.002561,0.03177,0.007186,-0.000127,0.000048
-0.003216,0.00126,4374.365141,7.826823,0.002431,0.031819,0.007156,-0.000132,0.00005
-0.001924,0.001317,4375.364996,7.833977,0.002297,0.03187,0.007155,-0.000137,0.000052
-0.000595,0.001335,4376.364851,7.841146,0.002157,0.031923,0.007184,-0.000143,0.000054
0.000729,0.001307,4377.364706,7.848358,0.00201,0.031978,0.007244,-0.00015,0.000056
0.002003,0.001233,4378.364561,7.855648,0.001856,0.032034,0.007337,-0.000158,0.000057
0.00318,0.001115,4379.364415,7.863047,0.001693,0.032092,0.007462,-0.000167,0.000058
0.004221,0.000962,4380.36427,7.870587,0.001521,0.03215,0.007621,-0.000177,0.000059
0.005097,0.000789,4381.364125,7.878302,0.001339,0.032209,0.007812,-0.000187,0.000059
0.0058,0.00062,4382.36398,7.886225,0.001146,0.032267,0.008035,-0.000198,0.000058
0.006346,0.000477,4383.363835,7.894386,0.000943,0.032324,0.008289,-0.000209,0.000056
0.006766,0.000369,4384.36369,7.902816,0.000729,0.032379,0.008573,-0.000219,0.000054
0.007092,0.000287,4385.363545,7.911543,0.000505,0.032432,0.008884,-0.000229,0.000051
0.007345,0.000221,4386.3634,7.920594,0.000271,0.032481,0.00922,-0.000239,0.000046
0.007537,0.000163,4387.363255,7.929992,0.000028,0.032524,0.009579,-0.000248,0.000041
0.007671,0.000105,4388.363109,7.93976,-0.000225,0.032562,0.009958,-0.000257,0.000034
0.007745,0.000043,4389.362964,7.949914,-0.000486,0.032592,0.010353,-0.000266,0.000027
0.007754,-0.000027,4390.362819,7.960469,-0.000758,0.032615,0.010761,-0.000277,0.000018
0.007689,-0.000106,4391.362674,7.971436,-0.00104,0.032628,0.011178,-0.000288,0.000008
0.00754,-0.000194,4392.362529,7.982824,-0.001334,0.032631,0.0116,-0.000301,-0.000002
0.007297,-0.000292,4393.362384,7.994634,-0.001643,0.032624,0.012024,-0.000316,-0.000012
0.006954,-0.000396,4394.362239,8.006868,-0.001968,0.032607,0.012447,-0.000334,-0.000023
0.006505,-0.000502,4395.362094,8.019521,-0.002311,0.032579,0.012862,-0.000353,-0.000033
0.005951,-0.000606,4396.361949,8.032584,-0.002674,0.032541,0.013268,-0.000373,-0.000042
0.005297,-0.000701,4397.361803,8.046047,-0.003057,0.032495,0.013661,-0.000393,-0.000051
0.004554,-0.000782,4398.361658,8.059893,-0.00346,0.03244,0.014036,-0.000413,-0.000058
0.003739,-0.000843,4399.361513,8.074105,-0.003882,0.03238,0.014392,-0.000431,-0.000063
0.002877,-0.000876,4400.361368,8.088661,-0.00432,0.032316,0.014724,-0.000445,-0.000066
0.001997,-0.000878,4401.361223,8.103536,-0.004769,0.032249,0.01503,-0.000453,-0.000067
0.001134,-0.000843,4402.361078,8.118703,-0.005223,0.032183,0.015309,-0.000455,-0.000065
0.000325,-0.000768,4403.360933,8.134134,-0.005674,0.03212,0.015558,-0.000448,-0.000061
-0.000389,-0.000653,4404.360788,8.149799,-0.006113,0.032063,0.015777,-0.00043,-0.000055
-0.000969,-0.0005,4405.360643,8.165668,-0.006528,0.032012,0.015965,-0.000401,-0.000046
-0.001378,-0.000314,4406.360497,8.18171,-0.006908,0.031971,0.016123,-0.000359,-0.000036
-0.001588,-0.000102,4407.360352,8.197894,-0.00724,0.03194,0.01625,-0.000304,-0.000025
-0.001577,0.000125,4408.360207,8.214191,-0.007509,0.031921,0.016349,-0.000234,-0.000014
-0.001339,0.00035,4409.360062,8.230573,-0.0077,0.031912,0.016421,-0.000149,-0.000004
-0.000884,0.000556,4410.359917,8.247015,-0.0078,0.031911,0.016468,-0.000051,0.000004
-0.00024,0.000723,4411.359772,8.263494,-0.007794,0.031917,0.016494,0.000062,0.000008
0.000543,0.000832,4412.359627,8.27999,-0.007669,0.031924,0.016502,0.000188,0.000007
0.001399,0.000868,4413.359482,8.296486,-0.007414,0.031929,0.016494,0.000323,0.000001
0.002252,0.000824,4414.359337,8.312968,-0.007022,0.031924,0.016475,0.000463,-0.00001
0.00302,0.0007,4415.359191,8.329426,-0.00649,0.031906,0.016447,0.000601,-0.000027
0.003628,0.000506,4416.359046,8.345855,-0.005824,0.031868,0.016415,0.000731,-0.000048
0.004012,0.000253,4417.358901,8.362251,-0.005037,0.031807,0.016381,0.000843,-0.000074
0.004121,-0.000041,4418.358756,8.378614,-0.00415,0.03172,0.016348,0.000931,-0.000102
0.003922,-0.000359,4419.358611,8.394945,-0.00319,0.031603,0.016319,0.00099,-0.000131
0.003403,-0.000679,4420.358466,8.411249,-0.002187,0.031457,0.016294,0.001017,-0.000161
0.002571,-0.00098,4421.358321,8.427531,-0.001172,0.031281,0.016276,0.001013,-0.000191
0.001456,-0.001244,4422.358176,8.443799,-0.000176,0.031077,0.016265,0.00098,-0.000218
0.0001,-0.001458,4423.358031,8.46006,0.000777,0.030847,0.016262,0.000924,-0.000242
-0.001439,-0.001611,4424.357885,8.476323,0.001664,0.030596,0.016267,0.000851,-0.000261
-0.0031,-0.0017,4425.35774,8.492593,0.002472,0.030328,0.016279,0.000766,-0.000275
-0.004819,-0.001727,4426.357595,8.50888,0.003192,0.030049,0.016298,0.000673,-0.000283
-0.006535,-0.001695,4427.35745,8.525187,0.003818,0.029764,0.016323,0.000579,-0.000286
-0.00819,-0.001608,4428.357305,8.541522,0.00435,0.029481,0.016351,0.000487,-0.000282
-0.009735,-0.001474,4429.35716,8.557887,0.004793,0.029203,0.016384,0.000399,-0.000273
-0.011126,-0.001303,4430.357015,8.574285,0.005153,0.028937,0.016417,0.000321,-0.000259
-0.012332,-0.001104,4431.35687,8.590718,0.00544,0.028687,0.016452,0.000253,-0.000241
-0.013328,-0.000888,4432.356725,8.607184,0.005665,0.028456,0.016485,0.000197,-0.00022
-0.014105,-0.000665,4433.356579,8.623683,0.005842,0.028248,0.016517,0.000156,-0.000197
-0.014659,-0.000445,4434.356434,8.640212,0.005984,0.028064,0.016546,0.000129,-0.000172
-0.015,-0.00024,4435.356289,8.656768,0.006107,0.027905,0.016572,0.000117,-0.000146
-0.015148,-0.000059,4436.356144,8.673348,0.006225,0.027772,0.016593,0.000119,-0.000121
-0.015128,0.000091,4437.355999,8.689947,0.006353,0.027663,0.01661,0.000135,-0.000096
-0.014978,0.000203,4438.355854,8.706561,0.006501,0.02758,0.016622,0.000163,-0.000071
-0.014738,0.00027,4439.355709,8.723185,0.006683,0.027521,0.01663,0.0002,-0.000047
-0.014454,0.00029,4440.355564,8.739814,0.006905,0.027486,0.016633,0.000244,-0.000022
-0.014172,0.000265,4441.355419,8.756443,0.007172,0.027476,0.016631,0.000291,0.000002
-0.013939,0.000196,4442.355273,8.773068,0.007485,0.027491,0.016624,0.000335,0.000027
-0.013791,0.000093,4443.355128,8.789685,0.007839,0.02753,0.016613,0.000372,0.000052
-0.013761,-0.000035,4444.354983,8.806287,0.008223,0.027594,0.016597,0.000397,0.000076
-0.013866,-0.000176,4445.354838,8.822871,0.008624,0.027682,0.016575,0.000405,0.000099
-0.014113,-0.000316,4446.354693,8.83943,0.009025,0.027792,0.016548,0.000396,0.00012
-0.014494,-0.000443,4447.354548,8.85596,0.009407,0.027921,0.016516,0.000368,0.000138
-0.014991,-0.000547,4448.354403,8.872454,0.009752,0.028066,0.016477,0.000322,0.000152
-0.015577,-0.000621,4449.354258,8.888905,0.010043,0.028222,0.016431,0.000261,0.000161
-0.016222,-0.000663,4450.354113,8.905307,0.010269,0.028385,0.016377,0.000189,0.000165
-0.016893,-0.000673,4451.353967,8.921651,0.010418,0.02855,0.016316,0.00011,0.000165
-0.017559,-0.000654,4452.353822,8.937929,0.010487,0.028712,0.016245,0.000028,0.00016
-0.018193,-0.00061,4453.353677,8.954131,0.010474,0.028869,0.016165,-0.000053,0.000152
-0.018773,-0.000545,4454.353532,8.970248,0.010384,0.029016,0.016074,-0.000128,0.000142
-0.019279,-0.000466,4455.353387,8.986269,0.010222,0.029151,0.015972,-0.000196,0.000129
-0.019701,-0.000377,4456.353242,9.002182,0.009996,0.029273,0.015859,-0.000255,0.000115
-0.020031,-0.000282,4457.353097,9.017977,0.009716,0.029381,0.015734,-0.000305,0.000101
-0.020265,-0.000186,4458.352952,9.033641,0.00939,0.029475,0.015597,-0.000346,0.000087
-0.020403,-0.000091,4459.352807,9.049161,0.009028,0.029555,0.015447,-0.000378,0.000073
-0.020448,0,4460.352661,9.064525,0.008637,0.029621,0.015285,-0.000404,0.000059
-0.020404,0.000085,4461.352516,9.079721,0.008225,0.029673,0.015111,-0.000422,0.000045
-0.020279,0.000164,4462.352371,9.094736,0.007796,0.029712,0.014924,-0.000435,0.000032
-0.020079,0.000235,4463.352226,9.109559,0.007357,0.029738,0.014726,-0.000443,0.00002
-0.019812,0.000298,4464.352081,9.124177,0.006913,0.029752,0.014516,-0.000445,0.000008
-0.019486,0.000354,4465.351936,9.138581,0.00647,0.029754,0.014295,-0.000442,-0.000004
-0.019107,0.000402,4466.351791,9.152759,0.006033,0.029745,0.014065,-0.000433,-0.000015
-0.018684,0.000444,4467.351646,9.166702,0.005607,0.029725,0.013825,-0.000419,-0.000025
-0.018221,0.00048,4468.351501,9.1804,0.005197,0.029695,0.013577,-0.000401,-0.000035
-0.017726,0.00051,4469.351356,9.193847,0.004806,0.029656,0.013321,-0.00038,-0.000043
-0.017202,0.000537,4470.35121,9.207034,0.004437,0.029609,0.013058,-0.000358,-0.000051
-0.016653,0.00056,4471.351065,9.219956,0.004091,0.029554,0.01279,-0.000334,-0.000058
-0.016082,0.000581,4472.35092,9.232607,0.003768,0.029493,0.012516,-0.000311,-0.000064
-0.015491,0.0006,4473.350775,9.244983,0.003468,0.029426,0.012239,-0.00029,-0.000069
-0.014882,0.000618,4474.35063,9.257081,0.003188,0.029355,0.011959,-0.00027,-0.000073
-0.014256,0.000634,4475.350485,9.268898,0.002927,0.029281,0.011677,-0.000252,-0.000076
-0.013613,0.00065,4476.35034,9.280431,0.002684,0.029205,0.011394,-0.000235,-0.000077
-0.012956,0.000665,4477.350195,9.291682,0.002456,0.029127,0.01111,-0.00022,-0.000078
-0.012283,0.000679,4478.35005,9.302649,0.002243,0.029049,0.010827,-0.000206,-0.000078
-0.011597,0.000693,4479.349904,9.313334,0.002044,0.028972,0.010546,-0.000193,-0.000077
-0.010898,0.000705,4480.349759,9.323738,0.001857,0.028895,0.010266,-0.000181,-0.000076
-0.010188,0.000716,4481.349614,9.333864,0.001682,0.02882,0.009989,-0.000169,-0.000074
-0.009468,0.000725,4482.349469,9.343715,0.001518,0.028748,0.009715,-0.000158,-0.000071
-0.008739,0.000732,4483.349324,9.353293,0.001366,0.028678,0.009445,-0.000147,-0.000068
-0.008005,0.000737,4484.349179,9.362604,0.001224,0.028612,0.00918,-0.000136,-0.000065
-0.007266,0.000739,4485.349034,9.371652,0.001094,0.028548,0.008919,-0.000125,-0.000062
-0.006527,0.000739,4486.348889,9.380442,0.000975,0.028487,0.008664,-0.000114,-0.000059
-0.00579,0.000735,4487.348744,9.388979,0.000867,0.02843,0.008414,-0.000102,-0.000056
-0.005058,0.000728,4488.348598,9.397271,0.000771,0.028376,0.00817,-0.00009,-0.000053
-0.004334,0.000719,4489.348453,9.405321,0.000686,0.028325,0.007933,-0.000079,-0.000049
-0.003622,0.000706,4490.348308,9.413138,0.000613,0.028277,0.007702,-0.000067,-0.000047
-0.002924,0.00069,4491.348163,9.420727,0.000551,0.028232,0.007478,-0.000056,-0.000044
-0.002244,0.000671,4492.348018,9.428096,0.0005,0.028189,0.007261,-0.000046,-0.000041
-0.001583,0.00065,4493.347873,9.435251,0.000459,0.028149,0.007051,-0.000036,-0.000039
-0.000945,0.000627,4494.347728,9.442198,0.000428,0.028112,0.006847,-0.000027,-0.000037
-0.000329,0.000603,4495.347583,9.448946,0.000406,0.028076,0.00665,-0.000018,-0.000035
0.000261,0.000578,4496.347438,9.455501,0.00039,0.028042,0.006461,-0.000012,-0.000033
0.000827,0.000553,4497.347292,9.461869,0.000381,0.02801,0.006278,-0.000006,-0.000031
0.001367,0.000527,4498.347147,9.468057,0.000377,0.02798,0.006101,-0.000003,-0.000029
0.001881,0.000502,4499.347002,9.474073,0.000375,0.027952,0.005931,-0.000001,-0.000027
0.00237,0.000476,4500.346857,9.479921,0.000374,0.027925,0.005767,-0.000001,-0.000026
0.002833,0.00045,4501.346712,9.485609,0.000373,0.027901,0.00561,-0.000002,-0.000024
0.00327,0.000424,4502.346567,9.491142,0.00037,0.027878,0.005458,-0.000004,-0.000022
0.003681,0.000398,4503.346422,9.496526,0.000365,0.027857,0.005312,-0.000006,-0.00002
0.004065,0.000371,4504.346277,9.501767,0.000357,0.027839,0.005171,-0.000009,-0.000017
0.004423,0.000345,4505.346132,9.50687,0.000346,0.027823,0.005036,-0.000012,-0.000015
0.004754,0.000318,4506.345986,9.51184,0.000333,0.027808,0.004906,-0.000014,-0.000013
0.005058,0.00029,4507.345841,9.516682,0.000318,0.027796,0.00478,-0.000016,-0.000011
0.005334,0.000262,4508.345696,9.521401,0.000302,0.027785,0.00466,-0.000017,-0.00001
0.005582,0.000234,4509.345551,9.526002,0.000286,0.027776,0.004543,-0.000017,-0.000009
0.005802,0.000206,4510.345406,9.530488,0.000269,0.027768,0.004431,-0.000017,-0.000008
0.005994,0.000178,4511.345261,9.534865,0.000252,0.027761,0.004323,-0.000017,-0.000007
0.006159,0.00015,4512.345116,9.539135,0.000236,0.027754,0.004219,-0.000017,-0.000007
0.006295,0.000123,4513.344971,9.543303,0.000218,0.027747,0.004118,-0.000018,-0.000007
0.006404,0.000095,4514.344826,9.547372,0.0002,0.027739,0.004021,-0.000019,-0.000007
0.006486,0.000069,4515.34468,9.551346,0.000179,0.027732,0.003928,-0.000023,-0.000008
0.006542,0.000043,4516.344535,9.555229,0.000154,0.027724,0.003838,-0.000027,-0.000008
0.006572,0.000017,4517.34439,9.559023,0.000123,0.027716,0.003752,-0.000033,-0.000008
0.006577,-0.000008,4518.344245,9.562732,0.000086,0.027708,0.003668,-0.00004,-0.000008
0.006557,-0.000032,4519.3441,9.56636,0.000042,0.027699,0.003588,-0.000048,-0.000008
0.006513,-0.000056,4520.343955,9.569908,-0.00001,0.027692,0.00351,-0.000056,-0.000008
0.006445,-0.000079,4521.34381,9.573381,-0.00007,0.027684,0.003436,-0.000063,-0.000007
0.006355,-0.000102,4522.343665,9.57678,-0.000136,0.027677,0.003364,-0.00007,-0.000007
0.006241,-0.000125,4523.34352,9.58011,-0.000208,0.027671,0.003295,-0.000075,-0.000006
0.006105,-0.000147,4524.343374,9.583371,-0.000285,0.027665,0.003229,-0.000078,-0.000006
0.005946,-0.00017,4525.343229,9.586568,-0.000363,0.027659,0.003165,-0.00008,-0.000006
0.005766,-0.000192,4526.343084,9.589702,-0.000443,0.027654,0.003104,-0.00008,-0.000005
0.005563,-0.000214,4527.342939,9.592776,-0.000523,0.027648,0.003045,-0.000079,-0.000006
0.005338,-0.000235,4528.342794,9.595791,-0.000602,0.027642,0.002988,-0.000078,-0.000006
0.005092,-0.000257,4529.342649,9.598751,-0.00068,0.027635,0.002933,-0.000077,-0.000007
0.004825,-0.000277,4530.342504,9.601657,-0.000757,0.027628,0.002879,-0.000077,-0.000008
0.004538,-0.000297,4531.342359,9.60451,-0.000834,0.027619,0.002828,-0.000078,-0.000009
0.004232,-0.000316,4532.342214,9.607312,-0.000913,0.027609,0.002777,-0.00008,-0.000011
0.003908,-0.000332,4533.342068,9.610064,-0.000995,0.027597,0.002728,-0.000083,-0.000013
0.003568,-0.000347,4534.341923,9.612768,-0.00108,0.027584,0.00268,-0.000087,-0.000014
0.003216,-0.000358,4535.341778,9.615423,-0.001169,0.027568,0.002632,-0.000092,-0.000016
0.002855,-0.000364,4536.341633,9.618031,-0.001264,0.027552,0.002585,-0.000097,-0.000018
0.00249,-0.000365,4537.341488,9.620592,-0.001363,0.027533,0.002538,-0.000102,-0.000019
0.002126,-0.000361,4538.341343,9.623105,-0.001467,0.027513,0.00249,-0.000106,-0.000021
0.001768,-0.000354,4539.341198,9.625571,-0.001575,0.027492,0.002443,-0.00011,-0.000022
0.001419,-0.000344,4540.341053,9.62799,-0.001686,0.027469,0.002395,-0.000112,-0.000024
0.001081,-0.000333,4541.340908,9.63036,-0.001799,0.027445,0.002346,-0.000113,-0.000025
0.000753,-0.000322,4542.340762,9.63268,-0.001911,0.02742,0.002296,-0.000112,-0.000026
0.000436,-0.000312,4543.340617,9.634951,-0.002022,0.027394,0.002246,-0.00011,-0.000026
0.000129,-0.000303,4544.340472,9.63717,-0.00213,0.027367,0.002194,-0.000106,-0.000027
-0.000169,-0.000294,4545.340327,9.639338,-0.002233,0.02734,0.002141,-0.0001,-0.000027
-0.00046,-0.000287,4546.340182,9.641451,-0.002329,0.027314,0.002087,-0.000093,-0.000026
-0.000744,-0.000282,4547.340037,9.643511,-0.002417,0.027288,0.002032,-0.000084,-0.000025
-0.001024,-0.000277,4548.339892,9.645515,-0.002497,0.027263,0.001976,-0.000075,-0.000024
-0.001298,-0.000273,4549.339747,9.647462,-0.002567,0.02724,0.001919,-0.000065,-0.000022
-0.001569,-0.00027,4550.339602,9.649351,-0.002628,0.027219,0.00186,-0.000056,-0.00002
-0.001838,-0.000267,4551.339456,9.651181,-0.00268,0.027201,0.001801,-0.000048,-0.000017
-0.002103,-0.000264,4552.339311,9.652951,-0.002724,0.027186,0.00174,-0.00004,-0.000014
-0.002366,-0.000262,4553.339166,9.654661,-0.002761,0.027174,0.001679,-0.000034,-0.00001
-0.002627,-0.000259,4554.339021,9.656309,-0.002794,0.027166,0.001617,-0.000031,-0.000006
-0.002884,-0.000256,4555.338876,9.657895,-0.002824,0.027162,0.001555,-0.00003,-0.000002
-0.003139,-0.000253,4556.338731,9.659418,-0.002854,0.027161,0.001492,-0.000031,0.000002
-0.003391,-0.00025,4557.338586,9.660878,-0.002887,0.027165,0.001429,-0.000035,0.000006
-0.003638,-0.000246,4558.338441,9.662275,-0.002925,0.027173,0.001365,-0.00004,0.00001
-0.003882,-0.000242,4559.338296,9.663607,-0.002967,0.027184,0.001301,-0.000046,0.000013
-0.004122,-0.000237,4560.33815,9.664876,-0.003017,0.027199,0.001236,-0.000053,0.000016
-0.004356,-0.000232,4561.338005,9.666079,-0.003073,0.027216,0.001172,-0.000059,0.000018
-0.004585,-0.000226,4562.33786,9.667219,-0.003135,0.027236,0.001107,-0.000065,0.000021
-0.004808,-0.00022,4563.337715,9.668294,-0.003203,0.027257,0.001043,-0.00007,0.000022
-0.005025,-0.000213,4564.33757,9.669304,-0.003275,0.02728,0.000978,-0.000074,0.000023
-0.005235,-0.000206,4565.337425,9.670251,-0.003351,0.027303,0.000914,-0.000077,0.000024
-0.005438,-0.000199,4566.33728,9.671132,-0.003429,0.027327,0.00085,-0.00008,0.000024
-0.005632,-0.000191,4567.337135,9.67195,-0.003511,0.027352,0.000786,-0.000082,0.000024
-0.005819,-0.000182,4568.33699,9.672703,-0.003594,0.027375,0.000722,-0.000084,0.000023
-0.005997,-0.000173,4569.336844,9.673393,-0.003679,0.027397,0.000658,-0.000087,0.000022
-0.006165,-0.000164,4570.336699,9.674019,-0.003768,0.027418,0.000594,-0.00009,0.00002
-0.006324,-0.000154,4571.336554,9.674582,-0.003859,0.027437,0.000531,-0.000093,0.000018
-0.006472,-0.000143,4572.336409,9.675081,-0.003954,0.027453,0.000468,-0.000097,0.000015
-0.00661,-0.000132,4573.336264,9.675518,-0.004053,0.027467,0.000405,-0.000101,0.000012
-0.006736,-0.000121,4574.336119,9.675892,-0.004157,0.027476,0.000343,-0.000106,0.000008
-0.006851,-0.000109,4575.335974,9.676204,-0.004264,0.027482,0.000281,-0.000109,0.000004
-0.006954,-0.000096,4576.335829,9.676455,-0.004375,0.027483,0.00022,-0.000112,-0.000001
-0.007043,-0.000083,4577.335684,9.676644,-0.004486,0.02748,0.000159,-0.000112,-0.000006
-0.00712,-0.00007,4578.335538,9.676772,-0.004598,0.027472,0.000098,-0.000111,-0.000011
-0.007183,-0.000056,4579.335393,9.67684,-0.004708,0.027459,0.000038,-0.000108,-0.000016
-0.007232,-0.000042,4580.335248,9.676849,-0.004813,0.027441,-0.000021,-0.000102,-0.00002
-0.007266,-0.000027,4581.335103,9.676799,-0.004911,0.027418,-0.000079,-0.000095,-0.000025
-0.007286,-0.000012,4582.334958,9.67669,-0.005002,0.027391,-0.000137,-0.000086,-0.000029
-0.007291,0.000002,4583.334813,9.676525,-0.005083,0.027361,-0.000194,-0.000077,-0.000032
-0.007282,0.000016,4584.334668,9.676303,-0.005156,0.027327,-0.00025,-0.000068,-0.000035
-0.00726,0.000028,4585.334523,9.676026,-0.005219,0.027291,-0.000304,-0.000059,-0.000037
-0.007226,0.000039,4586.334378,9.675695,-0.005274,0.027253,-0.000358,-0.000051,-0.000039
-0.007182,0.000048,4587.334232,9.675311,-0.005321,0.027213,-0.00041,-0.000044,-0.00004
-0.00713,0.000055,4588.334087,9.674875,-0.005363,0.027173,-0.000461,-0.000039,-0.000041
-0.007073,0.000058,4589.333942,9.674389,-0.005399,0.027132,-0.000511,-0.000035,-0.000041
-0.007015,0.000058,4590.333797,9.673853,-0.005433,0.027092,-0.00056,-0.000032,-0.000041
-0.006958,0.000056,4591.333652,9.67327,-0.005464,0.027051,-0.000607,-0.00003,-0.00004
-0.006904,0.000052,4592.333507,9.672639,-0.005493,0.027012,-0.000654,-0.000029,-0.000039
-0.006855,0.000046,4593.333362,9.671964,-0.005523,0.026973,-0.000698,-0.000029,-0.000038
-0.006811,0.000041,4594.333217,9.671243,-0.005552,0.026935,-0.000742,-0.00003,-0.000037
-0.006773,0.000036,4595.333072,9.670479,-0.005582,0.026899,-0.000785,-0.000031,-0.000036
-0.006739,0.000032,4596.332926,9.669673,-0.005614,0.026864,-0.000828,-0.000032,-0.000034
-0.006708,0.00003,4597.332781,9.668825,-0.005647,0.02683,-0.000869,-0.000034,-0.000033
-0.006678,0.000031,4598.332636,9.667935,-0.005681,0.026798,-0.00091,-0.000035,-0.000032
-0.006646,0.000034,4599.332491,9.667005,-0.005718,0.026767,-0.000951,-0.000038,-0.00003
-0.00661,0.00004,4600.332346,9.666033,-0.005757,0.026737,-0.000992,-0.00004,-0.000029
-0.006565,0.000049,4601.332201,9.665021,-0.005798,0.026708,-0.001033,-0.000043,-0.000028
-0.006511,0.000061,4602.332056,9.663966,-0.005843,0.02668,-0.001075,-0.000046,-0.000027
-0.006442,0.000076,4603.331911,9.66287,-0.005891,0.026654,-0.001118,-0.00005,-0.000026
-0.006357,0.000094,4604.331766,9.661731,-0.005942,0.026627,-0.001161,-0.000054,-0.000026
-0.006253,0.000114,4605.33162,9.660547,-0.005998,0.026602,-0.001206,-0.000058,-0.000025
-0.006128,0.000136,4606.331475,9.659319,-0.006059,0.026576,-0.001252,-0.000063,-0.000025
-0.005981,0.000158,4607.33133,9.658043,-0.006123,0.026551,-0.001299,-0.000067,-0.000025
-0.005812,0.00018,4608.331185,9.65672,-0.006192,0.026526,-0.001348,-0.000071,-0.000025
-0.005621,0.000201,4609.33104,9.655347,-0.006265,0.0265,-0.001399,-0.000074,-0.000026
-0.005411,0.000219,4610.330895,9.653922,-0.006341,0.026474,-0.001451,-0.000077,-0.000026
-0.005184,0.000234,4611.33075,9.652444,-0.006419,0.026447,-0.001505,-0.000079,-0.000027
-0.004944,0.000246,4612.330605,9.650912,-0.006498,0.02642,-0.001561,-0.00008,-0.000027
-0.004694,0.000253,4613.33046,9.649322,-0.006579,0.026393,-0.001619,-0.00008,-0.000028
-0.00444,0.000256,4614.330314,9.647674,-0.006659,0.026365,-0.001678,-0.00008,-0.000028
-0.004184,0.000256,4615.330169,9.645965,-0.006738,0.026337,-0.001739,-0.000078,-0.000028
-0.003928,0.000255,4616.330024,9.644195,-0.006815,0.02631,-0.001802,-0.000076,-0.000027
-0.003675,0.000251,4617.329879,9.642362,-0.00689,0.026283,-0.001866,-0.000074,-0.000026
-0.003426,0.000246,4618.329734,9.640463,-0.006963,0.026257,-0.001931,-0.000072,-0.000025
-0.003183,0.000241,4619.329589,9.638499,-0.007034,0.026234,-0.001999,-0.00007,-0.000023
-0.002945,0.000235,4620.329444,9.636466,-0.007102,0.026212,-0.002067,-0.000068,-0.00002
-0.002713,0.000229,4621.329299,9.634365,-0.007169,0.026193,-0.002137,-0.000066,-0.000018
-0.002488,0.000222,4622.329154,9.632193,-0.007235,0.026177,-0.002208,-0.000065,-0.000014
-0.002269,0.000216,4623.329008,9.629949,-0.0073,0.026165,-0.002281,-0.000065,-0.000011
-0.002055,0.00021,4624.328863,9.627631,-0.007365,0.026156,-0.002354,-0.000065,-0.000007
-0.001848,0.000205,4625.328718,9.62524,-0.00743,0.026151,-0.00243,-0.000065,-0.000003
-0.001646,0.000199,4626.328573,9.622772,-0.007495,0.026151,-0.002506,-0.000066,0.000001
-0.001449,0.000194,4627.328428,9.620228,-0.007562,0.026154,-0.002584,-0.000068,0.000006
-0.001258,0.000189,4628.328283,9.617604,-0.007631,0.026162,-0.002664,-0.000069,0.00001
-0.001072,0.000183,4629.328138,9.614899,-0.007701,0.026174,-0.002745,-0.000071,0.000014
-0.000891,0.000178,4630.327993,9.612113,-0.007772,0.02619,-0.002828,-0.000072,0.000018
-0.000716,0.000173,4631.327848,9.609242,-0.007845,0.02621,-0.002913,-0.000074,0.000022
-0.000545,0.000168,4632.327702,9.606286,-0.007919,0.026234,-0.003,-0.000074,0.000026
-0.00038,0.000163,4633.327557,9.603242,-0.007994,0.026262,-0.003089,-0.000075,0.000029
-0.000219,0.000159,4634.327412,9.600107,-0.008068,0.026293,-0.003181,-0.000075,0.000033
-0.000062,0.000154,4635.327267,9.59688,-0.008142,0.026327,-0.003274,-0.000074,0.000036
0.00009,0.000151,4636.327122,9.593558,-0.008216,0.026365,-0.003371,-0.000073,0.00004
0.000239,0.000148,4637.326977,9.590138,-0.008287,0.026407,-0.003469,-0.000071,0.000043
0.000386,0.000146,4638.326832,9.586619,-0.008357,0.026451,-0.003571,-0.000068,0.000046
0.000531,0.000144,4639.326687,9.582996,-0.008424,0.026499,-0.003675,-0.000066,0.000049
0.000675,0.000144,4640.326542,9.579269,-0.008488,0.02655,-0.003782,-0.000062,0.000053
0.00082,0.000145,4641.326396,9.575432,-0.008548,0.026604,-0.003892,-0.000059,0.000056
0.000965,0.000147,4642.326251,9.571485,-0.008605,0.026661,-0.004004,-0.000054,0.000059
0.001113,0.000149,4643.326106,9.567424,-0.008657,0.026722,-0.00412,-0.00005,0.000062
0.001263,0.000151,4644.325961,9.563245,-0.008704,0.026785,-0.004238,-0.000045,0.000065
0.001415,0.000154,4645.325816,9.558948,-0.008746,0.026851,-0.004359,-0.000039,0.000068
0.00157,0.000156,4646.325671,9.554528,-0.008782,0.02692,-0.004482,-0.000033,0.000071
0.001727,0.000157,4647.325526,9.549983,-0.008812,0.026992,-0.004608,-0.000026,0.000073
0.001885,0.000158,4648.325381,9.545312,-0.008835,0.027067,-0.004736,-0.000019,0.000076
0.002043,0.000158,4649.325236,9.540511,-0.00885,0.027145,-0.004866,-0.000012,0.000079
0.0022,0.000157,4650.32509,9.53558,-0.008858,0.027225,-0.004998,-0.000003,0.000082
0.002357,0.000156,4651.324945,9.530516,-0.008856,0.027308,-0.005132,0.000006,0.000084
0.002511,0.000154,4652.3248,9.525317,-0.008846,0.027393,-0.005266,0.000015,0.000086
0.002664,0.000151,4653.324655,9.519984,-0.008826,0.027481,-0.005402,0.000025,0.000089
0.002813,0.000148,4654.32451,9.514514,-0.008797,0.02757,-0.005538,0.000035,0.000091
0.00296,0.000145,4655.324365,9.508908,-0.008757,0.027662,-0.005675,0.000045,0.000092
0.003103,0.000142,4656.32422,9.503166,-0.008706,0.027755,-0.005812,0.000056,0.000094
0.003243,0.000139,4657.324075,9.497287,-0.008645,0.027849,-0.005948,0.000066,0.000094
0.003381,0.000136,4658.32393,9.491273,-0.008575,0.027943,-0.006083,0.000076,0.000095
0.003515,0.000133,4659.323784,9.485123,-0.008494,0.028038,-0.006217,0.000085,0.000095
0.003646,0.00013,4660.323639,9.478841,-0.008404,0.028133,-0.00635,0.000094,0.000094
0.003775,0.000127,4661.323494,9.472427,-0.008307,0.028226,-0.00648,0.000101,0.000092
0.003901,0.000125,4662.323349,9.465883,-0.008203,0.028317,-0.006609,0.000107,0.00009
0.004025,0.000122,4663.323204,9.459212,-0.008094,0.028406,-0.006735,0.000111,0.000087
0.004145,0.000119,4664.323059,9.452417,-0.007981,0.028491,-0.006857,0.000114,0.000083
0.004263,0.000116,4665.322914,9.445501,-0.007867,0.028572,-0.006977,0.000115,0.000079
0.004377,0.000112,4666.322769,9.438467,-0.007752,0.028648,-0.007093,0.000114,0.000073
0.004487,0.000107,4667.322624,9.43132,-0.007639,0.028719,-0.007205,0.000112,0.000067
0.004592,0.000102,4668.322478,9.424062,-0.007528,0.028782,-0.007312,0.000109,0.000061
0.00469,0.000095,4669.322333,9.416699,-0.007421,0.02884,-0.007415,0.000106,0.000054
0.004781,0.000087,4670.322188,9.409236,-0.007318,0.028889,-0.007514,0.000101,0.000046
0.004863,0.000077,4671.322043,9.401676,-0.007218,0.028932,-0.007607,0.000097,0.000039
0.004935,0.000066,4672.321898,9.394026,-0.007124,0.028968,-0.007696,0.000093,0.000032
0.004995,0.000054,4673.321753,9.386289,-0.007033,0.028997,-0.007779,0.000088,0.000026
0.005043,0.000041,4674.321608,9.378472,-0.006947,0.02902,-0.007857,0.000084,0.00002
0.005076,0.000026,4675.321463,9.37058,-0.006865,0.029038,-0.00793,0.00008,0.000015
0.005094,0.00001,4676.321318,9.362617,-0.006787,0.02905,-0.007997,0.000076,0.00001
0.005097,-0.000006,4677.321172,9.35459,-0.006713,0.029059,-0.008059,0.000073,0.000007
0.005082,-0.000023,4678.321027,9.346503,-0.006642,0.029064,-0.008116,0.000069,0.000003
0.00505,-0.00004,4679.320882,9.338362,-0.006574,0.029066,-0.008168,0.000066,0.000001
0.005002,-0.000057,4680.320737,9.330172,-0.00651,0.029066,-0.008215,0.000063,-0.000001
0.004937,-0.000073,4681.320592,9.321938,-0.006448,0.029064,-0.008256,0.000061,-0.000002
0.004857,-0.000087,4682.320447,9.313664,-0.006388,0.029061,-0.008294,0.00006,-0.000003
0.004764,-0.0001,4683.320302,9.305355,-0.006328,0.029058,-0.008327,0.00006,-0.000004
0.004658,-0.000111,4684.320157,9.297015,-0.006267,0.029053,-0.008355,0.000062,-0.000004
0.004543,-0.000118,4685.320012,9.288648,-0.006204,0.029049,-0.008381,0.000065,-0.000004
0.004422,-0.000123,4686.319866,9.280258,-0.006137,0.029045,-0.008402,0.000069,-0.000004
0.004299,-0.000123,4687.319721,9.271848,-0.006065,0.02904,-0.008421,0.000075,-0.000004
0.004178,-0.000119,4688.319576,9.263421,-0.005987,0.029036,-0.008436,0.000081,-0.000004
0.004063,-0.00011,4689.319431,9.254979,-0.005902,0.029032,-0.008449,0.000087,-0.000004
0.003959,-0.000098,4690.319286,9.246526,-0.005812,0.029029,-0.00846,0.000094,-0.000003
0.003869,-0.000081,4691.319141,9.238062,-0.005715,0.029025,-0.008469,0.0001,-0.000003
0.003798,-0.000061,4692.318996,9.229591,-0.005613,0.029022,-0.008477,0.000105,-0.000003
0.003748,-0.000039,4693.318851,9.221112,-0.005507,0.029019,-0.008483,0.000108,-0.000003
0.00372,-0.000016,4694.318706,9.212629,-0.005398,0.029016,-0.008487,0.00011,-0.000004
0.003716,0.000007,4695.318561,9.204141,-0.005289,0.029011,-0.008491,0.000109,-0.000005
0.003734,0.000028,4696.318415,9.195649,-0.005181,0.029006,-0.008494,0.000106,-0.000006
0.003771,0.000046,4697.31827,9.187155,-0.005078,0.028999,-0.008497,0.0001,-0.000008
0.003824,0.000058,4698.318125,9.178659,-0.004982,0.02899,-0.008499,0.000093,-0.000011
0.003885,0.000064,4699.31798,9.17016,-0.004893,0.028978,-0.0085,0.000084,-0.000014
0.00395,0.000064,4700.317835,9.16166,-0.004814,0.028962,-0.008502,0.000074,-0.000017
0.00401,0.000056,4701.31769,9.153159,-0.004745,0.028943,-0.008503,0.000064,-0.000022
0.00406,0.000042,4702.317545,9.144656,-0.004685,0.028918,-0.008505,0.000055,-0.000027
0.004092,0.000021,4703.3174,9.136152,-0.004635,0.028889,-0.008506,0.000046,-0.000032
0.004101,-0.000004,4704.317255,9.127646,-0.004592,0.028853,-0.008508,0.00004,-0.000038
0.004084,-0.000031,4705.317109,9.119138,-0.004554,0.028812,-0.00851,0.000035,-0.000045
0.004038,-0.00006,4706.316964,9.110628,-0.004521,0.028764,-0.008513,0.000033,-0.000052
0.003963,-0.000088,4707.316819,9.102114,-0.004488,0.028708,-0.008516,0.000032,-0.000059
0.003862,-0.000113,4708.316674,9.093598,-0.004455,0.028645,-0.00852,0.000033,-0.000067
0.003739,-0.000133,4709.316529,9.085077,-0.004421,0.028573,-0.008524,0.000036,-0.000075
0.003598,-0.000147,4710.316384,9.076552,-0.004383,0.028494,-0.008529,0.000039,-0.000084
0.003447,-0.000153,4711.316239,9.068021,-0.004343,0.028406,-0.008535,0.000042,-0.000092
0.003294,-0.000152,4712.316094,9.059483,-0.0043,0.02831,-0.008542,0.000043,-0.0001
0.003146,-0.000142,4713.315949,9.050938,-0.004257,0.028205,-0.00855,0.000042,-0.000109
0.003012,-0.000125,4714.315803,9.042385,-0.004217,0.028093,-0.008559,0.000038,-0.000116
0.002898,-0.000102,4715.315658,9.033823,-0.004182,0.027973,-0.008568,0.000031,-0.000124
0.00281,-0.000075,4716.315513,9.025251,-0.004158,0.027846,-0.008578,0.000019,-0.00013
0.00275,-0.000045,4717.315368,9.016669,-0.004146,0.027713,-0.008588,0.000003,-0.000136
0.002719,-0.000016,4718.315223,9.008077,-0.004153,0.027575,-0.008599,-0.000016,-0.00014
0.002718,0.000012,4719.315078,8.999474,-0.004181,0.027433,-0.00861,-0.00004,-0.000144
0.002742,0.000036,4720.314933,8.99086,-0.004233,0.027288,-0.008621,-0.000066,-0.000146
0.002788,0.000054,4721.314788,8.982235,-0.004314,0.027141,-0.008631,-0.000094,-0.000147
0.002849,0.000066,4722.314643,8.9736,-0.004423,0.026994,-0.008642,-0.000125,-0.000147
0.002917,0.000068,4723.314497,8.964955,-0.004563,0.026848,-0.008651,-0.000155,-0.000145
0.002982,0.000061,4724.314352,8.956301,-0.004733,0.026704,-0.00866,-0.000186,-0.000142
0.003036,0.000044,4725.314207,8.947639,-0.004934,0.026565,-0.008667,-0.000215,-0.000137
0.003068,0.000018,4726.314062,8.93897,-0.005162,0.026432,-0.008673,-0.000241,-0.00013
0.003069,-0.000017,4727.313917,8.930296,-0.005413,0.026306,-0.008678,-0.000262,-0.000121
0.003031,-0.00006,4728.313772,8.921617,-0.005683,0.02619,-0.008681,-0.000278,-0.000111
0.002948,-0.000107,4729.313627,8.912937,-0.005966,0.026085,-0.008683,-0.000287,-0.000099
0.002817,-0.000155,4730.313482,8.904255,-0.006254,0.025992,-0.008683,-0.000289,-0.000086
0.002639,-0.000201,4731.313337,8.895574,-0.006539,0.025912,-0.008682,-0.000282,-0.000073
0.002416,-0.000243,4732.313191,8.886894,-0.006814,0.025846,-0.008679,-0.000268,-0.00006
0.002156,-0.000276,4733.313046,8.878218,-0.007071,0.025791,-0.008676,-0.000247,-0.000049
0.001868,-0.000299,4734.312901,8.869546,-0.007306,0.025748,-0.008671,-0.000222,-0.000038
0.001563,-0.000309,4735.312756,8.860879,-0.007513,0.025714,-0.008665,-0.000193,-0.000029
0.001254,-0.000306,4736.312611,8.852219,-0.00769,0.025689,-0.008658,-0.000161,-0.000021
0.000955,-0.000291,4737.312466,8.843565,-0.007836,0.025673,-0.008651,-0.00013,-0.000013
0.000677,-0.000262,4738.312321,8.83492,-0.00795,0.025663,-0.008643,-0.000098,-0.000006
0.000434,-0.000223,4739.312176,8.826282,-0.008033,0.025661,-0.008635,-0.000068,0.000001
0.000234,-0.000175,4740.312031,8.817652,-0.008088,0.025665,-0.008626,-0.000042,0.000007
0.000087,-0.000119,4741.311885,8.809031,-0.008118,0.025675,-0.008618,-0.000018,0.000014
-0.000003,-0.00006,4742.31174,8.800419,-0.008127,0.025692,-0.008609,0,0.00002
-0.000032,0.000001,4743.311595,8.791816,-0.00812,0.025716,-0.0086,0.000013,0.000027
-0.000002,0.000059,4744.31145,8.783221,-0.008103,0.025745,-0.008592,0.00002,0.000033
0.000083,0.00011,4745.311305,8.774634,-0.008083,0.025782,-0.008584,0.000021,0.00004
0.000214,0.00015,4746.31116,8.766055,-0.008065,0.025827,-0.008577,0.000014,0.000048
0.000379,0.000177,4747.311015,8.757483,-0.008057,0.025879,-0.00857,0.000002,0.000056
0.000562,0.000187,4748.31087,8.748917,-0.008064,0.025939,-0.008563,-0.000015,0.000065
0.000746,0.000177,4749.310725,8.740358,-0.00809,0.026009,-0.008558,-0.000036,0.000074
0.00091,0.000148,4750.310579,8.731805,-0.008136,0.026088,-0.008552,-0.000058,0.000083
0.001036,0.0001,4751.310434,8.723256,-0.008204,0.026176,-0.008547,-0.000077,0.000093
0.001105,0.000037,4752.310289,8.714714,-0.008288,0.026273,-0.008542,-0.000091,0.000102
0.001106,-0.000037,4753.310144,8.706176,-0.008382,0.026379,-0.008536,-0.000096,0.000111
0.00103,-0.000115,4754.309999,8.697643,-0.008475,0.026494,-0.008531,-0.00009,0.000119
0.000878,-0.000189,4755.309854,8.689116,-0.008556,0.026616,-0.008526,-0.000072,0.000126
0.000654,-0.000255,4756.309709,8.680595,-0.008612,0.026744,-0.008519,-0.000041,0.000131
0.000373,-0.000305,4757.309564,8.672081,-0.008633,0.026878,-0.008512,0,0.000135
0.000051,-0.000337,4758.309419,8.663575,-0.008608,0.027014,-0.008503,0.000049,0.000138
-0.000293,-0.000347,4759.309273,8.655078,-0.008534,0.027152,-0.008492,0.000101,0.000139
-0.000637,-0.000338,4760.309128,8.646593,-0.008407,0.027291,-0.00848,0.000153,0.000138
-0.000963,-0.00031,4761.308983,8.638122,-0.008229,0.027427,-0.008465,0.000202,0.000135
-0.001254,-0.000271,4762.308838,8.629668,-0.008006,0.027559,-0.008446,0.000244,0.00013
-0.001502,-0.000224,4763.308693,8.621233,-0.007746,0.027687,-0.008424,0.000277,0.000124
-0.001702,-0.000178,4764.308548,8.612823,-0.007457,0.027807,-0.008398,0.0003,0.000117
-0.001859,-0.000136,4765.308403,8.604442,-0.00715,0.02792,-0.008367,0.000314,0.000108
-0.001977,-0.000103,4766.308258,8.596094,-0.006833,0.028023,-0.008331,0.00032,0.000098
-0.002067,-0.000079,4767.308113,8.587785,-0.006514,0.028115,-0.008289,0.000319,0.000087
-0.002138,-0.000064,4768.307967,8.579522,-0.006198,0.028196,-0.00824,0.000314,0.000075
-0.002198,-0.000058,4769.307822,8.571312,-0.005888,0.028264,-0.008184,0.000306,0.000062
-0.002256,-0.000058,4770.307677,8.563161,-0.005586,0.02832,-0.00812,0.000299,0.00005
-0.002315,-0.000062,4771.307532,8.555079,-0.00529,0.028364,-0.008048,0.000293,0.000038
-0.002381,-0.000069,4772.307387,8.547072,-0.004999,0.028396,-0.007968,0.000288,0.000026
-0.002454,-0.000077,4773.307242,8.53915,-0.004713,0.028417,-0.007879,0.000285,0.000016
-0.002535,-0.000085,4774.307097,8.531321,-0.004429,0.028428,-0.007781,0.000283,0.000006
-0.002623,-0.000091,4775.306952,8.523595,-0.004146,0.02843,-0.007674,0.000283,-0.000002
-0.002715,-0.000094,4776.306807,8.515981,-0.003863,0.028424,-0.007557,0.000282,-0.000009
-0.00281,-0.000095,4777.306661,8.508487,-0.003581,0.028412,-0.007432,0.000281,-0.000015
-0.002905,-0.000093,4778.306516,8.501123,-0.003301,0.028395,-0.007298,0.00028,-0.000019
-0.002995,-0.000087,4779.306371,8.493897,-0.003022,0.028374,-0.007155,0.000278,-0.000023
-0.003078,-0.000079,4780.306226,8.486819,-0.002746,0.02835,-0.007004,0.000274,-0.000026
-0.003152,-0.000068,4781.306081,8.479895,-0.002474,0.028323,-0.006845,0.00027,-0.000028
-0.003214,-0.000055,4782.305936,8.473134,-0.002207,0.028294,-0.006678,0.000264,-0.00003
-0.003261,-0.000039,4783.305791,8.466544,-0.001947,0.028264,-0.006505,0.000257,-0.000031
-0.003292,-0.000023,4784.305646,8.46013,-0.001693,0.028233,-0.006325,0.00025,-0.000031
-0.003306,-0.000006,4785.305501,8.453899,-0.001448,0.028202,-0.006139,0.000241,-0.000032
-0.003303,0.000012,4786.305355,8.447857,-0.001211,0.02817,-0.005947,0.000233,-0.000032
-0.003282,0.00003,4787.30521,8.442008,-0.000983,0.028138,-0.005752,0.000224,-0.000032
-0.003243,0.000047,4788.305065,8.436358,-0.000764,0.028106,-0.005552,0.000215,-0.000032
-0.003188,0.000064,4789.30492,8.430908,-0.000553,0.028074,-0.005348,0.000206,-0.000032
-0.003116,0.00008,4790.304775,8.425663,-0.000352,0.028043,-0.005143,0.000197,-0.000031
-0.003029,0.000094,4791.30463,8.420625,-0.000159,0.028012,-0.004935,0.000188,-0.000031
-0.002928,0.000107,4792.304485,8.415796,0.000025,0.027981,-0.004726,0.00018,-0.00003
-0.002815,0.000118,4793.30434,8.411176,0.000201,0.027951,-0.004516,0.000172,-0.00003
-0.002692,0.000128,4794.304195,8.406765,0.000369,0.027922,-0.004306,0.000164,-0.000029
-0.00256,0.000136,4795.304049,8.402564,0.00053,0.027893,-0.004097,0.000157,-0.000029
-0.002421,0.000142,4796.303904,8.398572,0.000683,0.027864,-0.003888,0.00015,-0.000028
-0.002277,0.000146,4797.303759,8.394788,0.000829,0.027836,-0.003682,0.000142,-0.000028
-0.002129,0.000149,4798.303614,8.391208,0.000968,0.027809,-0.003478,0.000135,-0.000027
-0.001979,0.00015,4799.303469,8.387832,0.0011,0.027782,-0.003276,0.000128,-0.000027
-0.00183,0.000149,4800.303324,8.384656,0.001225,0.027755,-0.003078,0.000122,-0.000027
-0.001681,0.000147,4801.303179,8.381675,0.001343,0.027728,-0.002883,0.000115,-0.000027
-0.001536,0.000144,4802.303034,8.378888,0.001454,0.027702,-0.002693,0.000108,-0.000026
-0.001394,0.000139,4803.302889,8.376288,0.001559,0.027675,-0.002507,0.000102,-0.000026
-0.001257,0.000134,4804.302743,8.373872,0.001658,0.027649,-0.002326,0.000096,-0.000026
-0.001126,0.000128,4805.302598,8.371634,0.001751,0.027623,-0.00215,0.00009,-0.000026
-0.001002,0.000121,4806.302453,8.369569,0.001839,0.027597,-0.00198,0.000085,-0.000026
-0.000884,0.000114,4807.302308,8.367671,0.001921,0.02757,-0.001816,0.00008,-0.000026
-0.000774,0.000106,4808.302163,8.365934,0.001998,0.027544,-0.001658,0.000075,-0.000027
-0.000672,0.000098,4809.302018,8.364352,0.002071,0.027517,-0.001507,0.00007,-0.000027
-0.000579,0.00009,4810.301873,8.362918,0.002139,0.02749,-0.001362,0.000066,-0.000027
-0.000493,0.000081,4811.301728,8.361626,0.002203,0.027463,-0.001223,0.000062,-0.000027
-0.000417,0.000072,4812.301583,8.360469,0.002264,0.027436,-0.001092,0.000058,-0.000028
-0.000349,0.000063,4813.301437,8.359439,0.00232,0.027407,-0.000967,0.000055,-0.000028
-0.00029,0.000054,4814.301292,8.358531,0.002373,0.027379,-0.00085,0.000051,-0.000029
-0.00024,0.000045,4815.301147,8.357736,0.002422,0.027349,-0.00074,0.000048,-0.00003
-0.000199,0.000037,4816.301002,8.357048,0.002469,0.027319,-0.000636,0.000045,-0.00003
-0.000165,0.00003,4817.300857,8.35646,0.002513,0.027289,-0.00054,0.000043,-0.000031
-0.000138,0.000024,4818.300712,8.355965,0.002555,0.027257,-0.000451,0.000041,-0.000032
-0.000116,0.000019,4819.300567,8.355556,0.002595,0.027225,-0.000368,0.000039,-0.000033
-0.000099,0.000015,4820.300422,8.355226,0.002633,0.027192,-0.000292,0.000037,-0.000033
-0.000085,0.000012,4821.300277,8.354968,0.002669,0.027158,-0.000223,0.000036,-0.000034
-0.000074,0.00001,4822.300131,8.354776,0.002704,0.027123,-0.000161,0.000034,-0.000035
-0.000065,0.000008,4823.299986,8.354643,0.002738,0.027088,-0.000104,0.000033,-0.000036
-0.000057,0.000008,4824.299841,8.354565,0.00277,0.027052,-0.000054,0.000031,-0.000036
-0.00005,0.000008,4825.299696,8.354533,0.002801,0.027016,-0.000009,0.00003,-0.000037
-0.000041,0.000009,4826.299551,8.354544,0.00283,0.026978,0.000031,0.000029,-0.000038
-0.000031,0.000011,4827.299406,8.354592,0.002858,0.02694,0.000065,0.000027,-0.000039
-0.000019,0.000014,4828.299261,8.354672,0.002885,0.026901,0.000094,0.000026,-0.000039
-0.000003,0.000017,4829.299116,8.354778,0.00291,0.026862,0.000119,0.000025,-0.00004
0.000016,0.00002,4830.298971,8.354907,0.002935,0.026822,0.00014,0.000025,-0.00004
0.000036,0.00002,4831.298825,8.355055,0.00296,0.026781,0.000156,0.000025,-0.00004
0.000056,0.000018,4832.29868,8.355218,0.002985,0.026741,0.000169,0.000026,-0.00004
0.000071,0.000013,4833.298535,8.355392,0.003012,0.026701,0.000179,0.000027,-0.00004
0.00008,0.000005,4834.29839,8.355574,0.00304,0.026661,0.000185,0.000029,-0.00004
0.00008,-0.000006,4835.298245,8.35576,0.00307,0.026622,0.000188,0.000031,-0.000039
0.000068,-0.000018,4836.2981,8.355949,0.003102,0.026584,0.000189,0.000033,-0.000037
0.000043,-0.000031,4837.297955,8.356137,0.003136,0.026547,0.000187,0.000035,-0.000036
0.000005,-0.000045,4838.29781,8.356322,0.003172,0.026513,0.000183,0.000037,-0.000034
-0.000046,-0.000057,4839.297665,8.356501,0.00321,0.02648,0.000175,0.000038,-0.000032
-0.000109,-0.000068,4840.297519,8.356672,0.003247,0.02645,0.000166,0.000037,-0.000029
-0.000181,-0.000077,4841.297374,8.356832,0.003283,0.026422,0.000154,0.000035,-0.000027
-0.000261,-0.000081,4842.297229,8.356978,0.003316,0.026395,0.000139,0.000031,-0.000025
-0.000343,-0.000082,4843.297084,8.357107,0.003344,0.02637,0.000121,0.000026,-0.000025
-0.000424,-0.000079,4844.296939,8.357218,0.003367,0.026346,0.0001,0.000019,-0.000025
-0.000499,-0.000071,4845.296794,8.357306,0.003383,0.02632,0.000076,0.000012,-0.000026
-0.000564,-0.000058,4846.296649,8.357368,0.003391,0.026292,0.000048,0.000005,-0.00003
-0.000614,-0.000042,4847.296504,8.357401,0.003394,0.02626,0.000017,-0.000001,-0.000034
-0.000648,-0.000024,4848.296359,8.3574,0.003391,0.026223,-0.000018,-0.000006,-0.000039
-0.000663,-0.000006,4849.296213,8.357363,0.003383,0.026181,-0.000057,-0.000009,-0.000045
-0.000661,0.00001,4850.296068,8.357284,0.003373,0.026133,-0.000101,-0.000011,-0.000051
-0.000644,0.000023,4851.295923,8.357158,0.003361,0.026079,-0.000149,-0.000012,-0.000058
-0.000615,0.000034,4852.295778,8.356983,0.00335,0.026018,-0.000203,-0.000011,-0.000064
-0.000576,0.000044,4853.295633,8.356751,0.003339,0.025951,-0.000261,-0.00001,-0.00007
-0.000527,0.000053,4854.295488,8.356458,0.003331,0.025878,-0.000325,-0.000007,-0.000076
-0.00047,0.000062,4855.295343,8.356099,0.003326,0.0258,-0.000394,-0.000003,-0.000081
-0.000404,0.000071,4856.295198,8.355668,0.003326,0.025718,-0.000469,0.000002,-0.000085
-0.000328,0.000081,4857.295053,8.355158,0.003331,0.025631,-0.00055,0.000008,-0.000088
-0.000242,0.000092,4858.294907,8.354565,0.003342,0.025542,-0.000637,0.000014,-0.000089
-0.000144,0.000103,4859.294762,8.35388,0.003358,0.025453,-0.000731,0.000019,-0.000089
-0.000035,0.000116,4860.294617,8.353099,0.003379,0.025364,-0.000832,0.000023,-0.000088
0.000088,0.00013,4861.294472,8.352214,0.003403,0.025277,-0.000939,0.000026,-0.000086
0.000226,0.000146,4862.294327,8.351218,0.00343,0.025193,-0.001054,0.000027,-0.000083
0.000381,0.000165,4863.294182,8.350103,0.003457,0.025111,-0.001175,0.000028,-0.00008
0.000556,0.000185,4864.294037,8.348863,0.003485,0.025032,-0.001305,0.000028,-0.000077
0.000752,0.000209,4865.293892,8.34749,0.003512,0.024956,-0.001442,0.000027,-0.000075
0.000974,0.000235,4866.293747,8.345976,0.003539,0.024883,-0.001587,0.000027,-0.000072
0.001223,0.000264,4867.293601,8.344312,0.003566,0.024812,-0.001741,0.000027,-0.00007
0.001502,0.000296,4868.293456,8.34249,0.003594,0.024743,-0.001903,0.000028,-0.000068
0.001816,0.000332,4869.293311,8.340502,0.003623,0.024675,-0.002074,0.000031,-0.000067
0.002167,0.000371,4870.293166,8.338339,0.003656,0.024608,-0.002253,0.000034,-0.000066
0.002559,0.000414,4871.293021,8.335992,0.003692,0.024543,-0.002442,0.000038,-0.000065
0.002996,0.000461,4872.292876,8.333451,0.003732,0.024478,-0.00264,0.000043,-0.000065
0.003482,0.000511,4873.292731,8.330708,0.003777,0.024414,-0.002848,0.000048,-0.000064
0.00402,0.000565,4874.292586,8.327752,0.003828,0.02435,-0.003065,0.000053,-0.000064
0.004614,0.000623,4875.292441,8.324573,0.003882,0.024286,-0.003293,0.000057,-0.000063
0.005268,0.000685,4876.292295,8.321162,0.003941,0.024223,-0.003531,0.00006,-0.000063
0.005984,0.000749,4877.29215,8.317507,0.004002,0.02416,-0.003779,0.000062,-0.000063
0.006767,0.000817,4878.292005,8.3136,0.004063,0.024098,-0.004038,0.00006,-0.000062
0.007619,0.000888,4879.29186,8.309428,0.00412,0.024035,-0.004307,0.000055,-0.000062
0.008543,0.00096,4880.291715,8.304981,0.00417,0.023974,-0.004588,0.000045,-0.000061
0.00954,0.001034,4881.29157,8.300248,0.004207,0.023913,-0.00488,0.000029,-0.000061
0.010611,0.001108,4882.291425,8.295218,0.004224,0.023852,-0.005182,0.000006,-0.00006
0.011756,0.001181,4883.29128,8.289879,0.004216,0.023793,-0.005497,-0.000023,-0.000059
0.012972,0.001252,4884.291135,8.28422,0.004176,0.023734,-0.005823,-0.000058,-0.000059
0.014258,0.001318,4885.290989,8.278229,0.004099,0.023675,-0.00616,-0.000097,-0.000058
0.015607,0.001379,4886.290844,8.271896,0.00398,0.023617,-0.006509,-0.00014,-0.000058
0.017013,0.001433,4887.290699,8.265207,0.003818,0.023559,-0.00687,-0.000185,-0.000058
0.01847,0.001478,4888.290554,8.258153,0.003611,0.0235,-0.007242,-0.000228,-0.000059
0.019966,0.001514,4889.290409,8.25072,0.003363,0.02344,-0.007626,-0.000268,-0.00006
0.021493,0.001538,4890.290264,8.242898,0.003078,0.023379,-0.00802,-0.000303,-0.000062
0.023039,0.001552,4891.290119,8.234676,0.002762,0.023316,-0.008427,-0.00033,-0.000064
0.024593,0.001553,4892.289974,8.226042,0.002422,0.023252,-0.008843,-0.00035,-0.000066
0.026141,0.001541,4893.289829,8.216986,0.002067,0.023185,-0.009271,-0.00036,-0.000068
0.027671,0.001517,4894.289683,8.207499,0.001707,0.023117,-0.009708,-0.000361,-0.000069
0.029171,0.00148,4895.289538,8.197569,0.00135,0.023048,-0.010154,-0.000352,-0.000069
0.030627,0.00143,4896.289393,8.187189,0.001007,0.022978,-0.010609,-0.000335,-0.000069
0.032027,0.001367,4897.289248,8.176351,0.000684,0.022909,-0.011071,-0.00031,-0.000069
0.033359,0.001293,4898.289103,8.165047,0.000391,0.022842,-0.01154,-0.000277,-0.000067
0.03461,0.001208,4899.288958,8.153271,0.000133,0.022776,-0.012014,-0.000239,-0.000065
0.035771,0.001111,4900.288813,8.141019,-0.000084,0.022713,-0.012493,-0.000195,-0.000062
0.03683,0.001005,4901.288668,8.128288,-0.000255,0.022652,-0.012973,-0.000147,-0.000059
0.037779,0.00089,4902.288523,8.115076,-0.000376,0.022596,-0.013455,-0.000096,-0.000055
0.038608,0.000767,4903.288377,8.101382,-0.000445,0.022542,-0.013936,-0.000042,-0.000052
0.039311,0.000637,4904.288232,8.08721,-0.00046,0.022492,-0.014414,0.000012,-0.000049
0.039881,0.000501,4905.288087,8.072562,-0.000422,0.022444,-0.014886,0.000065,-0.000047
0.040312,0.000359,4906.287942,8.057445,-0.000332,0.022398,-0.015352,0.000116,-0.000045
0.040599,0.000214,4907.287797,8.041866,-0.000192,0.022353,-0.015809,0.000163,-0.000044
0.040738,0.000064,4908.287652,8.025837,-0.000008,0.022309,-0.016255,0.000205,-0.000045
0.040726,-0.000089,4909.287507,8.009368,0.000216,0.022263,-0.016687,0.000242,-0.000047
0.040558,-0.000245,4910.287362,7.992476,0.000473,0.022215,-0.017103,0.000272,-0.000049
0.040233,-0.000405,4911.287217,7.975177,0.000757,0.022164,-0.017501,0.000296,-0.000054
0.039747,-0.000568,4912.287071,7.957488,0.001061,0.022107,-0.01788,0.000313,-0.000059
0.039096,-0.000733,4913.286926,7.939431,0.00138,0.022045,-0.018238,0.000324,-0.000066
0.038279,-0.000901,4914.286781,7.921028,0.001707,0.021975,-0.018574,0.000331,-0.000074
0.037292,-0.001071,4915.286636,7.902301,0.002039,0.021897,-0.018885,0.000333,-0.000083
0.036135,-0.001243,4916.286491,7.883276,0.002371,0.021809,-0.019172,0.000332,-0.000093
0.034806,-0.001413,4917.286346,7.863976,0.002702,0.02171,-0.019433,0.00033,-0.000104
0.033307,-0.001582,4918.286201,7.844427,0.00303,0.0216,-0.019669,0.000325,-0.000115
0.031643,-0.001745,4919.286056,7.824655,0.003352,0.021479,-0.01988,0.00032,-0.000126
0.029819,-0.001899,4920.285911,7.804684,0.00367,0.021348,-0.020067,0.000314,-0.000137
0.027848,-0.00204,4921.285766,7.784539,0.00398,0.021207,-0.02023,0.000307,-0.000146
0.025743,-0.002165,4922.28562,7.764241,0.004282,0.021057,-0.020371,0.000297,-0.000153
0.023524,-0.002269,4923.285475,7.743814,0.004573,0.020902,-0.020491,0.000286,-0.000158
0.021212,-0.00235,4924.28533,7.723275,0.004851,0.020742,-0.020592,0.000271,-0.000161
0.018831,-0.002406,4925.285185,7.702643,0.005114,0.020581,-0.020677,0.000253,-0.000161
0.016407,-0.002437,4926.28504,7.681934,0.005357,0.020421,-0.020748,0.000232,-0.000158
0.013965,-0.002443,4927.284895,7.661158,0.005577,0.020267,-0.020808,0.000208,-0.000151
0.011527,-0.002429,4928.28475,7.640328,0.005772,0.020122,-0.020858,0.000182,-0.00014
0.009113,-0.002397,4929.284605,7.619451,0.00594,0.019988,-0.020902,0.000153,-0.000126
0.006739,-0.002349,4930.28446,7.598532,0.006078,0.019871,-0.020942,0.000124,-0.000108
0.00442,-0.002287,4931.284314,7.577573,0.006187,0.019774,-0.02098,0.000094,-0.000086
0.00217,-0.00221,4932.284169,7.556577,0.006266,0.019701,-0.021019,0.000064,-0.000061
0.000005,-0.002118,4933.284024,7.535541,0.006315,0.019654,-0.021059,0.000033,-0.000033
-0.002058,-0.002006,4934.283879,7.514463,0.006332,0.019636,-0.021102,0.000001,-0.000003
-0.004,-0.001874,4935.283734,7.49334,0.006315,0.019649,-0.021151,-0.000035,0.000028
-0.0058,-0.001722,4936.283589,7.472166,0.006259,0.019692,-0.021204,-0.000077,0.000059
-0.007437,-0.001551,4937.283444,7.450936,0.006157,0.019766,-0.021262,-0.000129,0.000088
-0.008896,-0.001367,4938.283299,7.429646,0.005996,0.019866,-0.021325,-0.000193,0.000114
-0.010168,-0.001178,4939.283154,7.408289,0.005764,0.019992,-0.021393,-0.000272,0.000137
-0.011252,-0.000993,4940.283008,7.386863,0.005445,0.020138,-0.021465,-0.000367,0.000155
-0.012159,-0.000825,4941.282863,7.365365,0.005022,0.020299,-0.021538,-0.000478,0.000167
-0.012911,-0.000686,4942.282718,7.343793,0.004481,0.020469,-0.021611,-0.000603,0.000174
-0.013544,-0.000586,4943.282573,7.32215,0.003812,0.020643,-0.021682,-0.000736,0.000173
-0.014099,-0.000532,4944.282428,7.300438,0.003009,0.020813,-0.021749,-0.00087,0.000167
-0.014625,-0.000529,4945.282283,7.278663,0.002075,0.020973,-0.021808,-0.000998,0.000153
-0.015173,-0.000575,4946.282138,7.256833,0.001022,0.021117,-0.021857,-0.00111,0.000135
-0.015788,-0.000661,4947.281993,7.23496,-0.000132,0.02124,-0.021895,-0.001198,0.000112
-0.016504,-0.000777,4948.281848,7.213057,-0.001358,0.021338,-0.021919,-0.001254,0.000085
-0.017344,-0.000905,4949.281702,7.191137,-0.002622,0.021409,-0.021926,-0.001275,0.000056
-0.018313,-0.00103,4950.281557,7.169219,-0.003888,0.02145,-0.021917,-0.001258,0.000026
-0.019396,-0.001134,4951.281412,7.147319,-0.00512,0.021461,-0.021889,-0.001205,-0.000003
-0.020569,-0.001205,4952.281267,7.125457,-0.006281,0.021445,-0.021842,-0.001118,-0.000029
-0.021792,-0.001234,4953.281122,7.10365,-0.007342,0.021404,-0.021776,-0.001004,-0.000053
-0.023021,-0.001217,4954.280977,7.08192,-0.008277,0.021342,-0.021691,-0.000867,-0.000071
-0.02421,-0.001156,4955.280832,7.060285,-0.009068,0.021264,-0.021586,-0.000715,-0.000084
-0.025318,-0.001056,4956.280687,7.038765,-0.009703,0.021177,-0.021461,-0.000556,-0.000091
-0.026312,-0.000929,4957.280542,7.017379,-0.010181,0.021086,-0.021318,-0.000398,-0.000091
-0.02717,-0.000788,4958.280396,6.996146,-0.010503,0.020999,-0.021155,-0.000248,-0.000084
-0.027886,-0.000645,4959.280251,6.975086,-0.010683,0.020921,-0.020972,-0.000111,-0.000072
-0.028462,-0.000512,4960.280106,6.954218,-0.010733,0.020858,-0.02077,0.000009,-0.000054
-0.028915,-0.000398,4961.279961,6.933562,-0.010674,0.020815,-0.020548,0.000109,-0.000033
-0.029265,-0.000309,4962.279816,6.913138,-0.010525,0.020794,-0.020305,0.000189,-0.000009
-0.02954,-0.000246,4963.279671,6.892967,-0.010306,0.020798,-0.020042,0.000249,0.000016
-0.029765,-0.000209,4964.279526,6.87307,-0.010035,0.020827,-0.019758,0.000292,0.000041
-0.029965,-0.000194,4965.279381,6.853467,-0.009729,0.02088,-0.019453,0.00032,0.000065
-0.030159,-0.000198,4966.279236,6.834179,-0.009401,0.020955,-0.019127,0.000336,0.000086
-0.030364,-0.000213,4967.27909,6.815228,-0.00906,0.021049,-0.01878,0.000345,0.000103
-0.030587,-0.000234,4968.278945,6.796635,-0.008714,0.021159,-0.018412,0.000348,0.000117
-0.030832,-0.000256,4969.2788,6.778419,-0.008366,0.02128,-0.018024,0.000349,0.000125
-0.031097,-0.000273,4970.278655,6.760603,-0.008016,0.021407,-0.017615,0.00035,0.00013
-0.031375,-0.000282,4971.27851,6.743204,-0.007665,0.021537,-0.017187,0.000353,0.000129
-0.031656,-0.000278,4972.278365,6.726242,-0.007309,0.021663,-0.016742,0.000358,0.000124
-0.031927,-0.000261,4973.27822,6.709734,-0.006948,0.021783,-0.016279,0.000366,0.000115
-0.032172,-0.000228,4974.278075,6.693696,-0.006577,0.021891,-0.015801,0.000376,0.000102
-0.032377,-0.000179,4975.27793,6.678143,-0.006194,0.021986,-0.015309,0.000389,0.000087
-0.032525,-0.000115,4976.277784,6.663088,-0.005797,0.022063,-0.014805,0.000405,0.000069
-0.032602,-0.000038,4977.277639,6.648542,-0.005385,0.022122,-0.014291,0.000421,0.000049
-0.032596,0.000053,4978.277494,6.634514,-0.004956,0.02216,-0.013769,0.000437,0.000028
-0.032494,0.000154,4979.277349,6.621011,-0.004511,0.022178,-0.013241,0.000452,0.000007
-0.032287,0.000259,4980.277204,6.608038,-0.004053,0.022173,-0.012709,0.000465,-0.000015
-0.031975,0.000365,4981.277059,6.595598,-0.003583,0.022148,-0.012175,0.000475,-0.000036
-0.031557,0.000472,4982.276914,6.583692,-0.003105,0.022101,-0.01164,0.000482,-0.000057
-0.031032,0.000578,4983.276769,6.57232,-0.002622,0.022034,-0.011109,0.000485,-0.000077
-0.030402,0.000681,4984.276624,6.561477,-0.002137,0.021946,-0.010581,0.000484,-0.000097
-0.029671,0.00078,4985.276478,6.551159,-0.001655,0.02184,-0.010058,0.000481,-0.000116
-0.028845,0.000872,4986.276333,6.541359,-0.001177,0.021714,-0.009544,0.000475,-0.000135
-0.02793,0.000957,4987.276188,6.53207,-0.000705,0.021571,-0.009038,0.000468,-0.000152
-0.026934,0.001033,4988.276043,6.523281,-0.000242,0.02141,-0.008543,0.00046,-0.000169
-0.025868,0.001097,4989.275898,6.514981,0.000214,0.021233,-0.008059,0.000452,-0.000185
-0.024744,0.001151,4990.275753,6.507159,0.000661,0.02104,-0.007588,0.000444,-0.000201
-0.023568,0.001199,4991.275608,6.4998,0.001102,0.020832,-0.007131,0.000438,-0.000215
-0.02235,0.001237,4992.275463,6.492892,0.001537,0.020611,-0.006688,0.000433,-0.000227
-0.021098,0.001266,4993.275318,6.486418,0.001968,0.020378,-0.006261,0.000429,-0.000239
-0.019823,0.001285,4994.275172,6.480364,0.002395,0.020135,-0.005849,0.000425,-0.000248
-0.018533,0.001295,4995.275027,6.474714,0.002819,0.019883,-0.005454,0.000422,-0.000255
-0.017237,0.001296,4996.274882,6.46945,0.003238,0.019625,-0.005075,0.000418,-0.000262
-0.015944,0.001289,4997.274737,6.464557,0.003654,0.01936,-0.004713,0.000413,-0.000267
-0.014663,0.001274,4998.274592,6.460017,0.004064,0.01909,-0.004368,0.000407,-0.000272
-0.0134,0.001252,4999.274447,6.455814,0.004468,0.018816,-0.00404,0.000401,-0.000277
-0.012163,0.001223,5000.274302,6.451931,0.004865,0.018536,-0.003729,0.000393,-0.000282
-0.010956,0.00119,5001.274157,6.448349,0.005254,0.018252,-0.003435,0.000385,-0.000287
-0.009785,0.001151,5002.274012,6.445054,0.005635,0.017963,-0.003158,0.000377,-0.000292
-0.008655,0.001109,5003.273866,6.442027,0.006009,0.017669,-0.002897,0.00037,-0.000297
-0.007568,0.001064,5004.273721,6.439252,0.006374,0.017369,-0.002653,0.000362,-0.000303
-0.006528,0.001017,5005.273576,6.436714,0.006733,0.017063,-0.002425,0.000355,-0.000308
-0.005535,0.000969,5006.273431,6.434395,0.007084,0.016752,-0.002213,0.000348,-0.000314
-0.004591,0.00092,5007.273286,6.432281,0.007429,0.016435,-0.002016,0.000342,-0.00032
-0.003696,0.000871,5008.273141,6.430356,0.007768,0.016112,-0.001834,0.000336,-0.000326
-0.00285,0.000823,5009.272996,6.428606,0.008101,0.015782,-0.001668,0.000331,-0.000332
-0.002051,0.000775,5010.272851,6.427015,0.00843,0.015447,-0.001515,0.000326,-0.000338
-0.001298,0.00073,5011.272706,6.42557,0.008753,0.015106,-0.001376,0.000322,-0.000345
-0.000591,0.000686,5012.27256,6.424257,0.009073,0.014758,-0.00125,0.000317,-0.000351
0.000074,0.000644,5013.272415,6.423064,0.009388,0.014405,-0.001136,0.000313,-0.000356
0.000698,0.000604,5014.27227,6.421979,0.009699,0.014045,-0.001035,0.000309,-0.000362
0.001282,0.000565,5015.272125,6.420989,0.010006,0.01368,-0.000945,0.000305,-0.000368
0.001828,0.000527,5016.27198,6.420085,0.010308,0.01331,-0.000865,0.0003,-0.000374
0.002336,0.00049,5017.271835,6.419255,0.010606,0.012933,-0.000796,0.000296,-0.000379
0.002807,0.000453,5018.27169,6.418489,0.010899,0.012552,-0.000735,0.000291,-0.000384
0.003242,0.000417,5019.271545,6.41778,0.011187,0.012165,-0.000683,0.000285,-0.000389
0.003642,0.000382,5020.2714,6.417119,0.01147,0.011773,-0.000639,0.00028,-0.000394
0.004006,0.000346,5021.271254,6.416499,0.011747,0.011376,-0.000602,0.000274,-0.000399
0.004333,0.000309,5022.271109,6.415913,0.012017,0.010975,-0.000571,0.000268,-0.000404
0.004623,0.00027,5023.270964,6.415355,0.012282,0.010568,-0.000545,0.000261,-0.000409
0.004873,0.000228,5024.270819,6.41482,0.01254,0.010158,-0.000524,0.000255,-0.000413
0.005078,0.000182,5025.270674,6.414304,0.012791,0.009743,-0.000508,0.000248,-0.000417
0.005234,0.00013,5026.270529,6.413803,0.013036,0.009324,-0.000494,0.000241,-0.000421
0.005337,0.000076,5027.270384,6.413315,0.013273,0.008901,-0.000483,0.000234,-0.000425
0.005386,0.000021,5028.270239,6.412836,0.013503,0.008474,-0.000475,0.000227,-0.000428
0.005381,-0.000031,5029.270094,6.412364,0.013726,0.008045,-0.000468,0.000219,-0.000431
0.005324,-0.000081,5030.269948,6.411899,0.013942,0.007612,-0.000462,0.000212,-0.000434
0.005219,-0.000128,5031.269803,6.411439,0.01415,0.007178,-0.000458,0.000204,-0.000436
0.00507,-0.000169,5032.269658,6.410984,0.01435,0.006741,-0.000453,0.000196,-0.000437
0.004882,-0.000207,5033.269513,6.410533,0.014541,0.006303,-0.000449,0.000187,-0.000439
0.004659,-0.000239,5034.269368,6.410086,0.014724,0.005864,-0.000445,0.000178,-0.00044
0.004406,-0.000267,5035.269223,6.409644,0.014896,0.005424,-0.00044,0.000168,-0.000441
0.004126,-0.000291,5036.269078,6.409205,0.01506,0.004982,-0.000436,0.000158,-0.000442
0.003825,-0.000311,5037.268933,6.408772,0.015212,0.004541,-0.000431,0.000147,-0.000442
0.003506,-0.000327,5038.268788,6.408344,0.015354,0.004099,-0.000426,0.000137,-0.000442
0.003172,-0.000341,5039.268642,6.407921,0.015485,0.003656,-0.00042,0.000126,-0.000442
0.002825,-0.000353,5040.268497,6.407505,0.015605,0.003214,-0.000414,0.000114,-0.000442
0.002467,-0.000362,5041.268352,6.407094,0.015714,0.002772,-0.000407,0.000103,-0.000442
0.0021,-0.00037,5042.268207,6.40669,0.015811,0.00233,-0.000401,0.000091,-0.000441
0.001726,-0.000377,5043.268062,6.406293,0.015896,0.001889,-0.000394,0.00008,-0.000441
0.001346,-0.000383,5044.267917,6.405902,0.01597,0.001449,-0.000387,0.000068,-0.00044
0.00096,-0.000389,5045.267772,6.405519,0.016032,0.00101,-0.00038,0.000056,-0.000439
0.000568,-0.000394,5046.267627,6.405143,0.016082,0.000572,-0.000373,0.000045,-0.000437
0.000172,-0.000399,5047.267482,6.404774,0.016121,0.000136,-0.000365,0.000033,-0.000435
-0.000229,-0.000403,5048.267336,6.404412,0.016148,-0.000298,-0.000358,0.000021,-0.000434
-0.000635,-0.000408,5049.267191,6.404057,0.016164,-0.000731,-0.000351,0.00001,-0.000431
-0.001045,-0.000412,5050.267046,6.40371,0.016168,-0.001161,-0.000344,-0.000002,-0.000429
-0.001459,-0.000416,5051.266901,6.403369,0.016161,-0.001589,-0.000337,-0.000013,-0.000426
-0.001877,-0.000421,5052.266756,6.403036,0.016142,-0.002013,-0.00033,-0.000024,-0.000424
-0.0023,-0.000425,5053.266611,6.402709,0.016112,-0.002435,-0.000324,-0.000036,-0.00042
-0.002726,-0.000428,5054.266466,6.402388,0.01607,-0.002854,-0.000317,-0.000047,-0.000417
-0.003156,-0.000432,5055.266321,6.402075,0.016018,-0.00327,-0.000311,-0.000058,-0.000414
-0.00359,-0.000435,5056.266176,6.401767,0.015954,-0.003681,-0.000305,-0.000069,-0.00041
-0.004026,-0.000438,5057.26603,6.401465,0.01588,-0.004089,-0.000299,-0.00008,-0.000406
-0.004465,-0.00044,5058.265885,6.40117,0.015795,-0.004493,-0.000293,-0.00009,-0.000402
-0.004907,-0.000442,5059.26574,6.40088,0.0157,-0.004893,-0.000287,-0.000101,-0.000398
-0.00535,-0.000444,5060.265595,6.400596,0.015594,-0.005288,-0.000281,-0.000111,-0.000393
-0.005794,-0.000445,5061.26545,6.400318,0.015478,-0.005679,-0.000276,-0.000121,-0.000388
-0.006239,-0.000445,5062.265305,6.400045,0.015352,-0.006064,-0.00027,-0.000131,-0.000384
-0.006684,-0.000445,5063.26516,6.399777,0.015217,-0.006445,-0.000265,-0.00014,-0.000379
-0.00713,-0.000445,5064.265015,6.399515,0.015072,-0.006821,-0.000259,-0.000149,-0.000373
-0.007574,-0.000444,5065.26487,6.399259,0.014918,-0.007192,-0.000254,-0.000158,-0.000368
-0.008017,-0.000443,5066.264724,6.399007,0.014756,-0.007557,-0.000249,-0.000167,-0.000363
-0.008459,-0.000441,5067.264579,6.39876,0.014584,-0.007917,-0.000244,-0.000175,-0.000357
-0.008899,-0.000439,5068.264434,6.398519,0.014405,-0.008271,-0.000239,-0.000183,-0.000351
-0.009336,-0.000436,5069.264289,6.398282,0.014219,-0.00862,-0.000234,-0.00019,-0.000346
-0.009771,-0.000433,5070.264144,6.398051,0.014025,-0.008962,-0.000229,-0.000197,-0.00034
-0.010202,-0.00043,5071.263999,6.397824,0.013825,-0.009299,-0.000224,-0.000204,-0.000334
-0.01063,-0.000426,5072.263854,6.397602,0.013618,-0.009629,-0.00022,-0.00021,-0.000328
-0.011054,-0.000422,5073.263709,6.397385,0.013405,-0.009954,-0.000215,-0.000216,-0.000321
-0.011474,-0.000418,5074.263564,6.397172,0.013187,-0.010272,-0.00021,-0.000221,-0.000315
-0.011889,-0.000414,5075.263418,6.396964,0.012963,-0.010584,-0.000206,-0.000226,-0.000309
-0.0123,-0.000409,5076.263273,6.396761,0.012734,-0.01089,-0.000201,-0.000231,-0.000303
-0.012707,-0.000404,5077.263128,6.396562,0.012501,-0.011189,-0.000197,-0.000235,-0.000296
-0.013109,-0.000399,5078.262983,6.396367,0.012264,-0.011482,-0.000192,-0.000239,-0.00029
-0.013506,-0.000394,5079.262838,6.396177,0.012023,-0.011768,-0.000188,-0.000243,-0.000283
-0.013897,-0.000389,5080.262693,6.395992,0.011779,-0.012048,-0.000184,-0.000246,-0.000277
-0.014284,-0.000384,5081.262548,6.39581,0.011531,-0.012322,-0.000179,-0.000249,-0.00027
-0.014665,-0.000379,5082.262403,6.395633,0.011281,-0.012589,-0.000175,-0.000251,-0.000264
-0.015041,-0.000373,5083.262258,6.39546,0.011029,-0.01285,-0.000171,-0.000253,-0.000257
-0.015412,-0.000368,5084.262112,6.39529,0.010775,-0.013103,-0.000167,-0.000255,-0.000251
-0.015777,-0.000363,5085.261967,6.395125,0.010519,-0.013351,-0.000163,-0.000256,-0.000244
-0.016137,-0.000357,5086.261822,6.394964,0.010262,-0.013592,-0.000159,-0.000257,-0.000238
-0.016491,-0.000352,5087.261677,6.394807,0.010005,-0.013826,-0.000156,-0.000258,-0.000231
-0.01684,-0.000346,5088.261532,6.394653,0.009747,-0.014054,-0.000152,-0.000258,-0.000225
-0.017183,-0.00034,5089.261387,6.394503,0.009488,-0.014276,-0.000148,-0.000258,-0.000218
-0.017521,-0.000335,5090.261242,6.394357,0.009231,-0.014491,-0.000145,-0.000258,-0.000212
-0.017852,-0.000329,5091.261097,6.394214,0.008973,-0.0147,-0.000141,-0.000257,-0.000206
-0.018178,-0.000323,5092.260952,6.394075,0.008717,-0.014902,-0.000138,-0.000256,-0.000199
-0.018499,-0.000317,5093.260806,6.393939,0.008461,-0.015099,-0.000134,-0.000255,-0.000193
-0.018813,-0.000312,5094.260661,6.393806,0.008208,-0.015289,-0.000131,-0.000253,-0.000187
-0.019122,-0.000306,5095.260516,6.393677,0.007955,-0.015473,-0.000128,-0.000251,-0.000181
-0.019425,-0.0003,5096.260371,6.393551,0.007705,-0.01565,-0.000124,-0.000249,-0.000175
-0.019722,-0.000294,5097.260226,6.393429,0.007458,-0.015822,-0.000121,-0.000247,-0.000169
-0.020013,-0.000288,5098.260081,6.393309,0.007212,-0.015988,-0.000118,-0.000244,-0.000163
-0.020298,-0.000283,5099.259936,6.393193,0.00697,-0.016148,-0.000115,-0.000241,-0.000157
-0.020578,-0.000277,5100.259791,6.393079,0.00673,-0.016303,-0.000112,-0.000238,-0.000152
-0.020852,-0.000271,5101.259646,6.392969,0.006493,-0.016451,-0.000109,-0.000235,-0.000146
-0.02112,-0.000265,5102.2595,6.392861,0.00626,-0.016594,-0.000106,-0.000232,-0.00014
-0.021382,-0.000259,5103.259355,6.392756,0.00603,-0.016732,-0.000103,-0.000228,-0.000135
-0.021638,-0.000253,5104.25921,6.392654,0.005804,-0.016864,-0.0001,-0.000224,-0.00013
-0.021889,-0.000248,5105.259065,6.392555,0.005582,-0.016991,-0.000098,-0.00022,-0.000124
-0.022133,-0.000242,5106.25892,6.392459,0.005364,-0.017113,-0.000095,-0.000216,-0.000119
-0.022373,-0.000236,5107.258775,6.392365,0.005149,-0.01723,-0.000092,-0.000212,-0.000114
-0.022606,-0.000231,5108.25863,6.392274,0.004939,-0.017342,-0.00009,-0.000208,-0.000109
-0.022834,-0.000225,5109.258485,6.392186,0.004734,-0.017449,-0.000087,-0.000204,-0.000105
-0.023056,-0.00022,5110.25834,6.3921,0.004532,-0.017551,-0.000085,-0.000199,-0.0001
-0.023273,-0.000214,5111.258194,6.392016,0.004335,-0.017649,-0.000082,-0.000195,-0.000095
-0.023484,-0.000209,5112.258049,6.391935,0.004143,-0.017742,-0.00008,-0.00019,-0.000091
-0.02369,-0.000203,5113.257904,6.391857,0.003954,-0.01783,-0.000077,-0.000186,-0.000087
-0.02389,-0.000198,5114.257759,6.391781,0.003771,-0.017915,-0.000075,-0.000181,-0.000082
-0.024085,-0.000192,5115.257614,6.391707,0.003592,-0.017995,-0.000073,-0.000177,-0.000078
-0.024275,-0.000187,5116.257469,6.391635,0.003418,-0.018071,-0.00007,-0.000172,-0.000074
-0.024459,-0.000182,5117.257324,6.391566,0.003248,-0.018143,-0.000068,-0.000167,-0.00007
-0.024639,-0.000177,5118.257179,6.391499,0.003083,-0.018212,-0.000066,-0.000163,-0.000067
-0.024813,-0.000172,5119.257034,6.391434,0.002922,-0.018276,-0.000064,-0.000158,-0.000063
-0.024982,-0.000167,5120.256888,6.391371,0.002767,-0.018338,-0.000062,-0.000153,-0.000059
-0.025146,-0.000162,5121.256743,6.391311,0.002616,-0.018395,-0.00006,-0.000149,-0.000056
-0.025305,-0.000157,5122.256598,6.391252,0.002469,-0.01845,-0.000057,-0.000144,-0.000053
-0.025459,-0.000152,5123.256453,6.391196,0.002328,-0.018501,-0.000055,-0.000139,-0.00005
-0.025608,-0.000147,5124.256308,6.391141,0.002191,-0.018549,-0.000053,-0.000134,-0.000047
-0.025753,-0.000142,5125.256163,6.391089,0.00206,-0.018594,-0.000051,-0.000129,-0.000044
-0.025893,-0.000138,5126.256018,6.391038,0.001933,-0.018636,-0.00005,-0.000125,-0.000041
-0.026028,-0.000133,5127.255873,6.39099,0.001811,-0.018676,-0.000048,-0.00012,-0.000038
-0.026159,-0.000129,5128.255728,6.390943,0.001693,-0.018713,-0.000046,-0.000115,-0.000036
-0.026285,-0.000124,5129.255582,6.390898,0.00158,-0.018747,-0.000044,-0.000111,-0.000033
-0.026407,-0.00012,5130.255437,6.390855,0.001471,-0.018779,-0.000042,-0.000107,-0.000031
-0.026525,-0.000116,5131.255292,6.390814,0.001366,-0.018809,-0.00004,-0.000103,-0.000029
-0.026638,-0.000111,5132.255147,6.390775,0.001264,-0.018837,-0.000038,-0.000099,-0.000027
-0.026747,-0.000107,5133.255002,6.390737,0.001167,-0.018863,-0.000037,-0.000096,-0.000025
-0.026852,-0.000103,5134.254857,6.390702,0.001073,-0.018886,-0.000035,-0.000092,-0.000023
-0.026953,-0.000099,5135.254712,6.390667,0.000983,-0.018908,-0.000033,-0.000088,-0.000021
-0.02705,-0.000095,5136.254567,6.390635,0.000896,-0.018928,-0.000032,-0.000085,-0.000019
-0.027143,-0.000091,5137.254422,6.390604,0.000813,-0.018947,-0.00003,-0.000081,-0.000018
-0.027233,-0.000087,5138.254276,6.390575,0.000734,-0.018963,-0.000028,-0.000078,-0.000016
-0.027318,-0.000083,5139.254131,6.390548,0.000658,-0.018979,-0.000027,-0.000074,-0.000014
-0.027399,-0.00008,5140.253986,6.390522,0.000585,-0.018992,-0.000025,-0.000071,-0.000013
-0.027477,-0.000076,5141.253841,6.390497,0.000516,-0.019005,-0.000024,-0.000068,-0.000012
-0.027551,-0.000072,5142.253696,6.390474,0.00045,-0.019016,-0.000022,-0.000064,-0.000011
-0.027622,-0.000069,5143.253551,6.390453,0.000387,-0.019026,-0.000021,-0.000061,-0.000009
-0.027688,-0.000065,5144.253406,6.390433,0.000327,-0.019035,-0.000019,-0.000058,-0.000008
-0.027752,-0.000062,5145.253261,6.390415,0.00027,-0.019042,-0.000018,-0.000055,-0.000007
-0.027812,-0.000058,5146.253116,6.390398,0.000217,-0.019049,-0.000016,-0.000052,-0.000006
-0.027869,-0.000055,5147.25297,6.390383,0.000165,-0.019055,-0.000015,-0.00005,-0.000005
-0.027922,-0.000052,5148.252825,6.390369,0.000117,-0.01906,-0.000013,-0.000047,-0.000005
-0.027972,-0.000049,5149.25268,6.390357,0.000071,-0.019064,-0.000012,-0.000045,-0.000004
-0.028019,-0.000045,5150.252535,6.390346,0.000027,-0.019068,-0.00001,-0.000042,-0.000003
-0.028063,-0.000042,5151.25239,6.390336,-0.000014,-0.019071,-0.000009,-0.00004,-0.000002
-0.028104,-0.000039,5152.252245,6.390328,-0.000053,-0.019073,-0.000008,-0.000038,-0.000002
-0.028142,-0.000036,5153.2521,6.390321,-0.000089,-0.019074,-0.000006,-0.000036,-0.000001
-0.028176,-0.000033,5154.251955,6.390315,-0.000124,-0.019076,-0.000005,-0.000034,-0.000001
-0.028208,-0.000031,5155.25181,6.390311,-0.000157,-0.019076,-0.000004,-0.000032,0
-0.028238,-0.000028,5156.251665,6.390308,-0.000188,-0.019076,-0.000002,-0.00003,0
-0.028264,-0.000025,5157.251519,6.390306,-0.000217,-0.019076,-0.000001,-0.000028,0
-0.028288,-0.000022,5158.251374,6.390306,-0.000244,-0.019075,0,-0.000026,0.000001
-0.028309,-0.00002,5159.251229,6.390306,-0.00027,-0.019074,0.000001,-0.000025,0.000001
-0.028327,-0.000017,5160.251084,6.390309,-0.000294,-0.019073,0.000003,-0.000023,0.000001
-0.028343,-0.000014,5161.250939,6.390312,-0.000316,-0.019071,0.000004,-0.000022,0.000002
-0.028356,-0.000012,5162.250794,6.390316,-0.000337,-0.01907,0.000005,-0.00002,0.000002
-0.028366,-0.000009,5163.250649,6.390322,-0.000357,-0.019067,0.000006,-0.000019,0.000002
-0.028374,-0.000007,5164.250504,6.390329,-0.000375,-0.019065,0.000007,-0.000018,0.000002
-0.02838,-0.000004,5165.250359,6.390337,-0.000392,-0.019063,0.000009,-0.000016,0.000003
-0.028383,-0.000002,5166.250213,6.390346,-0.000408,-0.01906,0.00001,-0.000015,0.000003
-0.028384,0,5167.250068,6.390356,-0.000422,-0.019057,0.000011,-0.000014,0.000003
-0.028382,0.000003,5168.249923,6.390367,-0.000436,-0.019054,0.000012,-0.000013,0.000003
-0.028378,0.000005,5169.249778,6.39038,-0.000448,-0.01905,0.000013,-0.000012,0.000003
-0.028372,0.000007,5170.249633,6.390394,-0.000459,-0.019047,0.000014,-0.000011,0.000004
-0.028364,0.00001,5171.249488,6.390408,-0.00047,-0.019043,0.000015,-0.00001,0.000004
-0.028353,0.000012,5172.249343,6.390424,-0.000479,-0.019039,0.000016,-0.000009,0.000004
-0.02834,0.000014,5173.249198,6.390441,-0.000488,-0.019035,0.000017,-0.000008,0.000004
-0.028325,0.000016,5174.249053,6.390459,-0.000496,-0.019031,0.000018,-0.000007,0.000004
-0.028308,0.000018,5175.248907,6.390478,-0.000503,-0.019026,0.000019,-0.000007,0.000005
-0.028289,0.00002,5176.248762,6.390498,-0.000509,-0.019022,0.00002,-0.000006,0.000005
-0.028268,0.000022,5177.248617,6.390519,-0.000515,-0.019017,0.000021,-0.000005,0.000005
-0.028244,0.000024,5178.248472,6.39054,-0.000519,-0.019012,0.000022,-0.000005,0.000005
-0.028219,0.000026,5179.248327,6.390563,-0.000524,-0.019007,0.000023,-0.000004,0.000005
-0.028191,0.000029,5180.248182,6.390587,-0.000527,-0.019001,0.000024,-0.000003,0.000006
-0.028162,0.000031,5181.248037,6.390612,-0.00053,-0.018995,0.000025,-0.000003,0.000006
-0.02813,0.000033,5182.247892,6.390638,-0.000533,-0.018989,0.000026,-0.000002,0.000006
-0.028097,0.000035,5183.247747,6.390665,-0.000535,-0.018983,0.000027,-0.000002,0.000006
-0.028061,0.000037,5184.247601,6.390692,-0.000536,-0.018977,0.000028,-0.000001,0.000007
-0.028024,0.000039,5185.247456,6.390721,-0.000537,-0.01897,0.000029,-0.000001,0.000007
-0.027984,0.000041,5186.247311,6.39075,-0.000538,-0.018963,0.00003,0,0.000007
-0.027943,0.000042,5187.247166,6.390781,-0.000538,-0.018956,0.000031,0,0.000007
-0.027899,0.000044,5188.247021,6.390812,-0.000537,-0.018948,0.000032,0.000001,0.000008
-0.027854,0.000046,5189.246876,6.390845,-0.000536,-0.01894,0.000033,0.000001,0.000008
-0.027807,0.000048,5190.246731,6.390878,-0.000535,-0.018932,0.000034,0.000001,0.000008
-0.027757,0.00005,5191.246586,6.390912,-0.000534,-0.018923,0.000034,0.000002,0.000009
-0.027706,0.000052,5192.246441,6.390947,-0.000532,-0.018914,0.000035,0.000002,0.000009
-0.027654,0.000054,5193.246295,6.390982,-0.00053,-0.018905,0.000036,0.000002,0.00001
-0.027599,0.000056,5194.24615,6.391019,-0.000527,-0.018895,0.000037,0.000003,0.00001
-0.027542,0.000058,5195.246005,6.391056,-0.000524,-0.018885,0.000038,0.000003,0.00001
-0.027484,0.000059,5196.24586,6.391095,-0.000521,-0.018874,0.000039,0.000003,0.000011
-0.027424,0.000061,5197.245715,6.391134,-0.000518,-0.018863,0.000039,0.000003,0.000011
-0.027361,0.000063,5198.24557,6.391173,-0.000514,-0.018851,0.00004,0.000004,0.000012
-0.027297,0.000065,5199.245425,6.391214,-0.000511,-0.018839,0.000041,0.000004,0.000012
-0.027231,0.000067,5200.24528,6.391255,-0.000506,-0.018827,0.000042,0.000004,0.000013
-0.027163,0.000069,5201.245135,6.391297,-0.000502,-0.018814,0.000042,0.000004,0.000013
-0.027093,0.000071,5202.244989,6.39134,-0.000498,-0.0188,0.000043,0.000005,0.000014
-0.02702,0.000074,5203.244844,6.391383,-0.000493,-0.018786,0.000044,0.000005,0.000014
-0.026945,0.000076,5204.244699,6.391427,-0.000488,-0.018772,0.000044,0.000005,0.000015
-0.026868,0.000078,5205.244554,6.391472,-0.000483,-0.018757,0.000045,0.000005,0.000015
-0.026788,0.000081,5206.244409,6.391517,-0.000478,-0.018741,0.000046,0.000005,0.000016
-0.026706,0.000084,5207.244264,6.391563,-0.000473,-0.018725,0.000046,0.000005,0.000016
-0.026621,0.000086,5208.244119,6.39161,-0.000468,-0.018708,0.000047,0.000005,0.000017
-0.026533,0.000089,5209.243974,6.391657,-0.000462,-0.018691,0.000048,0.000006,0.000017
-0.026443,0.000092,5210.243829,6.391705,-0.000456,-0.018674,0.000048,0.000006,0.000018
-0.026349,0.000095,5211.243683,6.391754,-0.000451,-0.018656,0.000049,0.000006,0.000018
-0.026252,0.000098,5212.243538,6.391803,-0.000445,-0.018637,0.00005,0.000006,0.000019
